date,close,source
2010-07-18,0.0858,coinmetrics
2010-07-19,0.0808,coinmetrics
2010-07-20,0.0747,coinmetrics
2010-07-21,0.0792,coinmetrics
2010-07-22,0.0585,coinmetrics
2010-07-23,0.0606,coinmetrics
2010-07-24,0.0545,coinmetrics
2010-07-25,0.0505,coinmetrics
2010-07-26,0.0560,coinmetrics
2010-07-27,0.0586,coinmetrics
2010-07-28,0.0589,coinmetrics
2010-07-29,0.0699,coinmetrics
2010-07-30,0.0647,coinmetrics
2010-07-31,0.0675,coinmetrics
2010-08-01,0.0611,coinmetrics
2010-08-02,0.0600,coinmetrics
2010-08-03,0.0600,coinmetrics
2010-08-04,0.0570,coinmetrics
2010-08-05,0.0610,coinmetrics
2010-08-06,0.0617,coinmetrics
2010-08-07,0.0590,coinmetrics
2010-08-08,0.0609,coinmetrics
2010-08-09,0.0704,coinmetrics
2010-08-10,0.0693,coinmetrics
2010-08-11,0.0670,coinmetrics
2010-08-12,0.0700,coinmetrics
2010-08-13,0.0645,coinmetrics
2010-08-14,0.0670,coinmetrics
2010-08-15,0.0651,coinmetrics
2010-08-16,0.0655,coinmetrics
2010-08-17,0.0700,coinmetrics
2010-08-18,0.0680,coinmetrics
2010-08-19,0.0667,coinmetrics
2010-08-20,0.0655,coinmetrics
2010-08-21,0.0664,coinmetrics
2010-08-22,0.0659,coinmetrics
2010-08-23,0.0649,coinmetrics
2010-08-24,0.0650,coinmetrics
2010-08-25,0.0648,coinmetrics
2010-08-26,0.0641,coinmetrics
2010-08-27,0.0650,coinmetrics
2010-08-28,0.0646,coinmetrics
2010-08-29,0.0640,coinmetrics
2010-08-30,0.0650,coinmetrics
2010-08-31,0.0600,coinmetrics
2010-09-01,0.0620,coinmetrics
2010-09-02,0.0634,coinmetrics
2010-09-03,0.0609,coinmetrics
2010-09-04,0.0622,coinmetrics
2010-09-05,0.0617,coinmetrics
2010-09-06,0.0616,coinmetrics
2010-09-07,0.0612,coinmetrics
2010-09-08,0.0610,coinmetrics
2010-09-09,0.0611,coinmetrics
2010-09-10,0.0610,coinmetrics
2010-09-11,0.0636,coinmetrics
2010-09-12,0.0615,coinmetrics
2010-09-13,0.0622,coinmetrics
2010-09-14,0.0620,coinmetrics
2010-09-15,0.0604,coinmetrics
2010-09-16,0.0619,coinmetrics
2010-09-17,0.0600,coinmetrics
2010-09-18,0.0610,coinmetrics
2010-09-19,0.0627,coinmetrics
2010-09-20,0.0621,coinmetrics
2010-09-21,0.0626,coinmetrics
2010-09-22,0.0619,coinmetrics
2010-09-23,0.0622,coinmetrics
2010-09-24,0.0622,coinmetrics
2010-09-25,0.0620,coinmetrics
2010-09-26,0.0620,coinmetrics
2010-09-27,0.0622,coinmetrics
2010-09-28,0.0619,coinmetrics
2010-09-29,0.0619,coinmetrics
2010-09-30,0.0619,coinmetrics
2010-10-01,0.0620,coinmetrics
2010-10-02,0.0614,coinmetrics
2010-10-03,0.0611,coinmetrics
2010-10-04,0.0613,coinmetrics
2010-10-05,0.0614,coinmetrics
2010-10-06,0.0628,coinmetrics
2010-10-07,0.0670,coinmetrics
2010-10-08,0.0845,coinmetrics
2010-10-09,0.0938,coinmetrics
2010-10-10,0.0971,coinmetrics
2010-10-11,0.0950,coinmetrics
2010-10-12,0.0949,coinmetrics
2010-10-13,0.1049,coinmetrics
2010-10-14,0.1020,coinmetrics
2010-10-15,0.1050,coinmetrics
2010-10-16,0.1010,coinmetrics
2010-10-17,0.1020,coinmetrics
2010-10-18,0.1024,coinmetrics
2010-10-19,0.0975,coinmetrics
2010-10-20,0.0990,coinmetrics
2010-10-21,0.1070,coinmetrics
2010-10-22,0.1025,coinmetrics
2010-10-23,0.1046,coinmetrics
2010-10-24,0.1150,coinmetrics
2010-10-25,0.1391,coinmetrics
2010-10-26,0.1510,coinmetrics
2010-10-27,0.1877,coinmetrics
2010-10-28,0.1731,coinmetrics
2010-10-29,0.1900,coinmetrics
2010-10-30,0.1976,coinmetrics
2010-10-31,0.1925,coinmetrics
2010-11-01,0.1945,coinmetrics
2010-11-02,0.1938,coinmetrics
2010-11-03,0.1931,coinmetrics
2010-11-04,0.2293,coinmetrics
2010-11-05,0.2591,coinmetrics
2010-11-06,0.4010,coinmetrics
2010-11-07,0.3400,coinmetrics
2010-11-08,0.2432,coinmetrics
2010-11-09,0.2173,coinmetrics
2010-11-10,0.2296,coinmetrics
2010-11-11,0.2231,coinmetrics
2010-11-12,0.2682,coinmetrics
2010-11-13,0.2760,coinmetrics
2010-11-14,0.2790,coinmetrics
2010-11-15,0.2685,coinmetrics
2010-11-16,0.2250,coinmetrics
2010-11-17,0.2419,coinmetrics
2010-11-18,0.2691,coinmetrics
2010-11-19,0.2783,coinmetrics
2010-11-20,0.2830,coinmetrics
2010-11-21,0.2767,coinmetrics
2010-11-22,0.2850,coinmetrics
2010-11-23,0.2829,coinmetrics
2010-11-24,0.2829,coinmetrics
2010-11-25,0.2800,coinmetrics
2010-11-26,0.2844,coinmetrics
2010-11-27,0.2830,coinmetrics
2010-11-28,0.2714,coinmetrics
2010-11-29,0.2306,coinmetrics
2010-11-30,0.2082,coinmetrics
2010-12-01,0.2275,coinmetrics
2010-12-02,0.2550,coinmetrics
2010-12-03,0.2511,coinmetrics
2010-12-04,0.2050,coinmetrics
2010-12-05,0.2029,coinmetrics
2010-12-06,0.2040,coinmetrics
2010-12-07,0.2334,coinmetrics
2010-12-08,0.2388,coinmetrics
2010-12-09,0.2000,coinmetrics
2010-12-10,0.2040,coinmetrics
2010-12-11,0.2280,coinmetrics
2010-12-12,0.2199,coinmetrics
2010-12-13,0.2276,coinmetrics
2010-12-14,0.2467,coinmetrics
2010-12-15,0.2400,coinmetrics
2010-12-16,0.2500,coinmetrics
2010-12-17,0.2427,coinmetrics
2010-12-18,0.2410,coinmetrics
2010-12-19,0.2401,coinmetrics
2010-12-20,0.2670,coinmetrics
2010-12-21,0.2414,coinmetrics
2010-12-22,0.2500,coinmetrics
2010-12-23,0.2500,coinmetrics
2010-12-24,0.2480,coinmetrics
2010-12-25,0.2499,coinmetrics
2010-12-26,0.2650,coinmetrics
2010-12-27,0.2648,coinmetrics
2010-12-28,0.2810,coinmetrics
2010-12-29,0.3000,coinmetrics
2010-12-30,0.3000,coinmetrics
2010-12-31,0.3000,coinmetrics
2011-01-01,0.3000,coinmetrics
2011-01-02,0.3000,coinmetrics
2011-01-03,0.2950,coinmetrics
2011-01-04,0.2989,coinmetrics
2011-01-05,0.2989,coinmetrics
2011-01-06,0.2980,coinmetrics
2011-01-07,0.3200,coinmetrics
2011-01-08,0.3229,coinmetrics
2011-01-09,0.3230,coinmetrics
2011-01-10,0.3266,coinmetrics
2011-01-11,0.3266,coinmetrics
2011-01-12,0.3188,coinmetrics
2011-01-13,0.3176,coinmetrics
2011-01-14,0.4000,coinmetrics
2011-01-15,0.3860,coinmetrics
2011-01-16,0.3868,coinmetrics
2011-01-17,0.3495,coinmetrics
2011-01-18,0.3130,coinmetrics
2011-01-19,0.3130,coinmetrics
2011-01-20,0.3900,coinmetrics
2011-01-21,0.4199,coinmetrics
2011-01-22,0.4400,coinmetrics
2011-01-23,0.4424,coinmetrics
2011-01-24,0.4199,coinmetrics
2011-01-25,0.4100,coinmetrics
2011-01-26,0.4151,coinmetrics
2011-01-27,0.4212,coinmetrics
2011-01-28,0.4445,coinmetrics
2011-01-29,0.4390,coinmetrics
2011-01-30,0.4771,coinmetrics
2011-01-31,0.5251,coinmetrics
2011-02-01,0.7075,coinmetrics
2011-02-02,0.7254,coinmetrics
2011-02-03,0.6939,coinmetrics
2011-02-04,0.8110,coinmetrics
2011-02-05,0.9117,coinmetrics
2011-02-06,0.8980,coinmetrics
2011-02-07,0.8894,coinmetrics
2011-02-08,0.9180,coinmetrics
2011-02-09,1.0160,coinmetrics
2011-02-10,0.9797,coinmetrics
2011-02-11,1.0541,coinmetrics
2011-02-12,1.0787,coinmetrics
2011-02-13,1.0500,coinmetrics
2011-02-14,1.0700,coinmetrics
2011-02-15,1.0500,coinmetrics
2011-02-16,1.0317,coinmetrics
2011-02-17,1.0399,coinmetrics
2011-02-18,0.8990,coinmetrics
2011-02-19,0.9440,coinmetrics
2011-02-20,0.8650,coinmetrics
2011-02-21,0.8357,coinmetrics
2011-02-22,0.8770,coinmetrics
2011-02-23,0.9000,coinmetrics
2011-02-24,0.9891,coinmetrics
2011-02-25,0.9147,coinmetrics
2011-02-26,0.9580,coinmetrics
2011-02-27,0.8950,coinmetrics
2011-02-28,0.8602,coinmetrics
2011-03-01,0.9211,coinmetrics
2011-03-02,0.9399,coinmetrics
2011-03-03,0.9391,coinmetrics
2011-03-04,0.9011,coinmetrics
2011-03-05,0.9078,coinmetrics
2011-03-06,0.8848,coinmetrics
2011-03-07,0.8776,coinmetrics
2011-03-08,0.8661,coinmetrics
2011-03-09,0.8600,coinmetrics
2011-03-10,0.9207,coinmetrics
2011-03-11,0.8800,coinmetrics
2011-03-12,0.9178,coinmetrics
2011-03-13,0.8925,coinmetrics
2011-03-14,0.8939,coinmetrics
2011-03-15,0.8722,coinmetrics
2011-03-16,0.8512,coinmetrics
2011-03-17,0.8254,coinmetrics
2011-03-18,0.8020,coinmetrics
2011-03-19,0.7650,coinmetrics
2011-03-20,0.7415,coinmetrics
2011-03-21,0.7590,coinmetrics
2011-03-22,0.8091,coinmetrics
2011-03-23,0.8497,coinmetrics
2011-03-24,0.8724,coinmetrics
2011-03-25,0.8838,coinmetrics
2011-03-26,0.8552,coinmetrics
2011-03-27,0.8220,coinmetrics
2011-03-28,0.7947,coinmetrics
2011-03-29,0.7925,coinmetrics
2011-03-30,0.7897,coinmetrics
2011-03-31,0.7846,coinmetrics
2011-04-01,0.7741,coinmetrics
2011-04-02,0.7820,coinmetrics
2011-04-03,0.7790,coinmetrics
2011-04-04,0.6800,coinmetrics
2011-04-05,0.7157,coinmetrics
2011-04-06,0.7400,coinmetrics
2011-04-07,0.7538,coinmetrics
2011-04-08,0.7500,coinmetrics
2011-04-09,0.7341,coinmetrics
2011-04-10,0.7332,coinmetrics
2011-04-11,0.7701,coinmetrics
2011-04-12,0.8614,coinmetrics
2011-04-13,0.9303,coinmetrics
2011-04-14,0.9986,coinmetrics
2011-04-15,0.9837,coinmetrics
2011-04-16,1.0466,coinmetrics
2011-04-17,1.0981,coinmetrics
2011-04-18,1.1494,coinmetrics
2011-04-19,1.1852,coinmetrics
2011-04-20,1.1421,coinmetrics
2011-04-21,1.2073,coinmetrics
2011-04-22,1.4045,coinmetrics
2011-04-23,1.8289,coinmetrics
2011-04-24,1.6320,coinmetrics
2011-04-25,1.5645,coinmetrics
2011-04-26,1.7708,coinmetrics
2011-04-27,1.9032,coinmetrics
2011-04-28,2.2857,coinmetrics
2011-04-29,2.8506,coinmetrics
2011-04-30,3.5000,coinmetrics
2011-05-01,3.0942,coinmetrics
2011-05-02,3.2000,coinmetrics
2011-05-03,3.3606,coinmetrics
2011-05-04,3.4087,coinmetrics
2011-05-05,3.3437,coinmetrics
2011-05-06,3.4551,coinmetrics
2011-05-07,3.6413,coinmetrics
2011-05-08,3.8487,coinmetrics
2011-05-09,3.8041,coinmetrics
2011-05-10,5.6517,coinmetrics
2011-05-11,5.4398,coinmetrics
2011-05-12,6.3349,coinmetrics
2011-05-13,8.1390,coinmetrics
2011-05-14,7.0072,coinmetrics
2011-05-15,6.9249,coinmetrics
2011-05-16,7.8851,coinmetrics
2011-05-17,7.2572,coinmetrics
2011-05-18,6.7632,coinmetrics
2011-05-19,6.8901,coinmetrics
2011-05-20,5.6181,coinmetrics
2011-05-21,6.0848,coinmetrics
2011-05-22,6.7120,coinmetrics
2011-05-23,7.0653,coinmetrics
2011-05-24,7.4027,coinmetrics
2011-05-25,8.5693,coinmetrics
2011-05-26,8.7822,coinmetrics
2011-05-27,8.5287,coinmetrics
2011-05-28,8.3493,coinmetrics
2011-05-29,8.4009,coinmetrics
2011-05-30,8.7793,coinmetrics
2011-05-31,8.7216,coinmetrics
2011-06-01,9.6238,coinmetrics
2011-06-02,10.7028,coinmetrics
2011-06-03,14.2646,coinmetrics
2011-06-04,18.3127,coinmetrics
2011-06-05,16.5433,coinmetrics
2011-06-06,18.4021,coinmetrics
2011-06-07,23.2379,coinmetrics
2011-06-08,29.0299,coinmetrics
2011-06-09,28.7905,coinmetrics
2011-06-10,24.0494,coinmetrics
2011-06-11,14.7497,coinmetrics
2011-06-12,18.8501,coinmetrics
2011-06-13,19.5423,coinmetrics
2011-06-14,19.2577,coinmetrics
2011-06-15,19.4641,coinmetrics
2011-06-16,17.9294,coinmetrics
2011-06-17,15.4364,coinmetrics
2011-06-18,16.8754,coinmetrics
2011-06-19,17.5107,coinmetrics
2011-06-20,17.5107,coinmetrics
2011-06-21,17.5107,coinmetrics
2011-06-22,17.5107,coinmetrics
2011-06-23,17.5107,coinmetrics
2011-06-24,17.5107,coinmetrics
2011-06-25,17.5107,coinmetrics
2011-06-26,16.3613,coinmetrics
2011-06-27,16.7523,coinmetrics
2011-06-28,16.9618,coinmetrics
2011-06-29,16.8546,coinmetrics
2011-06-30,16.1853,coinmetrics
2011-07-01,15.4204,coinmetrics
2011-07-02,15.3828,coinmetrics
2011-07-03,15.4576,coinmetrics
2011-07-04,13.8528,coinmetrics
2011-07-05,12.9648,coinmetrics
2011-07-06,14.7148,coinmetrics
2011-07-07,14.7973,coinmetrics
2011-07-08,14.2990,coinmetrics
2011-07-09,14.3815,coinmetrics
2011-07-10,14.6229,coinmetrics
2011-07-11,14.3102,coinmetrics
2011-07-12,14.0213,coinmetrics
2011-07-13,13.9715,coinmetrics
2011-07-14,13.9980,coinmetrics
2011-07-15,13.8064,coinmetrics
2011-07-16,13.7131,coinmetrics
2011-07-17,13.2581,coinmetrics
2011-07-18,13.6305,coinmetrics
2011-07-19,13.8248,coinmetrics
2011-07-20,13.6783,coinmetrics
2011-07-21,13.6118,coinmetrics
2011-07-22,13.6985,coinmetrics
2011-07-23,13.6817,coinmetrics
2011-07-24,13.9925,coinmetrics
2011-07-25,14.0334,coinmetrics
2011-07-26,13.8780,coinmetrics
2011-07-27,13.8782,coinmetrics
2011-07-28,13.4916,coinmetrics
2011-07-29,13.5123,coinmetrics
2011-07-30,13.5403,coinmetrics
2011-07-31,13.3729,coinmetrics
2011-08-01,13.0191,coinmetrics
2011-08-02,12.2142,coinmetrics
2011-08-03,9.2864,coinmetrics
2011-08-04,10.7685,coinmetrics
2011-08-05,9.7302,coinmetrics
2011-08-06,6.9642,coinmetrics
2011-08-07,8.5018,coinmetrics
2011-08-08,7.7753,coinmetrics
2011-08-09,9.8025,coinmetrics
2011-08-10,10.0513,coinmetrics
2011-08-11,9.4384,coinmetrics
2011-08-12,9.4530,coinmetrics
2011-08-13,10.0040,coinmetrics
2011-08-14,10.8068,coinmetrics
2011-08-15,11.1307,coinmetrics
2011-08-16,10.9920,coinmetrics
2011-08-17,10.9640,coinmetrics
2011-08-18,10.8585,coinmetrics
2011-08-19,11.6705,coinmetrics
2011-08-20,11.4597,coinmetrics
2011-08-21,11.3545,coinmetrics
2011-08-22,10.9209,coinmetrics
2011-08-23,10.9172,coinmetrics
2011-08-24,10.8704,coinmetrics
2011-08-25,9.5461,coinmetrics
2011-08-26,8.1269,coinmetrics
2011-08-27,8.5965,coinmetrics
2011-08-28,9.0309,coinmetrics
2011-08-29,8.9612,coinmetrics
2011-08-30,8.8100,coinmetrics
2011-08-31,8.1991,coinmetrics
2011-09-01,8.2343,coinmetrics
2011-09-02,8.6214,coinmetrics
2011-09-03,8.4497,coinmetrics
2011-09-04,8.2035,coinmetrics
2011-09-05,7.5973,coinmetrics
2011-09-06,6.8465,coinmetrics
2011-09-07,7.1630,coinmetrics
2011-09-08,6.6782,coinmetrics
2011-09-09,4.9868,coinmetrics
2011-09-10,4.7428,coinmetrics
2011-09-11,5.8529,coinmetrics
2011-09-12,6.0906,coinmetrics
2011-09-13,5.8025,coinmetrics
2011-09-14,5.5974,coinmetrics
2011-09-15,4.8678,coinmetrics
2011-09-16,4.8312,coinmetrics
2011-09-17,4.7753,coinmetrics
2011-09-18,5.2367,coinmetrics
2011-09-19,5.5204,coinmetrics
2011-09-20,6.1467,coinmetrics
2011-09-21,5.5971,coinmetrics
2011-09-22,5.4751,coinmetrics
2011-09-23,5.5634,coinmetrics
2011-09-24,5.4579,coinmetrics
2011-09-25,5.3411,coinmetrics
2011-09-26,4.8738,coinmetrics
2011-09-27,4.9112,coinmetrics
2011-09-28,4.7634,coinmetrics
2011-09-29,4.7777,coinmetrics
2011-09-30,5.1437,coinmetrics
2011-10-01,5.0341,coinmetrics
2011-10-02,5.0071,coinmetrics
2011-10-03,5.0228,coinmetrics
2011-10-04,4.9568,coinmetrics
2011-10-05,4.8851,coinmetrics
2011-10-06,4.7302,coinmetrics
2011-10-07,4.2760,coinmetrics
2011-10-08,3.9813,coinmetrics
2011-10-09,4.1116,coinmetrics
2011-10-10,4.0750,coinmetrics
2011-10-11,4.0089,coinmetrics
2011-10-12,4.1662,coinmetrics
2011-10-13,4.0370,coinmetrics
2011-10-14,3.9863,coinmetrics
2011-10-15,3.8373,coinmetrics
2011-10-16,3.6097,coinmetrics
2011-10-17,2.5812,coinmetrics
2011-10-18,2.4223,coinmetrics
2011-10-19,2.2172,coinmetrics
2011-10-20,2.3561,coinmetrics
2011-10-21,2.5701,coinmetrics
2011-10-22,3.1555,coinmetrics
2011-10-23,3.1477,coinmetrics
2011-10-24,2.5229,coinmetrics
2011-10-25,2.8019,coinmetrics
2011-10-26,2.7775,coinmetrics
2011-10-27,3.0454,coinmetrics
2011-10-28,3.1796,coinmetrics
2011-10-29,3.5692,coinmetrics
2011-10-30,3.2574,coinmetrics
2011-10-31,3.2651,coinmetrics
2011-11-01,3.1710,coinmetrics
2011-11-02,3.2558,coinmetrics
2011-11-03,3.1683,coinmetrics
2011-11-04,3.1201,coinmetrics
2011-11-05,2.9778,coinmetrics
2011-11-06,2.9627,coinmetrics
2011-11-07,3.0178,coinmetrics
2011-11-08,3.0566,coinmetrics
2011-11-09,2.9196,coinmetrics
2011-11-10,2.8567,coinmetrics
2011-11-11,3.0679,coinmetrics
2011-11-12,3.0255,coinmetrics
2011-11-13,2.9864,coinmetrics
2011-11-14,2.2242,coinmetrics
2011-11-15,2.3224,coinmetrics
2011-11-16,2.5468,coinmetrics
2011-11-17,2.2791,coinmetrics
2011-11-18,2.1051,coinmetrics
2011-11-19,2.2035,coinmetrics
2011-11-20,2.2020,coinmetrics
2011-11-21,2.2799,coinmetrics
2011-11-22,2.3225,coinmetrics
2011-11-23,2.3303,coinmetrics
2011-11-24,2.4389,coinmetrics
2011-11-25,2.4962,coinmetrics
2011-11-26,2.4718,coinmetrics
2011-11-27,2.4776,coinmetrics
2011-11-28,2.5412,coinmetrics
2011-11-29,2.7577,coinmetrics
2011-11-30,2.9660,coinmetrics
2011-12-01,3.0826,coinmetrics
2011-12-02,3.1004,coinmetrics
2011-12-03,2.8039,coinmetrics
2011-12-04,2.8197,coinmetrics
2011-12-05,2.8748,coinmetrics
2011-12-06,3.0254,coinmetrics
2011-12-07,2.9855,coinmetrics
2011-12-08,2.9919,coinmetrics
2011-12-09,2.9558,coinmetrics
2011-12-10,3.0690,coinmetrics
2011-12-11,3.2493,coinmetrics
2011-12-12,3.1873,coinmetrics
2011-12-13,3.2411,coinmetrics
2011-12-14,3.1551,coinmetrics
2011-12-15,3.2031,coinmetrics
2011-12-16,3.2091,coinmetrics
2011-12-17,3.1925,coinmetrics
2011-12-18,3.1940,coinmetrics
2011-12-19,3.5258,coinmetrics
2011-12-20,3.9526,coinmetrics
2011-12-21,3.8890,coinmetrics
2011-12-22,3.9031,coinmetrics
2011-12-23,3.9380,coinmetrics
2011-12-24,3.9394,coinmetrics
2011-12-25,4.2339,coinmetrics
2011-12-26,3.9991,coinmetrics
2011-12-27,4.0955,coinmetrics
2011-12-28,4.2073,coinmetrics
2011-12-29,4.1734,coinmetrics
2011-12-30,4.3106,coinmetrics
2011-12-31,4.7143,coinmetrics
2012-01-01,5.2948,coinmetrics
2012-01-02,5.2049,coinmetrics
2012-01-03,4.8705,coinmetrics
2012-01-04,5.5857,coinmetrics
2012-01-05,6.8740,coinmetrics
2012-01-06,6.6833,coinmetrics
2012-01-07,6.7962,coinmetrics
2012-01-08,7.0967,coinmetrics
2012-01-09,6.2885,coinmetrics
2012-01-10,6.5285,coinmetrics
2012-01-11,6.8891,coinmetrics
2012-01-12,6.7736,coinmetrics
2012-01-13,6.4544,coinmetrics
2012-01-14,6.7617,coinmetrics
2012-01-15,7.0469,coinmetrics
2012-01-16,6.7156,coinmetrics
2012-01-17,5.5996,coinmetrics
2012-01-18,5.9002,coinmetrics
2012-01-19,6.3157,coinmetrics
2012-01-20,6.5015,coinmetrics
2012-01-21,6.1806,coinmetrics
2012-01-22,6.3030,coinmetrics
2012-01-23,6.3749,coinmetrics
2012-01-24,6.2745,coinmetrics
2012-01-25,5.8105,coinmetrics
2012-01-26,5.3672,coinmetrics
2012-01-27,5.3031,coinmetrics
2012-01-28,5.6598,coinmetrics
2012-01-29,5.3914,coinmetrics
2012-01-30,5.5035,coinmetrics
2012-01-31,5.5382,coinmetrics
2012-02-01,6.0752,coinmetrics
2012-02-02,6.0996,coinmetrics
2012-02-03,5.9516,coinmetrics
2012-02-04,5.8954,coinmetrics
2012-02-05,5.6781,coinmetrics
2012-02-06,5.4827,coinmetrics
2012-02-07,5.6620,coinmetrics
2012-02-08,5.6185,coinmetrics
2012-02-09,5.8357,coinmetrics
2012-02-10,5.9378,coinmetrics
2012-02-11,5.6121,coinmetrics
2012-02-12,5.5191,coinmetrics
2012-02-13,5.3483,coinmetrics
2012-02-14,4.4836,coinmetrics
2012-02-15,4.3255,coinmetrics
2012-02-16,4.2552,coinmetrics
2012-02-17,4.3915,coinmetrics
2012-02-18,4.2701,coinmetrics
2012-02-19,4.3895,coinmetrics
2012-02-20,4.3651,coinmetrics
2012-02-21,4.3151,coinmetrics
2012-02-22,4.4193,coinmetrics
2012-02-23,5.0395,coinmetrics
2012-02-24,5.0256,coinmetrics
2012-02-25,4.7726,coinmetrics
2012-02-26,4.9264,coinmetrics
2012-02-27,4.9525,coinmetrics
2012-02-28,4.8573,coinmetrics
2012-02-29,4.8727,coinmetrics
2012-03-01,4.9221,coinmetrics
2012-03-02,4.7148,coinmetrics
2012-03-03,4.6282,coinmetrics
2012-03-04,4.8341,coinmetrics
2012-03-05,4.9824,coinmetrics
2012-03-06,4.9878,coinmetrics
2012-03-07,4.9491,coinmetrics
2012-03-08,4.9350,coinmetrics
2012-03-09,4.8723,coinmetrics
2012-03-10,4.8414,coinmetrics
2012-03-11,4.8920,coinmetrics
2012-03-12,4.9108,coinmetrics
2012-03-13,5.2909,coinmetrics
2012-03-14,5.3905,coinmetrics
2012-03-15,5.3408,coinmetrics
2012-03-16,5.3396,coinmetrics
2012-03-17,5.2360,coinmetrics
2012-03-18,5.2702,coinmetrics
2012-03-19,4.6787,coinmetrics
2012-03-20,4.8308,coinmetrics
2012-03-21,4.8172,coinmetrics
2012-03-22,4.7296,coinmetrics
2012-03-23,4.6916,coinmetrics
2012-03-24,4.6520,coinmetrics
2012-03-25,4.5523,coinmetrics
2012-03-26,4.6327,coinmetrics
2012-03-27,4.8113,coinmetrics
2012-03-28,4.7906,coinmetrics
2012-03-29,4.7941,coinmetrics
2012-03-30,4.8614,coinmetrics
2012-03-31,4.8898,coinmetrics
2012-04-01,4.7933,coinmetrics
2012-04-02,4.9831,coinmetrics
2012-04-03,4.9562,coinmetrics
2012-04-04,4.9178,coinmetrics
2012-04-05,4.9208,coinmetrics
2012-04-06,4.9491,coinmetrics
2012-04-07,4.7097,coinmetrics
2012-04-08,4.7788,coinmetrics
2012-04-09,4.8525,coinmetrics
2012-04-10,4.8414,coinmetrics
2012-04-11,4.9153,coinmetrics
2012-04-12,4.9012,coinmetrics
2012-04-13,4.9344,coinmetrics
2012-04-14,4.9564,coinmetrics
2012-04-15,4.9616,coinmetrics
2012-04-16,4.9508,coinmetrics
2012-04-17,4.9687,coinmetrics
2012-04-18,5.1244,coinmetrics
2012-04-19,5.1309,coinmetrics
2012-04-20,5.3665,coinmetrics
2012-04-21,5.2825,coinmetrics
2012-04-22,5.1956,coinmetrics
2012-04-23,5.1109,coinmetrics
2012-04-24,5.0879,coinmetrics
2012-04-25,5.1488,coinmetrics
2012-04-26,5.0974,coinmetrics
2012-04-27,5.0959,coinmetrics
2012-04-28,4.9707,coinmetrics
2012-04-29,4.9026,coinmetrics
2012-04-30,4.9421,coinmetrics
2012-05-01,4.9871,coinmetrics
2012-05-02,5.0534,coinmetrics
2012-05-03,5.1189,coinmetrics
2012-05-04,5.0855,coinmetrics
2012-05-05,5.0566,coinmetrics
2012-05-06,5.0478,coinmetrics
2012-05-07,5.0676,coinmetrics
2012-05-08,5.0235,coinmetrics
2012-05-09,5.0413,coinmetrics
2012-05-10,4.9275,coinmetrics
2012-05-11,4.9637,coinmetrics
2012-05-12,4.9465,coinmetrics
2012-05-13,4.9448,coinmetrics
2012-05-14,5.0114,coinmetrics
2012-05-15,5.0336,coinmetrics
2012-05-16,5.0878,coinmetrics
2012-05-17,5.0897,coinmetrics
2012-05-18,5.1183,coinmetrics
2012-05-19,5.1125,coinmetrics
2012-05-20,5.0942,coinmetrics
2012-05-21,5.0942,coinmetrics
2012-05-22,5.0891,coinmetrics
2012-05-23,5.1289,coinmetrics
2012-05-24,5.1192,coinmetrics
2012-05-25,5.1373,coinmetrics
2012-05-26,5.1040,coinmetrics
2012-05-27,5.1346,coinmetrics
2012-05-28,5.1363,coinmetrics
2012-05-29,5.1485,coinmetrics
2012-05-30,5.1383,coinmetrics
2012-05-31,5.1816,coinmetrics
2012-06-01,5.2669,coinmetrics
2012-06-02,5.2436,coinmetrics
2012-06-03,5.2127,coinmetrics
2012-06-04,5.2588,coinmetrics
2012-06-05,5.4260,coinmetrics
2012-06-06,5.4462,coinmetrics
2012-06-07,5.5872,coinmetrics
2012-06-08,5.6225,coinmetrics
2012-06-09,5.5570,coinmetrics
2012-06-10,5.4579,coinmetrics
2012-06-11,5.5870,coinmetrics
2012-06-12,5.7275,coinmetrics
2012-06-13,5.9093,coinmetrics
2012-06-14,5.9620,coinmetrics
2012-06-15,6.5234,coinmetrics
2012-06-16,6.4442,coinmetrics
2012-06-17,6.2000,coinmetrics
2012-06-18,6.3108,coinmetrics
2012-06-19,6.4948,coinmetrics
2012-06-20,6.6936,coinmetrics
2012-06-21,6.6723,coinmetrics
2012-06-22,6.5638,coinmetrics
2012-06-23,6.4475,coinmetrics
2012-06-24,6.3505,coinmetrics
2012-06-25,6.3175,coinmetrics
2012-06-26,6.4329,coinmetrics
2012-06-27,6.6157,coinmetrics
2012-06-28,6.5901,coinmetrics
2012-06-29,6.6588,coinmetrics
2012-06-30,6.6804,coinmetrics
2012-07-01,6.6269,coinmetrics
2012-07-02,6.7435,coinmetrics
2012-07-03,6.4500,coinmetrics
2012-07-04,6.5148,coinmetrics
2012-07-05,6.6424,coinmetrics
2012-07-06,6.6722,coinmetrics
2012-07-07,6.8083,coinmetrics
2012-07-08,6.7963,coinmetrics
2012-07-09,7.0324,coinmetrics
2012-07-10,7.1786,coinmetrics
2012-07-11,7.1852,coinmetrics
2012-07-12,7.5559,coinmetrics
2012-07-13,7.6309,coinmetrics
2012-07-14,7.5801,coinmetrics
2012-07-15,7.6272,coinmetrics
2012-07-16,8.4934,coinmetrics
2012-07-17,8.7520,coinmetrics
2012-07-18,9.0952,coinmetrics
2012-07-19,8.8795,coinmetrics
2012-07-20,8.5325,coinmetrics
2012-07-21,8.8757,coinmetrics
2012-07-22,8.5066,coinmetrics
2012-07-23,8.5312,coinmetrics
2012-07-24,8.5746,coinmetrics
2012-07-25,8.7693,coinmetrics
2012-07-26,8.8758,coinmetrics
2012-07-27,8.8915,coinmetrics
2012-07-28,8.8426,coinmetrics
2012-07-29,8.7477,coinmetrics
2012-07-30,9.0883,coinmetrics
2012-07-31,9.3210,coinmetrics
2012-08-01,9.5680,coinmetrics
2012-08-02,10.5510,coinmetrics
2012-08-03,10.9159,coinmetrics
2012-08-04,10.9197,coinmetrics
2012-08-05,10.8051,coinmetrics
2012-08-06,10.8694,coinmetrics
2012-08-07,10.9413,coinmetrics
2012-08-08,11.0704,coinmetrics
2012-08-09,11.1037,coinmetrics
2012-08-10,11.4476,coinmetrics
2012-08-11,11.5425,coinmetrics
2012-08-12,11.5926,coinmetrics
2012-08-13,11.9850,coinmetrics
2012-08-14,12.1871,coinmetrics
2012-08-15,13.1701,coinmetrics
2012-08-16,13.4508,coinmetrics
2012-08-17,12.0770,coinmetrics
2012-08-18,11.5775,coinmetrics
2012-08-19,7.8306,coinmetrics
2012-08-20,9.9799,coinmetrics
2012-08-21,9.9030,coinmetrics
2012-08-22,9.7726,coinmetrics
2012-08-23,10.0887,coinmetrics
2012-08-24,10.5940,coinmetrics
2012-08-25,10.5837,coinmetrics
2012-08-26,10.5455,coinmetrics
2012-08-27,10.9004,coinmetrics
2012-08-28,10.9330,coinmetrics
2012-08-29,10.8678,coinmetrics
2012-08-30,10.7277,coinmetrics
2012-08-31,10.1024,coinmetrics
2012-09-01,10.0065,coinmetrics
2012-09-02,10.2261,coinmetrics
2012-09-03,10.4971,coinmetrics
2012-09-04,10.3640,coinmetrics
2012-09-05,11.0255,coinmetrics
2012-09-06,11.1608,coinmetrics
2012-09-07,11.0761,coinmetrics
2012-09-08,11.0433,coinmetrics
2012-09-09,11.0621,coinmetrics
2012-09-10,11.1253,coinmetrics
2012-09-11,11.2681,coinmetrics
2012-09-12,11.3153,coinmetrics
2012-09-13,11.3803,coinmetrics
2012-09-14,11.7301,coinmetrics
2012-09-15,11.7184,coinmetrics
2012-09-16,11.8869,coinmetrics
2012-09-17,11.9083,coinmetrics
2012-09-18,12.2597,coinmetrics
2012-09-19,12.5049,coinmetrics
2012-09-20,12.3672,coinmetrics
2012-09-21,12.3337,coinmetrics
2012-09-22,12.2137,coinmetrics
2012-09-23,12.1655,coinmetrics
2012-09-24,12.1136,coinmetrics
2012-09-25,12.1824,coinmetrics
2012-09-26,12.3198,coinmetrics
2012-09-27,12.3188,coinmetrics
2012-09-28,12.3815,coinmetrics
2012-09-29,12.4048,coinmetrics
2012-09-30,12.3916,coinmetrics
2012-10-01,12.3894,coinmetrics
2012-10-02,12.8072,coinmetrics
2012-10-03,12.9554,coinmetrics
2012-10-04,12.8624,coinmetrics
2012-10-05,12.7522,coinmetrics
2012-10-06,12.5051,coinmetrics
2012-10-07,11.8740,coinmetrics
2012-10-08,11.7333,coinmetrics
2012-10-09,11.8287,coinmetrics
2012-10-10,12.1092,coinmetrics
2012-10-11,12.0676,coinmetrics
2012-10-12,12.0281,coinmetrics
2012-10-13,11.9268,coinmetrics
2012-10-14,11.6506,coinmetrics
2012-10-15,11.9083,coinmetrics
2012-10-16,11.8480,coinmetrics
2012-10-17,11.9194,coinmetrics
2012-10-18,11.9259,coinmetrics
2012-10-19,11.7575,coinmetrics
2012-10-20,11.6944,coinmetrics
2012-10-21,11.6574,coinmetrics
2012-10-22,11.7411,coinmetrics
2012-10-23,11.7078,coinmetrics
2012-10-24,11.6344,coinmetrics
2012-10-25,10.7536,coinmetrics
2012-10-26,10.1306,coinmetrics
2012-10-27,10.4582,coinmetrics
2012-10-28,10.7100,coinmetrics
2012-10-29,10.6307,coinmetrics
2012-10-30,10.8593,coinmetrics
2012-10-31,11.1461,coinmetrics
2012-11-01,10.6135,coinmetrics
2012-11-02,10.5305,coinmetrics
2012-11-03,10.6507,coinmetrics
2012-11-04,10.7969,coinmetrics
2012-11-05,10.7408,coinmetrics
2012-11-06,10.8682,coinmetrics
2012-11-07,10.9541,coinmetrics
2012-11-08,10.8927,coinmetrics
2012-11-09,10.8159,coinmetrics
2012-11-10,10.8633,coinmetrics
2012-11-11,10.8418,coinmetrics
2012-11-12,11.0313,coinmetrics
2012-11-13,10.9980,coinmetrics
2012-11-14,10.9590,coinmetrics
2012-11-15,11.1751,coinmetrics
2012-11-16,11.7050,coinmetrics
2012-11-17,11.7500,coinmetrics
2012-11-18,11.6656,coinmetrics
2012-11-19,11.7505,coinmetrics
2012-11-20,11.6992,coinmetrics
2012-11-21,11.7291,coinmetrics
2012-11-22,12.2920,coinmetrics
2012-11-23,12.2803,coinmetrics
2012-11-24,12.4132,coinmetrics
2012-11-25,12.5297,coinmetrics
2012-11-26,12.1846,coinmetrics
2012-11-27,12.1593,coinmetrics
2012-11-28,12.3317,coinmetrics
2012-11-29,12.4977,coinmetrics
2012-11-30,12.5861,coinmetrics
2012-12-01,12.5924,coinmetrics
2012-12-02,12.4979,coinmetrics
2012-12-03,12.6570,coinmetrics
2012-12-04,13.3696,coinmetrics
2012-12-05,13.3128,coinmetrics
2012-12-06,13.4779,coinmetrics
2012-12-07,13.4773,coinmetrics
2012-12-08,13.5000,coinmetrics
2012-12-09,13.3465,coinmetrics
2012-12-10,13.4923,coinmetrics
2012-12-11,13.6154,coinmetrics
2012-12-12,13.6682,coinmetrics
2012-12-13,13.7553,coinmetrics
2012-12-14,13.6009,coinmetrics
2012-12-15,13.5309,coinmetrics
2012-12-16,13.3329,coinmetrics
2012-12-17,13.3201,coinmetrics
2012-12-18,13.2720,coinmetrics
2012-12-19,13.5385,coinmetrics
2012-12-20,13.5700,coinmetrics
2012-12-21,13.4290,coinmetrics
2012-12-22,13.4272,coinmetrics
2012-12-23,13.3181,coinmetrics
2012-12-24,13.4267,coinmetrics
2012-12-25,13.3656,coinmetrics
2012-12-26,13.4547,coinmetrics
2012-12-27,13.3993,coinmetrics
2012-12-28,13.4555,coinmetrics
2012-12-29,13.3740,coinmetrics
2012-12-30,13.4450,coinmetrics
2012-12-31,13.5456,coinmetrics
2013-01-01,13.3314,coinmetrics
2013-01-02,13.2806,coinmetrics
2013-01-03,13.3841,coinmetrics
2013-01-04,13.4517,coinmetrics
2013-01-05,13.4594,coinmetrics
2013-01-06,13.5045,coinmetrics
2013-01-07,13.5561,coinmetrics
2013-01-08,13.7804,coinmetrics
2013-01-09,13.8210,coinmetrics
2013-01-10,14.1232,coinmetrics
2013-01-11,14.2276,coinmetrics
2013-01-12,14.2143,coinmetrics
2013-01-13,14.1608,coinmetrics
2013-01-14,14.3180,coinmetrics
2013-01-15,14.3136,coinmetrics
2013-01-16,14.7078,coinmetrics
2013-01-17,15.5986,coinmetrics
2013-01-18,15.7158,coinmetrics
2013-01-19,15.5881,coinmetrics
2013-01-20,15.7196,coinmetrics
2013-01-21,16.7810,coinmetrics
2013-01-22,17.3002,coinmetrics
2013-01-23,17.5364,coinmetrics
2013-01-24,16.9011,coinmetrics
2013-01-25,17.4072,coinmetrics
2013-01-26,17.5536,coinmetrics
2013-01-27,17.8646,coinmetrics
2013-01-28,18.7943,coinmetrics
2013-01-29,19.5147,coinmetrics
2013-01-30,19.7374,coinmetrics
2013-01-31,20.5116,coinmetrics
2013-02-01,20.4431,coinmetrics
2013-02-02,19.6359,coinmetrics
2013-02-03,20.5789,coinmetrics
2013-02-04,20.4405,coinmetrics
2013-02-05,20.6593,coinmetrics
2013-02-06,21.2086,coinmetrics
2013-02-07,22.1178,coinmetrics
2013-02-08,22.7874,coinmetrics
2013-02-09,23.7339,coinmetrics
2013-02-10,23.9003,coinmetrics
2013-02-11,24.4973,coinmetrics
2013-02-12,24.9797,coinmetrics
2013-02-13,24.6417,coinmetrics
2013-02-14,27.2824,coinmetrics
2013-02-15,27.1713,coinmetrics
2013-02-16,27.3462,coinmetrics
2013-02-17,26.9273,coinmetrics
2013-02-18,26.9289,coinmetrics
2013-02-19,29.4136,coinmetrics
2013-02-20,29.8198,coinmetrics
2013-02-21,29.8181,coinmetrics
2013-02-22,30.4727,coinmetrics
2013-02-23,29.8065,coinmetrics
2013-02-24,29.8828,coinmetrics
2013-02-25,30.3520,coinmetrics
2013-02-26,31.1555,coinmetrics
2013-02-27,31.2403,coinmetrics
2013-02-28,33.3753,coinmetrics
2013-03-01,34.6063,coinmetrics
2013-03-02,34.1435,coinmetrics
2013-03-03,34.4517,coinmetrics
2013-03-04,36.3763,coinmetrics
2013-03-05,40.6730,coinmetrics
2013-03-06,43.2850,coinmetrics
2013-03-07,41.9474,coinmetrics
2013-03-08,43.9029,coinmetrics
2013-03-09,46.8886,coinmetrics
2013-03-10,46.0660,coinmetrics
2013-03-11,48.2751,coinmetrics
2013-03-12,44.4135,coinmetrics
2013-03-13,47.0162,coinmetrics
2013-03-14,46.9256,coinmetrics
2013-03-15,46.9025,coinmetrics
2013-03-16,47.1570,coinmetrics
2013-03-17,47.3335,coinmetrics
2013-03-18,51.3654,coinmetrics
2013-03-19,59.4986,coinmetrics
2013-03-20,63.6875,coinmetrics
2013-03-21,70.9175,coinmetrics
2013-03-22,69.8461,coinmetrics
2013-03-23,64.3831,coinmetrics
2013-03-24,71.6904,coinmetrics
2013-03-25,74.3141,coinmetrics
2013-03-26,78.6142,coinmetrics
2013-03-27,88.8521,coinmetrics
2013-03-28,87.6732,coinmetrics
2013-03-29,90.2957,coinmetrics
2013-03-30,92.1900,coinmetrics
2013-03-31,93.8992,coinmetrics
2013-04-01,103.5800,coinmetrics
2013-04-02,116.6800,coinmetrics
2013-04-03,131.3850,coinmetrics
2013-04-04,133.0070,coinmetrics
2013-04-05,142.6260,coinmetrics
2013-04-06,143.0820,coinmetrics
2013-04-07,162.8520,coinmetrics
2013-04-08,186.3510,coinmetrics
2013-04-09,230.6830,coinmetrics
2013-04-10,161.1930,coinmetrics
2013-04-11,82.9016,coinmetrics
2013-04-12,111.4760,coinmetrics
2013-04-13,97.6091,coinmetrics
2013-04-14,88.8615,coinmetrics
2013-04-15,80.8747,coinmetrics
2013-04-16,68.2831,coinmetrics
2013-04-17,92.8640,coinmetrics
2013-04-18,108.6280,coinmetrics
2013-04-19,119.0120,coinmetrics
2013-04-20,128.2080,coinmetrics
2013-04-21,118.4830,coinmetrics
2013-04-22,126.3140,coinmetrics
2013-04-23,142.1270,coinmetrics
2013-04-24,154.1330,coinmetrics
2013-04-25,141.0090,coinmetrics
2013-04-26,137.2100,coinmetrics
2013-04-27,128.2270,coinmetrics
2013-04-28,134.6240,coinmetrics
2013-04-29,143.8100,coinmetrics
2013-04-30,139.1300,coinmetrics
2013-05-01,116.1140,coinmetrics
2013-05-02,106.3410,coinmetrics
2013-05-03,96.3168,coinmetrics
2013-05-04,112.4980,coinmetrics
2013-05-05,116.4890,coinmetrics
2013-05-06,112.1190,coinmetrics
2013-05-07,111.6090,coinmetrics
2013-05-08,113.1360,coinmetrics
2013-05-09,111.9750,coinmetrics
2013-05-10,117.6910,coinmetrics
2013-05-11,115.5000,coinmetrics
2013-05-12,114.8860,coinmetrics
2013-05-13,117.4040,coinmetrics
2013-05-14,107.8660,coinmetrics
2013-05-15,108.9870,coinmetrics
2013-05-16,112.9180,coinmetrics
2013-05-17,117.2850,coinmetrics
2013-05-18,118.1700,coinmetrics
2013-05-19,117.0340,coinmetrics
2013-05-20,117.8190,coinmetrics
2013-05-21,117.2520,coinmetrics
2013-05-22,118.9780,coinmetrics
2013-05-23,123.7260,coinmetrics
2013-05-24,128.9710,coinmetrics
2013-05-25,128.8450,coinmetrics
2013-05-26,130.1590,coinmetrics
2013-05-27,126.3930,coinmetrics
2013-05-28,125.9050,coinmetrics
2013-05-29,129.5650,coinmetrics
2013-05-30,126.5130,coinmetrics
2013-05-31,127.8160,coinmetrics
2013-06-01,128.7910,coinmetrics
2013-06-02,122.6270,coinmetrics
2013-06-03,122.9490,coinmetrics
2013-06-04,120.1900,coinmetrics
2013-06-05,120.8700,coinmetrics
2013-06-06,119.0540,coinmetrics
2013-06-07,110.1980,coinmetrics
2013-06-08,109.1790,coinmetrics
2013-06-09,99.9036,coinmetrics
2013-06-10,104.3580,coinmetrics
2013-06-11,107.5080,coinmetrics
2013-06-12,106.3780,coinmetrics
2013-06-13,101.3240,coinmetrics
2013-06-14,99.2132,coinmetrics
2013-06-15,99.8750,coinmetrics
2013-06-16,99.0384,coinmetrics
2013-06-17,100.1260,coinmetrics
2013-06-18,104.2890,coinmetrics
2013-06-19,104.4170,coinmetrics
2013-06-20,104.3230,coinmetrics
2013-06-21,101.4170,coinmetrics
2013-06-22,100.0400,coinmetrics
2013-06-23,100.3150,coinmetrics
2013-06-24,99.0457,coinmetrics
2013-06-25,97.8328,coinmetrics
2013-06-26,98.6517,coinmetrics
2013-06-27,96.8039,coinmetrics
2013-06-28,89.4245,coinmetrics
2013-06-29,88.7973,coinmetrics
2013-06-30,89.4809,coinmetrics
2013-07-01,82.8676,coinmetrics
2013-07-02,87.8165,coinmetrics
2013-07-03,77.6913,coinmetrics
2013-07-04,79.1349,coinmetrics
2013-07-05,67.4476,coinmetrics
2013-07-06,66.3417,coinmetrics
2013-07-07,72.1095,coinmetrics
2013-07-08,73.9886,coinmetrics
2013-07-09,74.8919,coinmetrics
2013-07-10,85.0137,coinmetrics
2013-07-11,87.4975,coinmetrics
2013-07-12,90.0467,coinmetrics
2013-07-13,91.5926,coinmetrics
2013-07-14,89.8923,coinmetrics
2013-07-15,93.7962,coinmetrics
2013-07-16,91.7810,coinmetrics
2013-07-17,91.0314,coinmetrics
2013-07-18,84.9617,coinmetrics
2013-07-19,86.2388,coinmetrics
2013-07-20,84.9109,coinmetrics
2013-07-21,85.6644,coinmetrics
2013-07-22,85.6490,coinmetrics
2013-07-23,86.9771,coinmetrics
2013-07-24,88.1517,coinmetrics
2013-07-25,90.1661,coinmetrics
2013-07-26,89.9840,coinmetrics
2013-07-27,88.1653,coinmetrics
2013-07-28,92.7458,coinmetrics
2013-07-29,93.2987,coinmetrics
2013-07-30,96.6596,coinmetrics
2013-07-31,98.0244,coinmetrics
2013-08-01,96.5680,coinmetrics
2013-08-02,96.0745,coinmetrics
2013-08-03,95.5067,coinmetrics
2013-08-04,96.3655,coinmetrics
2013-08-05,97.5271,coinmetrics
2013-08-06,97.6712,coinmetrics
2013-08-07,97.0542,coinmetrics
2013-08-08,94.2573,coinmetrics
2013-08-09,92.4728,coinmetrics
2013-08-10,93.2936,coinmetrics
2013-08-11,94.2713,coinmetrics
2013-08-12,95.4465,coinmetrics
2013-08-13,97.7591,coinmetrics
2013-08-14,99.1213,coinmetrics
2013-08-15,98.1063,coinmetrics
2013-08-16,98.2910,coinmetrics
2013-08-17,99.6305,coinmetrics
2013-08-18,99.1780,coinmetrics
2013-08-19,102.7840,coinmetrics
2013-08-20,104.5000,coinmetrics
2013-08-21,110.8020,coinmetrics
2013-08-22,109.5230,coinmetrics
2013-08-23,107.6980,coinmetrics
2013-08-24,108.8830,coinmetrics
2013-08-25,113.0830,coinmetrics
2013-08-26,112.1180,coinmetrics
2013-08-27,117.7600,coinmetrics
2013-08-28,118.3170,coinmetrics
2013-08-29,118.8360,coinmetrics
2013-08-30,124.8850,coinmetrics
2013-08-31,128.3780,coinmetrics
2013-09-01,130.5360,coinmetrics
2013-09-02,129.5650,coinmetrics
2013-09-03,129.1830,coinmetrics
2013-09-04,122.5290,coinmetrics
2013-09-05,122.3700,coinmetrics
2013-09-06,117.8610,coinmetrics
2013-09-07,119.8150,coinmetrics
2013-09-08,118.0570,coinmetrics
2013-09-09,121.2590,coinmetrics
2013-09-10,122.2160,coinmetrics
2013-09-11,127.0880,coinmetrics
2013-09-12,126.7810,coinmetrics
2013-09-13,127.4080,coinmetrics
2013-09-14,124.3480,coinmetrics
2013-09-15,125.0760,coinmetrics
2013-09-16,126.2050,coinmetrics
2013-09-17,126.8970,coinmetrics
2013-09-18,126.9040,coinmetrics
2013-09-19,124.1810,coinmetrics
2013-09-20,122.9220,coinmetrics
2013-09-21,123.5080,coinmetrics
2013-09-22,123.1250,coinmetrics
2013-09-23,122.8660,coinmetrics
2013-09-24,123.7970,coinmetrics
2013-09-25,123.6140,coinmetrics
2013-09-26,124.6860,coinmetrics
2013-09-27,126.6050,coinmetrics
2013-09-28,126.7970,coinmetrics
2013-09-29,127.1090,coinmetrics
2013-09-30,126.0900,coinmetrics
2013-10-01,127.5750,coinmetrics
2013-10-02,104.1050,coinmetrics
2013-10-03,117.5750,coinmetrics
2013-10-04,121.9300,coinmetrics
2013-10-05,121.3930,coinmetrics
2013-10-06,122.4750,coinmetrics
2013-10-07,123.9070,coinmetrics
2013-10-08,124.7670,coinmetrics
2013-10-09,125.9340,coinmetrics
2013-10-10,126.7050,coinmetrics
2013-10-11,127.2550,coinmetrics
2013-10-12,127.8510,coinmetrics
2013-10-13,132.4160,coinmetrics
2013-10-14,135.3390,coinmetrics
2013-10-15,141.4940,coinmetrics
2013-10-16,138.3280,coinmetrics
2013-10-17,143.7470,coinmetrics
2013-10-18,152.7760,coinmetrics
2013-10-19,165.7730,coinmetrics
2013-10-20,166.5000,coinmetrics
2013-10-21,179.9110,coinmetrics
2013-10-22,190.4030,coinmetrics
2013-10-23,204.6000,coinmetrics
2013-10-24,194.4100,coinmetrics
2013-10-25,185.6440,coinmetrics
2013-10-26,179.8080,coinmetrics
2013-10-27,194.5460,coinmetrics
2013-10-28,196.2750,coinmetrics
2013-10-29,204.4280,coinmetrics
2013-10-30,197.9010,coinmetrics
2013-10-31,203.2840,coinmetrics
2013-11-01,203.0370,coinmetrics
2013-11-02,204.7930,coinmetrics
2013-11-03,210.2750,coinmetrics
2013-11-04,228.7910,coinmetrics
2013-11-05,243.6420,coinmetrics
2013-11-06,263.2100,coinmetrics
2013-11-07,290.1240,coinmetrics
2013-11-08,333.7510,coinmetrics
2013-11-09,331.0510,coinmetrics
2013-11-10,327.5590,coinmetrics
2013-11-11,342.6980,coinmetrics
2013-11-12,354.6450,coinmetrics
2013-11-13,394.5040,coinmetrics
2013-11-14,416.7060,coinmetrics
2013-11-15,408.3990,coinmetrics
2013-11-16,435.7980,coinmetrics
2013-11-17,485.3370,coinmetrics
2013-11-18,657.7790,coinmetrics
2013-11-19,546.8780,coinmetrics
2013-11-20,595.3390,coinmetrics
2013-11-21,720.7640,coinmetrics
2013-11-22,802.9170,coinmetrics
2013-11-23,834.2950,coinmetrics
2013-11-24,807.1670,coinmetrics
2013-11-25,816.2430,coinmetrics
2013-11-26,916.0970,coinmetrics
2013-11-27,962.9110,coinmetrics
2013-11-28,1007.3900,coinmetrics
2013-11-29,1128.7300,coinmetrics
2013-11-30,1119.3000,coinmetrics
2013-12-01,964.4860,coinmetrics
2013-12-02,1040.8100,coinmetrics
2013-12-03,1053.6200,coinmetrics
2013-12-04,1134.9300,coinmetrics
2013-12-05,1027.4100,coinmetrics
2013-12-06,824.5820,coinmetrics
2013-12-07,703.7480,coinmetrics
2013-12-08,783.5730,coinmetrics
2013-12-09,896.0790,coinmetrics
2013-12-10,977.1650,coinmetrics
2013-12-11,875.4640,coinmetrics
2013-12-12,873.3250,coinmetrics
2013-12-13,879.1560,coinmetrics
2013-12-14,852.8560,coinmetrics
2013-12-15,864.0620,coinmetrics
2013-12-16,677.8940,coinmetrics
2013-12-17,682.6270,coinmetrics
2013-12-18,526.1210,coinmetrics
2013-12-19,685.5250,coinmetrics
2013-12-20,600.2170,coinmetrics
2013-12-21,597.0340,coinmetrics
2013-12-22,615.0130,coinmetrics
2013-12-23,657.9270,coinmetrics
2013-12-24,650.6650,coinmetrics
2013-12-25,678.2900,coinmetrics
2013-12-26,749.9970,coinmetrics
2013-12-27,722.5710,coinmetrics
2013-12-28,715.8520,coinmetrics
2013-12-29,727.2710,coinmetrics
2013-12-30,735.7420,coinmetrics
2013-12-31,729.5580,coinmetrics
2014-01-01,752.4050,coinmetrics
2014-01-02,784.9550,coinmetrics
2014-01-03,807.2230,coinmetrics
2014-01-04,828.6020,coinmetrics
2014-01-05,902.4870,coinmetrics
2014-01-06,914.4600,coinmetrics
2014-01-07,803.3520,coinmetrics
2014-01-08,820.6900,coinmetrics
2014-01-09,831.3350,coinmetrics
2014-01-10,853.2990,coinmetrics
2014-01-11,889.5560,coinmetrics
2014-01-12,845.1910,coinmetrics
2014-01-13,822.8770,coinmetrics
2014-01-14,815.2940,coinmetrics
2014-01-15,841.0900,coinmetrics
2014-01-16,815.8550,coinmetrics
2014-01-17,792.8300,coinmetrics
2014-01-18,809.7840,coinmetrics
2014-01-19,838.4280,coinmetrics
2014-01-20,828.8850,coinmetrics
2014-01-21,823.8180,coinmetrics
2014-01-22,818.9760,coinmetrics
2014-01-23,810.9220,coinmetrics
2014-01-24,781.0430,coinmetrics
2014-01-25,804.4030,coinmetrics
2014-01-26,814.4990,coinmetrics
2014-01-27,742.7010,coinmetrics
2014-01-28,790.1760,coinmetrics
2014-01-29,793.3840,coinmetrics
2014-01-30,799.4740,coinmetrics
2014-01-31,803.2380,coinmetrics
2014-02-01,813.2200,coinmetrics
2014-02-02,814.4910,coinmetrics
2014-02-03,806.9970,coinmetrics
2014-02-04,800.0780,coinmetrics
2014-02-05,784.4740,coinmetrics
2014-02-06,763.5690,coinmetrics
2014-02-07,711.5710,coinmetrics
2014-02-08,677.6820,coinmetrics
2014-02-09,687.4060,coinmetrics
2014-02-10,685.4570,coinmetrics
2014-02-11,671.9000,coinmetrics
2014-02-12,653.7660,coinmetrics
2014-02-13,612.9180,coinmetrics
2014-02-14,668.7890,coinmetrics
2014-02-15,654.3770,coinmetrics
2014-02-16,623.2500,coinmetrics
2014-02-17,631.3350,coinmetrics
2014-02-18,627.2720,coinmetrics
2014-02-19,623.5400,coinmetrics
2014-02-20,563.7690,coinmetrics
2014-02-21,580.3240,coinmetrics
2014-02-22,607.1250,coinmetrics
2014-02-23,610.0820,coinmetrics
2014-02-24,542.2670,coinmetrics
2014-02-25,533.7080,coinmetrics
2014-02-26,587.5790,coinmetrics
2014-02-27,585.3940,coinmetrics
2014-02-28,551.2950,coinmetrics
2014-03-01,567.5340,coinmetrics
2014-03-02,558.5280,coinmetrics
2014-03-03,676.5060,coinmetrics
2014-03-04,674.5110,coinmetrics
2014-03-05,670.3390,coinmetrics
2014-03-06,667.7130,coinmetrics
2014-03-07,631.7700,coinmetrics
2014-03-08,621.5240,coinmetrics
2014-03-09,640.5790,coinmetrics
2014-03-10,628.1510,coinmetrics
2014-03-11,633.7340,coinmetrics
2014-03-12,634.6470,coinmetrics
2014-03-13,643.4320,coinmetrics
2014-03-14,628.3090,coinmetrics
2014-03-15,636.2190,coinmetrics
2014-03-16,634.1690,coinmetrics
2014-03-17,622.7600,coinmetrics
2014-03-18,614.3100,coinmetrics
2014-03-19,610.5110,coinmetrics
2014-03-20,586.6080,coinmetrics
2014-03-21,569.6950,coinmetrics
2014-03-22,564.7000,coinmetrics
2014-03-23,558.9590,coinmetrics
2014-03-24,585.0230,coinmetrics
2014-03-25,583.7710,coinmetrics
2014-03-26,579.2440,coinmetrics
2014-03-27,483.1640,coinmetrics
2014-03-28,498.6610,coinmetrics
2014-03-29,489.5170,coinmetrics
2014-03-30,458.9660,coinmetrics
2014-03-31,455.3550,coinmetrics
2014-04-01,479.0080,coinmetrics
2014-04-02,439.0110,coinmetrics
2014-04-03,449.4410,coinmetrics
2014-04-04,449.7200,coinmetrics
2014-04-05,461.6750,coinmetrics
2014-04-06,458.6330,coinmetrics
2014-04-07,448.6550,coinmetrics
2014-04-08,452.8030,coinmetrics
2014-04-09,442.8380,coinmetrics
2014-04-10,366.9120,coinmetrics
2014-04-11,421.9440,coinmetrics
2014-04-12,424.2740,coinmetrics
2014-04-13,416.3620,coinmetrics
2014-04-14,461.1080,coinmetrics
2014-04-15,521.6150,coinmetrics
2014-04-16,531.4820,coinmetrics
2014-04-17,499.8380,coinmetrics
2014-04-18,483.0200,coinmetrics
2014-04-19,504.3660,coinmetrics
2014-04-20,501.5570,coinmetrics
2014-04-21,498.0850,coinmetrics
2014-04-22,489.5040,coinmetrics
2014-04-23,490.6330,coinmetrics
2014-04-24,503.2920,coinmetrics
2014-04-25,466.4260,coinmetrics
2014-04-26,459.2270,coinmetrics
2014-04-27,438.7090,coinmetrics
2014-04-28,441.5480,coinmetrics
2014-04-29,447.7100,coinmetrics
2014-04-30,448.8760,coinmetrics
2014-05-01,460.1950,coinmetrics
2014-05-02,452.2400,coinmetrics
2014-05-03,438.9790,coinmetrics
2014-05-04,436.6750,coinmetrics
2014-05-05,432.3380,coinmetrics
2014-05-06,430.1280,coinmetrics
2014-05-07,442.1830,coinmetrics
2014-05-08,440.4030,coinmetrics
2014-05-09,452.6980,coinmetrics
2014-05-10,456.7560,coinmetrics
2014-05-11,439.1140,coinmetrics
2014-05-12,441.2810,coinmetrics
2014-05-13,439.0060,coinmetrics
2014-05-14,444.8480,coinmetrics
2014-05-15,446.9620,coinmetrics
2014-05-16,448.7420,coinmetrics
2014-05-17,449.2220,coinmetrics
2014-05-18,446.9630,coinmetrics
2014-05-19,447.4050,coinmetrics
2014-05-20,490.3360,coinmetrics
2014-05-21,493.9330,coinmetrics
2014-05-22,526.8140,coinmetrics
2014-05-23,523.6990,coinmetrics
2014-05-24,527.6910,coinmetrics
2014-05-25,573.3120,coinmetrics
2014-05-26,584.8480,coinmetrics
2014-05-27,573.9280,coinmetrics
2014-05-28,579.1890,coinmetrics
2014-05-29,570.3490,coinmetrics
2014-05-30,620.8460,coinmetrics
2014-05-31,627.8920,coinmetrics
2014-06-01,630.0750,coinmetrics
2014-06-02,663.5060,coinmetrics
2014-06-03,672.3880,coinmetrics
2014-06-04,643.8870,coinmetrics
2014-06-05,661.5040,coinmetrics
2014-06-06,650.1330,coinmetrics
2014-06-07,656.8000,coinmetrics
2014-06-08,657.8200,coinmetrics
2014-06-09,648.3360,coinmetrics
2014-06-10,650.9370,coinmetrics
2014-06-11,631.4890,coinmetrics
2014-06-12,591.9750,coinmetrics
2014-06-13,597.0450,coinmetrics
2014-06-14,575.5590,coinmetrics
2014-06-15,589.7250,coinmetrics
2014-06-16,590.5670,coinmetrics
2014-06-17,609.0800,coinmetrics
2014-06-18,607.6300,coinmetrics
2014-06-19,595.7510,coinmetrics
2014-06-20,591.5320,coinmetrics
2014-06-21,592.7640,coinmetrics
2014-06-22,599.6350,coinmetrics
2014-06-23,589.5520,coinmetrics
2014-06-24,579.9740,coinmetrics
2014-06-25,562.2370,coinmetrics
2014-06-26,580.7490,coinmetrics
2014-06-27,600.6380,coinmetrics
2014-06-28,594.3900,coinmetrics
2014-06-29,600.8410,coinmetrics
2014-06-30,638.9460,coinmetrics
2014-07-01,642.9570,coinmetrics
2014-07-02,651.2980,coinmetrics
2014-07-03,646.4130,coinmetrics
2014-07-04,630.6360,coinmetrics
2014-07-05,630.4680,coinmetrics
2014-07-06,634.6730,coinmetrics
2014-07-07,622.8550,coinmetrics
2014-07-08,624.8940,coinmetrics
2014-07-09,621.9390,coinmetrics
2014-07-10,616.5230,coinmetrics
2014-07-11,634.4940,coinmetrics
2014-07-12,636.9240,coinmetrics
2014-07-13,629.8760,coinmetrics
2014-07-14,619.1970,coinmetrics
2014-07-15,621.9350,coinmetrics
2014-07-16,616.3520,coinmetrics
2014-07-17,624.2590,coinmetrics
2014-07-18,630.7500,coinmetrics
2014-07-19,629.1730,coinmetrics
2014-07-20,625.2490,coinmetrics
2014-07-21,621.3050,coinmetrics
2014-07-22,619.8230,coinmetrics
2014-07-23,619.7730,coinmetrics
2014-07-24,602.8800,coinmetrics
2014-07-25,601.5790,coinmetrics
2014-07-26,594.7030,coinmetrics
2014-07-27,591.5750,coinmetrics
2014-07-28,587.4930,coinmetrics
2014-07-29,584.1120,coinmetrics
2014-07-30,562.9150,coinmetrics
2014-07-31,581.9760,coinmetrics
2014-08-01,596.5070,coinmetrics
2014-08-02,589.7570,coinmetrics
2014-08-03,586.7540,coinmetrics
2014-08-04,587.6080,coinmetrics
2014-08-05,581.8820,coinmetrics
2014-08-06,582.2480,coinmetrics
2014-08-07,586.0470,coinmetrics
2014-08-08,589.0240,coinmetrics
2014-08-09,588.9790,coinmetrics
2014-08-10,589.3740,coinmetrics
2014-08-11,573.4410,coinmetrics
2014-08-12,568.3080,coinmetrics
2014-08-13,548.3700,coinmetrics
2014-08-14,505.1070,coinmetrics
2014-08-15,500.3230,coinmetrics
2014-08-16,521.7480,coinmetrics
2014-08-17,497.7650,coinmetrics
2014-08-18,468.9580,coinmetrics
2014-08-19,486.7940,coinmetrics
2014-08-20,515.1200,coinmetrics
2014-08-21,519.3080,coinmetrics
2014-08-22,516.1590,coinmetrics
2014-08-23,497.1260,coinmetrics
2014-08-24,508.4310,coinmetrics
2014-08-25,501.6100,coinmetrics
2014-08-26,511.8520,coinmetrics
2014-08-27,510.1620,coinmetrics
2014-08-28,506.2850,coinmetrics
2014-08-29,508.8670,coinmetrics
2014-08-30,501.2760,coinmetrics
2014-08-31,478.5110,coinmetrics
2014-09-01,474.5410,coinmetrics
2014-09-02,474.4310,coinmetrics
2014-09-03,473.9590,coinmetrics
2014-09-04,489.5550,coinmetrics
2014-09-05,478.7500,coinmetrics
2014-09-06,480.6420,coinmetrics
2014-09-07,478.3660,coinmetrics
2014-09-08,468.9750,coinmetrics
2014-09-09,473.5120,coinmetrics
2014-09-10,477.7780,coinmetrics
2014-09-11,477.2710,coinmetrics
2014-09-12,473.9970,coinmetrics
2014-09-13,477.9610,coinmetrics
2014-09-14,475.6480,coinmetrics
2014-09-15,472.6560,coinmetrics
2014-09-16,464.1780,coinmetrics
2014-09-17,456.3400,coinmetrics
2014-09-18,426.8800,coinmetrics
2014-09-19,393.8940,coinmetrics
2014-09-20,411.0410,coinmetrics
2014-09-21,400.4050,coinmetrics
2014-09-22,400.8820,coinmetrics
2014-09-23,438.4920,coinmetrics
2014-09-24,423.7000,coinmetrics
2014-09-25,409.5380,coinmetrics
2014-09-26,405.2980,coinmetrics
2014-09-27,400.5990,coinmetrics
2014-09-28,375.5500,coinmetrics
2014-09-29,373.0650,coinmetrics
2014-09-30,389.2640,coinmetrics
2014-10-01,382.9090,coinmetrics
2014-10-02,372.5260,coinmetrics
2014-10-03,357.6660,coinmetrics
2014-10-04,328.8260,coinmetrics
2014-10-05,322.8260,coinmetrics
2014-10-06,326.8040,coinmetrics
2014-10-07,333.5700,coinmetrics
2014-10-08,354.4070,coinmetrics
2014-10-09,361.7160,coinmetrics
2014-10-10,358.8900,coinmetrics
2014-10-11,361.9080,coinmetrics
2014-10-12,377.8710,coinmetrics
2014-10-13,391.9940,coinmetrics
2014-10-14,400.8810,coinmetrics
2014-10-15,394.6260,coinmetrics
2014-10-16,382.3210,coinmetrics
2014-10-17,382.2010,coinmetrics
2014-10-18,391.2930,coinmetrics
2014-10-19,388.6840,coinmetrics
2014-10-20,381.1910,coinmetrics
2014-10-21,385.2050,coinmetrics
2014-10-22,380.7790,coinmetrics
2014-10-23,357.3450,coinmetrics
2014-10-24,357.4880,coinmetrics
2014-10-25,345.8110,coinmetrics
2014-10-26,353.0820,coinmetrics
2014-10-27,350.0160,coinmetrics
2014-10-28,354.6540,coinmetrics
2014-10-29,333.5990,coinmetrics
2014-10-30,344.6090,coinmetrics
2014-10-31,337.1830,coinmetrics
2014-11-01,324.3710,coinmetrics
2014-11-02,324.2490,coinmetrics
2014-11-03,325.3620,coinmetrics
2014-11-04,329.6580,coinmetrics
2014-11-05,338.8060,coinmetrics
2014-11-06,349.6900,coinmetrics
2014-11-07,342.1330,coinmetrics
2014-11-08,345.7160,coinmetrics
2014-11-09,363.6100,coinmetrics
2014-11-10,365.5020,coinmetrics
2014-11-11,367.8250,coinmetrics
2014-11-12,422.5910,coinmetrics
2014-11-13,421.9140,coinmetrics
2014-11-14,398.3890,coinmetrics
2014-11-15,377.9940,coinmetrics
2014-11-16,390.2060,coinmetrics
2014-11-17,387.5010,coinmetrics
2014-11-18,373.8650,coinmetrics
2014-11-19,377.6130,coinmetrics
2014-11-20,356.1810,coinmetrics
2014-11-21,350.7490,coinmetrics
2014-11-22,352.4560,coinmetrics
2014-11-23,367.7730,coinmetrics
2014-11-24,376.9940,coinmetrics
2014-11-25,376.7560,coinmetrics
2014-11-26,367.5300,coinmetrics
2014-11-27,369.5300,coinmetrics
2014-11-28,377.8970,coinmetrics
2014-11-29,376.0760,coinmetrics
2014-11-30,378.6900,coinmetrics
2014-12-01,379.1120,coinmetrics
2014-12-02,382.9470,coinmetrics
2014-12-03,375.9160,coinmetrics
2014-12-04,368.8460,coinmetrics
2014-12-05,378.4280,coinmetrics
2014-12-06,375.1380,coinmetrics
2014-12-07,376.6400,coinmetrics
2014-12-08,363.2160,coinmetrics
2014-12-09,351.1070,coinmetrics
2014-12-10,347.8810,coinmetrics
2014-12-11,348.5930,coinmetrics
2014-12-12,353.1910,coinmetrics
2014-12-13,349.2430,coinmetrics
2014-12-14,356.0800,coinmetrics
2014-12-15,347.0950,coinmetrics
2014-12-16,328.6130,coinmetrics
2014-12-17,320.2980,coinmetrics
2014-12-18,313.5120,coinmetrics
2014-12-19,318.2430,coinmetrics
2014-12-20,330.0660,coinmetrics
2014-12-21,320.9930,coinmetrics
2014-12-22,331.8430,coinmetrics
2014-12-23,336.0840,coinmetrics
2014-12-24,323.0320,coinmetrics
2014-12-25,318.9960,coinmetrics
2014-12-26,329.2100,coinmetrics
2014-12-27,315.9680,coinmetrics
2014-12-28,317.0100,coinmetrics
2014-12-29,313.0660,coinmetrics
2014-12-30,310.4420,coinmetrics
2014-12-31,320.6620,coinmetrics
2015-01-01,314.7760,coinmetrics
2015-01-02,315.9430,coinmetrics
2015-01-03,285.6470,coinmetrics
2015-01-04,263.3350,coinmetrics
2015-01-05,275.0040,coinmetrics
2015-01-06,287.5500,coinmetrics
2015-01-07,297.5360,coinmetrics
2015-01-08,284.3420,coinmetrics
2015-01-09,292.5010,coinmetrics
2015-01-10,276.2310,coinmetrics
2015-01-11,268.7560,coinmetrics
2015-01-12,268.6170,coinmetrics
2015-01-13,224.1080,coinmetrics
2015-01-14,175.6380,coinmetrics
2015-01-15,212.3410,coinmetrics
2015-01-16,207.5950,coinmetrics
2015-01-17,199.8250,coinmetrics
2015-01-18,211.1330,coinmetrics
2015-01-19,216.8950,coinmetrics
2015-01-20,211.9200,coinmetrics
2015-01-21,227.9040,coinmetrics
2015-01-22,233.6470,coinmetrics
2015-01-23,233.1330,coinmetrics
2015-01-24,249.0820,coinmetrics
2015-01-25,254.5180,coinmetrics
2015-01-26,273.9520,coinmetrics
2015-01-27,264.7540,coinmetrics
2015-01-28,235.7360,coinmetrics
2015-01-29,233.9570,coinmetrics
2015-01-30,228.8960,coinmetrics
2015-01-31,217.3320,coinmetrics
2015-02-01,227.1110,coinmetrics
2015-02-02,240.0920,coinmetrics
2015-02-03,227.7760,coinmetrics
2015-02-04,226.7810,coinmetrics
2015-02-05,217.0110,coinmetrics
2015-02-06,222.7250,coinmetrics
2015-02-07,228.6470,coinmetrics
2015-02-08,224.0360,coinmetrics
2015-02-09,220.7680,coinmetrics
2015-02-10,220.8880,coinmetrics
2015-02-11,219.4960,coinmetrics
2015-02-12,222.5830,coinmetrics
2015-02-13,236.5550,coinmetrics
2015-02-14,257.6280,coinmetrics
2015-02-15,234.4460,coinmetrics
2015-02-16,235.0860,coinmetrics
2015-02-17,243.9060,coinmetrics
2015-02-18,235.9950,coinmetrics
2015-02-19,241.8720,coinmetrics
2015-02-20,245.5310,coinmetrics
2015-02-21,245.5960,coinmetrics
2015-02-22,236.6910,coinmetrics
2015-02-23,239.0660,coinmetrics
2015-02-24,239.8690,coinmetrics
2015-02-25,238.2360,coinmetrics
2015-02-26,237.0440,coinmetrics
2015-02-27,255.1170,coinmetrics
2015-02-28,254.9480,coinmetrics
2015-03-01,260.6510,coinmetrics
2015-03-02,276.3230,coinmetrics
2015-03-03,282.7060,coinmetrics
2015-03-04,273.4480,coinmetrics
2015-03-05,276.2690,coinmetrics
2015-03-06,273.3180,coinmetrics
2015-03-07,276.4030,coinmetrics
2015-03-08,275.3380,coinmetrics
2015-03-09,290.1300,coinmetrics
2015-03-10,292.3200,coinmetrics
2015-03-11,296.6930,coinmetrics
2015-03-12,295.8000,coinmetrics
2015-03-13,285.9110,coinmetrics
2015-03-14,283.6080,coinmetrics
2015-03-15,287.2700,coinmetrics
2015-03-16,291.3920,coinmetrics
2015-03-17,285.2480,coinmetrics
2015-03-18,257.2860,coinmetrics
2015-03-19,262.0930,coinmetrics
2015-03-20,262.9660,coinmetrics
2015-03-21,261.1840,coinmetrics
2015-03-22,268.8990,coinmetrics
2015-03-23,266.7780,coinmetrics
2015-03-24,246.8350,coinmetrics
2015-03-25,246.7190,coinmetrics
2015-03-26,249.5330,coinmetrics
2015-03-27,247.3790,coinmetrics
2015-03-28,253.2320,coinmetrics
2015-03-29,242.9680,coinmetrics
2015-03-30,248.3370,coinmetrics
2015-03-31,244.7120,coinmetrics
2015-04-01,247.1860,coinmetrics
2015-04-02,253.6300,coinmetrics
2015-04-03,254.8330,coinmetrics
2015-04-04,253.9460,coinmetrics
2015-04-05,261.1120,coinmetrics
2015-04-06,256.3670,coinmetrics
2015-04-07,254.8320,coinmetrics
2015-04-08,245.8250,coinmetrics
2015-04-09,243.8610,coinmetrics
2015-04-10,235.8720,coinmetrics
2015-04-11,237.4090,coinmetrics
2015-04-12,237.1410,coinmetrics
2015-04-13,225.5060,coinmetrics
2015-04-14,219.7570,coinmetrics
2015-04-15,223.3140,coinmetrics
2015-04-16,228.4940,coinmetrics
2015-04-17,222.7850,coinmetrics
2015-04-18,223.3980,coinmetrics
2015-04-19,223.2840,coinmetrics
2015-04-20,224.8950,coinmetrics
2015-04-21,234.9390,coinmetrics
2015-04-22,233.8220,coinmetrics
2015-04-23,235.9330,coinmetrics
2015-04-24,231.4590,coinmetrics
2015-04-25,226.4460,coinmetrics
2015-04-26,220.5030,coinmetrics
2015-04-27,227.3260,coinmetrics
2015-04-28,225.5490,coinmetrics
2015-04-29,225.6690,coinmetrics
2015-04-30,236.3280,coinmetrics
2015-05-01,232.7470,coinmetrics
2015-05-02,235.5400,coinmetrics
2015-05-03,240.4640,coinmetrics
2015-05-04,238.9770,coinmetrics
2015-05-05,236.0230,coinmetrics
2015-05-06,229.4810,coinmetrics
2015-05-07,237.1310,coinmetrics
2015-05-08,244.3830,coinmetrics
2015-05-09,242.7060,coinmetrics
2015-05-10,240.7310,coinmetrics
2015-05-11,242.2500,coinmetrics
2015-05-12,242.2090,coinmetrics
2015-05-13,236.5500,coinmetrics
2015-05-14,236.9490,coinmetrics
2015-05-15,237.4850,coinmetrics
2015-05-16,235.8120,coinmetrics
2015-05-17,236.9640,coinmetrics
2015-05-18,232.8840,coinmetrics
2015-05-19,231.9740,coinmetrics
2015-05-20,234.1900,coinmetrics
2015-05-21,235.5540,coinmetrics
2015-05-22,240.3230,coinmetrics
2015-05-23,238.9630,coinmetrics
2015-05-24,240.7120,coinmetrics
2015-05-25,237.0040,coinmetrics
2015-05-26,236.7960,coinmetrics
2015-05-27,237.2040,coinmetrics
2015-05-28,236.9570,coinmetrics
2015-05-29,236.6470,coinmetrics
2015-05-30,232.7890,coinmetrics
2015-05-31,229.4510,coinmetrics
2015-06-01,223.2830,coinmetrics
2015-06-02,225.3210,coinmetrics
2015-06-03,225.2130,coinmetrics
2015-06-04,223.5400,coinmetrics
2015-06-05,224.7310,coinmetrics
2015-06-06,225.1610,coinmetrics
2015-06-07,223.4120,coinmetrics
2015-06-08,228.7740,coinmetrics
2015-06-09,229.3710,coinmetrics
2015-06-10,228.5880,coinmetrics
2015-06-11,229.5840,coinmetrics
2015-06-12,229.8110,coinmetrics
2015-06-13,233.0150,coinmetrics
2015-06-14,232.5070,coinmetrics
2015-06-15,236.7910,coinmetrics
2015-06-16,251.4330,coinmetrics
2015-06-17,247.9690,coinmetrics
2015-06-18,249.0120,coinmetrics
2015-06-19,244.8030,coinmetrics
2015-06-20,245.5830,coinmetrics
2015-06-21,244.3000,coinmetrics
2015-06-22,247.0180,coinmetrics
2015-06-23,244.1850,coinmetrics
2015-06-24,240.4520,coinmetrics
2015-06-25,242.3480,coinmetrics
2015-06-26,242.9680,coinmetrics
2015-06-27,251.5290,coinmetrics
2015-06-28,249.0580,coinmetrics
2015-06-29,256.6500,coinmetrics
2015-06-30,263.8540,coinmetrics
2015-07-01,258.0430,coinmetrics
2015-07-02,254.7470,coinmetrics
2015-07-03,256.0870,coinmetrics
2015-07-04,260.5090,coinmetrics
2015-07-05,271.3020,coinmetrics
2015-07-06,269.1380,coinmetrics
2015-07-07,266.4700,coinmetrics
2015-07-08,270.5760,coinmetrics
2015-07-09,269.6800,coinmetrics
2015-07-10,285.5590,coinmetrics
2015-07-11,293.9170,coinmetrics
2015-07-12,311.4820,coinmetrics
2015-07-13,292.6490,coinmetrics
2015-07-14,287.7410,coinmetrics
2015-07-15,285.9230,coinmetrics
2015-07-16,278.5330,coinmetrics
2015-07-17,280.0650,coinmetrics
2015-07-18,277.3550,coinmetrics
2015-07-19,275.2820,coinmetrics
2015-07-20,279.1140,coinmetrics
2015-07-21,276.6520,coinmetrics
2015-07-22,277.7640,coinmetrics
2015-07-23,276.8120,coinmetrics
2015-07-24,289.3060,coinmetrics
2015-07-25,289.5080,coinmetrics
2015-07-26,293.3150,coinmetrics
2015-07-27,294.4270,coinmetrics
2015-07-28,295.4100,coinmetrics
2015-07-29,289.8560,coinmetrics
2015-07-30,288.2360,coinmetrics
2015-07-31,284.5970,coinmetrics
2015-08-01,281.6690,coinmetrics
2015-08-02,282.4230,coinmetrics
2015-08-03,282.1850,coinmetrics
2015-08-04,285.2870,coinmetrics
2015-08-05,282.3390,coinmetrics
2015-08-06,278.9960,coinmetrics
2015-08-07,279.4890,coinmetrics
2015-08-08,261.4500,coinmetrics
2015-08-09,266.3420,coinmetrics
2015-08-10,264.9290,coinmetrics
2015-08-11,271.4220,coinmetrics
2015-08-12,268.1440,coinmetrics
2015-08-13,264.6920,coinmetrics
2015-08-14,266.3560,coinmetrics
2015-08-15,261.9370,coinmetrics
2015-08-16,258.9310,coinmetrics
2015-08-17,258.0090,coinmetrics
2015-08-18,217.8860,coinmetrics
2015-08-19,227.2180,coinmetrics
2015-08-20,235.5240,coinmetrics
2015-08-21,232.8010,coinmetrics
2015-08-22,230.6390,coinmetrics
2015-08-23,228.6730,coinmetrics
2015-08-24,211.9560,coinmetrics
2015-08-25,222.6550,coinmetrics
2015-08-26,226.1170,coinmetrics
2015-08-27,224.9400,coinmetrics
2015-08-28,232.1710,coinmetrics
2015-08-29,229.8260,coinmetrics
2015-08-30,229.0200,coinmetrics
2015-08-31,230.6890,coinmetrics
2015-09-01,227.9560,coinmetrics
2015-09-02,229.5020,coinmetrics
2015-09-03,227.1070,coinmetrics
2015-09-04,231.1780,coinmetrics
2015-09-05,235.9030,coinmetrics
2015-09-06,240.8050,coinmetrics
2015-09-07,240.6340,coinmetrics
2015-09-08,244.1750,coinmetrics
2015-09-09,238.7220,coinmetrics
2015-09-10,238.7500,coinmetrics
2015-09-11,240.8450,coinmetrics
2015-09-12,236.3520,coinmetrics
2015-09-13,230.5490,coinmetrics
2015-09-14,230.9490,coinmetrics
2015-09-15,230.3990,coinmetrics
2015-09-16,229.0430,coinmetrics
2015-09-17,233.2030,coinmetrics
2015-09-18,233.1750,coinmetrics
2015-09-19,232.2420,coinmetrics
2015-09-20,231.3620,coinmetrics
2015-09-21,226.7730,coinmetrics
2015-09-22,230.6260,coinmetrics
2015-09-23,230.1320,coinmetrics
2015-09-24,234.3200,coinmetrics
2015-09-25,235.5380,coinmetrics
2015-09-26,234.5920,coinmetrics
2015-09-27,233.2430,coinmetrics
2015-09-28,240.0170,coinmetrics
2015-09-29,237.3360,coinmetrics
2015-09-30,236.7400,coinmetrics
2015-10-01,238.2300,coinmetrics
2015-10-02,237.9370,coinmetrics
2015-10-03,239.7360,coinmetrics
2015-10-04,239.5170,coinmetrics
2015-10-05,240.9610,coinmetrics
2015-10-06,246.9400,coinmetrics
2015-10-07,243.7340,coinmetrics
2015-10-08,243.0300,coinmetrics
2015-10-09,244.4490,coinmetrics
2015-10-10,245.9560,coinmetrics
2015-10-11,248.5280,coinmetrics
2015-10-12,246.0940,coinmetrics
2015-10-13,250.4710,coinmetrics
2015-10-14,253.1420,coinmetrics
2015-10-15,254.6930,coinmetrics
2015-10-16,262.7370,coinmetrics
2015-10-17,271.9310,coinmetrics
2015-10-18,263.4820,coinmetrics
2015-10-19,264.3630,coinmetrics
2015-10-20,270.8320,coinmetrics
2015-10-21,268.0400,coinmetrics
2015-10-22,275.4150,coinmetrics
2015-10-23,278.6130,coinmetrics
2015-10-24,283.6110,coinmetrics
2015-10-25,286.0500,coinmetrics
2015-10-26,286.7030,coinmetrics
2015-10-27,295.5630,coinmetrics
2015-10-28,304.4420,coinmetrics
2015-10-29,314.8790,coinmetrics
2015-10-30,328.4920,coinmetrics
2015-10-31,314.1200,coinmetrics
2015-11-01,329.8540,coinmetrics
2015-11-02,364.6170,coinmetrics
2015-11-03,400.9230,coinmetrics
2015-11-04,405.4820,coinmetrics
2015-11-05,384.3410,coinmetrics
2015-11-06,372.9750,coinmetrics
2015-11-07,386.5050,coinmetrics
2015-11-08,372.4000,coinmetrics
2015-11-09,380.4960,coinmetrics
2015-11-10,337.8310,coinmetrics
2015-11-11,308.9220,coinmetrics
2015-11-12,337.5230,coinmetrics
2015-11-13,337.2790,coinmetrics
2015-11-14,333.0470,coinmetrics
2015-11-15,319.9280,coinmetrics
2015-11-16,331.1330,coinmetrics
2015-11-17,335.8500,coinmetrics
2015-11-18,335.7450,coinmetrics
2015-11-19,326.2320,coinmetrics
2015-11-20,321.9400,coinmetrics
2015-11-21,325.9050,coinmetrics
2015-11-22,323.7170,coinmetrics
2015-11-23,323.0130,coinmetrics
2015-11-24,319.9610,coinmetrics
2015-11-25,328.9600,coinmetrics
2015-11-26,356.2550,coinmetrics
2015-11-27,359.2690,coinmetrics
2015-11-28,356.5670,coinmetrics
2015-11-29,371.7080,coinmetrics
2015-11-30,377.3900,coinmetrics
2015-12-01,362.5320,coinmetrics
2015-12-02,359.2220,coinmetrics
2015-12-03,361.2100,coinmetrics
2015-12-04,363.2420,coinmetrics
2015-12-05,389.3630,coinmetrics
2015-12-06,393.3190,coinmetrics
2015-12-07,395.3470,coinmetrics
2015-12-08,413.7990,coinmetrics
2015-12-09,417.6330,coinmetrics
2015-12-10,415.7300,coinmetrics
2015-12-11,453.8610,coinmetrics
2015-12-12,435.8560,coinmetrics
2015-12-13,434.4030,coinmetrics
2015-12-14,442.9920,coinmetrics
2015-12-15,464.6180,coinmetrics
2015-12-16,454.1420,coinmetrics
2015-12-17,456.2400,coinmetrics
2015-12-18,463.1760,coinmetrics
2015-12-19,461.4000,coinmetrics
2015-12-20,442.1540,coinmetrics
2015-12-21,437.6400,coinmetrics
2015-12-22,435.2680,coinmetrics
2015-12-23,442.6660,coinmetrics
2015-12-24,455.8790,coinmetrics
2015-12-25,455.7190,coinmetrics
2015-12-26,418.2220,coinmetrics
2015-12-27,422.7060,coinmetrics
2015-12-28,421.0530,coinmetrics
2015-12-29,431.3400,coinmetrics
2015-12-30,426.0440,coinmetrics
2015-12-31,429.6770,coinmetrics
2016-01-01,434.6780,coinmetrics
2016-01-02,434.4400,coinmetrics
2016-01-03,430.1360,coinmetrics
2016-01-04,433.4490,coinmetrics
2016-01-05,432.6700,coinmetrics
2016-01-06,430.6780,coinmetrics
2016-01-07,459.2090,coinmetrics
2016-01-08,454.1340,coinmetrics
2016-01-09,449.8450,coinmetrics
2016-01-10,448.5800,coinmetrics
2016-01-11,449.0330,coinmetrics
2016-01-12,441.7680,coinmetrics
2016-01-13,432.3110,coinmetrics
2016-01-14,429.8230,coinmetrics
2016-01-15,367.8230,coinmetrics
2016-01-16,388.0710,coinmetrics
2016-01-17,382.4820,coinmetrics
2016-01-18,384.8650,coinmetrics
2016-01-19,378.1620,coinmetrics
2016-01-20,420.6230,coinmetrics
2016-01-21,409.2980,coinmetrics
2016-01-22,381.0460,coinmetrics
2016-01-23,386.3710,coinmetrics
2016-01-24,403.4470,coinmetrics
2016-01-25,391.9860,coinmetrics
2016-01-26,391.1430,coinmetrics
2016-01-27,394.6280,coinmetrics
2016-01-28,378.9010,coinmetrics
2016-01-29,379.0000,coinmetrics
2016-01-30,377.2630,coinmetrics
2016-01-31,366.3420,coinmetrics
2016-02-01,371.2230,coinmetrics
2016-02-02,372.9280,coinmetrics
2016-02-03,368.0980,coinmetrics
2016-02-04,389.7230,coinmetrics
2016-02-05,384.3980,coinmetrics
2016-02-06,374.6320,coinmetrics
2016-02-07,375.1540,coinmetrics
2016-02-08,370.8140,coinmetrics
2016-02-09,373.5120,coinmetrics
2016-02-10,379.0830,coinmetrics
2016-02-11,377.6390,coinmetrics
2016-02-12,382.2940,coinmetrics
2016-02-13,389.5980,coinmetrics
2016-02-14,406.1510,coinmetrics
2016-02-15,399.2680,coinmetrics
2016-02-16,407.0350,coinmetrics
2016-02-17,415.3240,coinmetrics
2016-02-18,421.2900,coinmetrics
2016-02-19,419.6270,coinmetrics
2016-02-20,440.1960,coinmetrics
2016-02-21,438.7190,coinmetrics
2016-02-22,437.5350,coinmetrics
2016-02-23,420.0330,coinmetrics
2016-02-24,423.9950,coinmetrics
2016-02-25,424.0910,coinmetrics
2016-02-26,431.7620,coinmetrics
2016-02-27,432.9480,coinmetrics
2016-02-28,433.1020,coinmetrics
2016-02-29,437.7760,coinmetrics
2016-03-01,432.8080,coinmetrics
2016-03-02,423.0800,coinmetrics
2016-03-03,419.2690,coinmetrics
2016-03-04,407.9900,coinmetrics
2016-03-05,397.3140,coinmetrics
2016-03-06,403.7050,coinmetrics
2016-03-07,413.2290,coinmetrics
2016-03-08,411.4260,coinmetrics
2016-03-09,412.5410,coinmetrics
2016-03-10,416.3410,coinmetrics
2016-03-11,419.5120,coinmetrics
2016-03-12,410.2640,coinmetrics
2016-03-13,411.8060,coinmetrics
2016-03-14,415.0270,coinmetrics
2016-03-15,415.2660,coinmetrics
2016-03-16,417.0240,coinmetrics
2016-03-17,418.6050,coinmetrics
2016-03-18,408.9020,coinmetrics
2016-03-19,409.1240,coinmetrics
2016-03-20,412.0570,coinmetrics
2016-03-21,411.6020,coinmetrics
2016-03-22,416.5820,coinmetrics
2016-03-23,417.3780,coinmetrics
2016-03-24,413.5600,coinmetrics
2016-03-25,416.3730,coinmetrics
2016-03-26,416.8230,coinmetrics
2016-03-27,425.4550,coinmetrics
2016-03-28,422.9170,coinmetrics
2016-03-29,415.8640,coinmetrics
2016-03-30,412.7780,coinmetrics
2016-03-31,415.9570,coinmetrics
2016-04-01,417.2010,coinmetrics
2016-04-02,419.7630,coinmetrics
2016-04-03,420.0740,coinmetrics
2016-04-04,419.5410,coinmetrics
2016-04-05,422.5010,coinmetrics
2016-04-06,421.9070,coinmetrics
2016-04-07,421.4670,coinmetrics
2016-04-08,418.6430,coinmetrics
2016-04-09,418.7590,coinmetrics
2016-04-10,421.9540,coinmetrics
2016-04-11,423.2730,coinmetrics
2016-04-12,427.4280,coinmetrics
2016-04-13,424.8730,coinmetrics
2016-04-14,425.8570,coinmetrics
2016-04-15,430.7240,coinmetrics
2016-04-16,432.2160,coinmetrics
2016-04-17,429.3400,coinmetrics
2016-04-18,429.6570,coinmetrics
2016-04-19,437.5690,coinmetrics
2016-04-20,442.6620,coinmetrics
2016-04-21,452.1650,coinmetrics
2016-04-22,448.1340,coinmetrics
2016-04-23,453.9150,coinmetrics
2016-04-24,463.3830,coinmetrics
2016-04-25,465.3160,coinmetrics
2016-04-26,469.6090,coinmetrics
2016-04-27,445.7410,coinmetrics
2016-04-28,451.0600,coinmetrics
2016-04-29,457.0100,coinmetrics
2016-04-30,449.9000,coinmetrics
2016-05-01,455.0110,coinmetrics
2016-05-02,444.9330,coinmetrics
2016-05-03,451.6290,coinmetrics
2016-05-04,448.3680,coinmetrics
2016-05-05,449.3360,coinmetrics
2016-05-06,461.6940,coinmetrics
2016-05-07,461.3620,coinmetrics
2016-05-08,461.3790,coinmetrics
2016-05-09,463.4620,coinmetrics
2016-05-10,451.0800,coinmetrics
2016-05-11,453.8960,coinmetrics
2016-05-12,455.6070,coinmetrics
2016-05-13,457.2420,coinmetrics
2016-05-14,458.1200,coinmetrics
2016-05-15,460.8580,coinmetrics
2016-05-16,455.2240,coinmetrics
2016-05-17,453.5460,coinmetrics
2016-05-18,454.4860,coinmetrics
2016-05-19,437.7240,coinmetrics
2016-05-20,442.3970,coinmetrics
2016-05-21,444.0780,coinmetrics
2016-05-22,440.5590,coinmetrics
2016-05-23,444.2050,coinmetrics
2016-05-24,445.6740,coinmetrics
2016-05-25,450.5500,coinmetrics
2016-05-26,454.4340,coinmetrics
2016-05-27,471.8200,coinmetrics
2016-05-28,530.9110,coinmetrics
2016-05-29,527.5500,coinmetrics
2016-05-30,533.4930,coinmetrics
2016-05-31,530.9440,coinmetrics
2016-06-01,537.6140,coinmetrics
2016-06-02,538.7710,coinmetrics
2016-06-03,570.1760,coinmetrics
2016-06-04,574.2660,coinmetrics
2016-06-05,575.1380,coinmetrics
2016-06-06,585.8570,coinmetrics
2016-06-07,578.4690,coinmetrics
2016-06-08,583.0980,coinmetrics
2016-06-09,577.1020,coinmetrics
2016-06-10,579.8150,coinmetrics
2016-06-11,605.4500,coinmetrics
2016-06-12,670.3920,coinmetrics
2016-06-13,704.3220,coinmetrics
2016-06-14,684.9480,coinmetrics
2016-06-15,695.0010,coinmetrics
2016-06-16,767.4200,coinmetrics
2016-06-17,750.0150,coinmetrics
2016-06-18,758.2890,coinmetrics
2016-06-19,766.7670,coinmetrics
2016-06-20,722.4970,coinmetrics
2016-06-21,669.6040,coinmetrics
2016-06-22,594.8330,coinmetrics
2016-06-23,627.6780,coinmetrics
2016-06-24,664.1270,coinmetrics
2016-06-25,668.8730,coinmetrics
2016-06-26,630.4340,coinmetrics
2016-06-27,652.2450,coinmetrics
2016-06-28,647.2190,coinmetrics
2016-06-29,638.5860,coinmetrics
2016-06-30,674.2850,coinmetrics
2016-07-01,677.5120,coinmetrics
2016-07-02,702.7390,coinmetrics
2016-07-03,662.5500,coinmetrics
2016-07-04,679.8420,coinmetrics
2016-07-05,668.1660,coinmetrics
2016-07-06,677.6510,coinmetrics
2016-07-07,640.0530,coinmetrics
2016-07-08,665.0520,coinmetrics
2016-07-09,651.9420,coinmetrics
2016-07-10,649.9590,coinmetrics
2016-07-11,650.2730,coinmetrics
2016-07-12,670.0230,coinmetrics
2016-07-13,658.3340,coinmetrics
2016-07-14,660.9060,coinmetrics
2016-07-15,666.7590,coinmetrics
2016-07-16,665.2760,coinmetrics
2016-07-17,681.0900,coinmetrics
2016-07-18,675.1190,coinmetrics
2016-07-19,674.6600,coinmetrics
2016-07-20,667.3050,coinmetrics
2016-07-21,666.8520,coinmetrics
2016-07-22,650.5630,coinmetrics
2016-07-23,657.3780,coinmetrics
2016-07-24,661.3940,coinmetrics
2016-07-25,655.1200,coinmetrics
2016-07-26,654.6260,coinmetrics
2016-07-27,656.2750,coinmetrics
2016-07-28,656.1960,coinmetrics
2016-07-29,657.5580,coinmetrics
2016-07-30,655.3620,coinmetrics
2016-07-31,624.8040,coinmetrics
2016-08-01,606.5090,coinmetrics
2016-08-02,526.9810,coinmetrics
2016-08-03,570.3470,coinmetrics
2016-08-04,583.5420,coinmetrics
2016-08-05,581.2800,coinmetrics
2016-08-06,590.7950,coinmetrics
2016-08-07,594.7320,coinmetrics
2016-08-08,591.6290,coinmetrics
2016-08-09,587.9320,coinmetrics
2016-08-10,589.9690,coinmetrics
2016-08-11,589.5860,coinmetrics
2016-08-12,587.1920,coinmetrics
2016-08-13,585.3640,coinmetrics
2016-08-14,571.3870,coinmetrics
2016-08-15,566.5640,coinmetrics
2016-08-16,578.4150,coinmetrics
2016-08-17,573.6640,coinmetrics
2016-08-18,573.2630,coinmetrics
2016-08-19,573.9580,coinmetrics
2016-08-20,581.7970,coinmetrics
2016-08-21,580.7920,coinmetrics
2016-08-22,584.9720,coinmetrics
2016-08-23,582.6280,coinmetrics
2016-08-24,578.7020,coinmetrics
2016-08-25,576.0330,coinmetrics
2016-08-26,578.8750,coinmetrics
2016-08-27,570.2010,coinmetrics
2016-08-28,575.1050,coinmetrics
2016-08-29,573.4290,coinmetrics
2016-08-30,575.6960,coinmetrics
2016-08-31,572.2730,coinmetrics
2016-09-01,572.2220,coinmetrics
2016-09-02,576.8470,coinmetrics
2016-09-03,600.3740,coinmetrics
2016-09-04,610.5390,coinmetrics
2016-09-05,607.5270,coinmetrics
2016-09-06,612.9950,coinmetrics
2016-09-07,615.6600,coinmetrics
2016-09-08,630.5500,coinmetrics
2016-09-09,622.9780,coinmetrics
2016-09-10,624.7530,coinmetrics
2016-09-11,608.2470,coinmetrics
2016-09-12,607.7070,coinmetrics
2016-09-13,608.6940,coinmetrics
2016-09-14,609.4130,coinmetrics
2016-09-15,607.0700,coinmetrics
2016-09-16,607.8060,coinmetrics
2016-09-17,607.3810,coinmetrics
2016-09-18,611.5330,coinmetrics
2016-09-19,608.8710,coinmetrics
2016-09-20,608.3720,coinmetrics
2016-09-21,596.9460,coinmetrics
2016-09-22,595.5650,coinmetrics
2016-09-23,602.3790,coinmetrics
2016-09-24,602.6870,coinmetrics
2016-09-25,600.6100,coinmetrics
2016-09-26,606.7790,coinmetrics
2016-09-27,605.1520,coinmetrics
2016-09-28,604.6860,coinmetrics
2016-09-29,605.2030,coinmetrics
2016-09-30,608.8660,coinmetrics
2016-10-01,615.4080,coinmetrics
2016-10-02,611.7490,coinmetrics
2016-10-03,612.5900,coinmetrics
2016-10-04,610.0080,coinmetrics
2016-10-05,612.1480,coinmetrics
2016-10-06,611.7610,coinmetrics
2016-10-07,617.9060,coinmetrics
2016-10-08,619.3010,coinmetrics
2016-10-09,617.1010,coinmetrics
2016-10-10,618.0850,coinmetrics
2016-10-11,642.9810,coinmetrics
2016-10-12,636.5980,coinmetrics
2016-10-13,635.4440,coinmetrics
2016-10-14,639.5860,coinmetrics
2016-10-15,637.2840,coinmetrics
2016-10-16,642.9130,coinmetrics
2016-10-17,639.1380,coinmetrics
2016-10-18,635.5770,coinmetrics
2016-10-19,629.6410,coinmetrics
2016-10-20,628.5990,coinmetrics
2016-10-21,630.9060,coinmetrics
2016-10-22,654.5090,coinmetrics
2016-10-23,651.9620,coinmetrics
2016-10-24,650.0270,coinmetrics
2016-10-25,655.7930,coinmetrics
2016-10-26,675.1100,coinmetrics
2016-10-27,686.5230,coinmetrics
2016-10-28,690.3910,coinmetrics
2016-10-29,715.4450,coinmetrics
2016-10-30,699.3330,coinmetrics
2016-10-31,698.8980,coinmetrics
2016-11-01,730.5780,coinmetrics
2016-11-02,740.3670,coinmetrics
2016-11-03,689.9390,coinmetrics
2016-11-04,705.4320,coinmetrics
2016-11-05,706.8190,coinmetrics
2016-11-06,715.8970,coinmetrics
2016-11-07,706.1810,coinmetrics
2016-11-08,711.8360,coinmetrics
2016-11-09,721.5020,coinmetrics
2016-11-10,713.4080,coinmetrics
2016-11-11,715.7030,coinmetrics
2016-11-12,703.8480,coinmetrics
2016-11-13,703.6260,coinmetrics
2016-11-14,705.6440,coinmetrics
2016-11-15,712.3470,coinmetrics
2016-11-16,742.0500,coinmetrics
2016-11-17,735.3180,coinmetrics
2016-11-18,749.5790,coinmetrics
2016-11-19,751.2140,coinmetrics
2016-11-20,730.3510,coinmetrics
2016-11-21,736.5070,coinmetrics
2016-11-22,747.9980,coinmetrics
2016-11-23,741.2400,coinmetrics
2016-11-24,737.3550,coinmetrics
2016-11-25,739.6850,coinmetrics
2016-11-26,734.6530,coinmetrics
2016-11-27,727.7410,coinmetrics
2016-11-28,730.0820,coinmetrics
2016-11-29,731.6460,coinmetrics
2016-11-30,742.2040,coinmetrics
2016-12-01,753.6750,coinmetrics
2016-12-02,772.3020,coinmetrics
2016-12-03,766.1100,coinmetrics
2016-12-04,766.3800,coinmetrics
2016-12-05,752.6710,coinmetrics
2016-12-06,759.1170,coinmetrics
2016-12-07,764.9880,coinmetrics
2016-12-08,767.6590,coinmetrics
2016-12-09,771.9020,coinmetrics
2016-12-10,775.4750,coinmetrics
2016-12-11,770.4960,coinmetrics
2016-12-12,778.5070,coinmetrics
2016-12-13,778.9310,coinmetrics
2016-12-14,776.9640,coinmetrics
2016-12-15,776.1770,coinmetrics
2016-12-16,782.2300,coinmetrics
2016-12-17,789.6030,coinmetrics
2016-12-18,790.6330,coinmetrics
2016-12-19,790.2790,coinmetrics
2016-12-20,799.7780,coinmetrics
2016-12-21,828.4840,coinmetrics
2016-12-22,858.5010,coinmetrics
2016-12-23,915.5620,coinmetrics
2016-12-24,891.1550,coinmetrics
2016-12-25,896.0030,coinmetrics
2016-12-26,903.2010,coinmetrics
2016-12-27,925.9510,coinmetrics
2016-12-28,979.9610,coinmetrics
2016-12-29,973.4630,coinmetrics
2016-12-30,961.1830,coinmetrics
2016-12-31,968.9710,coinmetrics
2017-01-01,997.2570,coinmetrics
2017-01-02,1017.0800,coinmetrics
2017-01-03,1032.6100,coinmetrics
2017-01-04,1134.5000,coinmetrics
2017-01-05,1000.5000,coinmetrics
2017-01-06,892.4640,coinmetrics
2017-01-07,903.4530,coinmetrics
2017-01-08,912.4850,coinmetrics
2017-01-09,903.5090,coinmetrics
2017-01-10,906.4990,coinmetrics
2017-01-11,788.3150,coinmetrics
2017-01-12,807.1100,coinmetrics
2017-01-13,826.7470,coinmetrics
2017-01-14,820.0450,coinmetrics
2017-01-15,824.5470,coinmetrics
2017-01-16,830.8380,coinmetrics
2017-01-17,906.0270,coinmetrics
2017-01-18,881.2600,coinmetrics
2017-01-19,902.2640,coinmetrics
2017-01-20,895.1750,coinmetrics
2017-01-21,924.4680,coinmetrics
2017-01-22,922.4670,coinmetrics
2017-01-23,919.1160,coinmetrics
2017-01-24,887.7430,coinmetrics
2017-01-25,895.6900,coinmetrics
2017-01-26,916.6670,coinmetrics
2017-01-27,920.4540,coinmetrics
2017-01-28,922.7750,coinmetrics
2017-01-29,915.6320,coinmetrics
2017-01-30,920.3130,coinmetrics
2017-01-31,968.4990,coinmetrics
2017-02-01,987.5330,coinmetrics
2017-02-02,1007.7000,coinmetrics
2017-02-03,1015.3000,coinmetrics
2017-02-04,1033.7900,coinmetrics
2017-02-05,1014.5700,coinmetrics
2017-02-06,1023.3200,coinmetrics
2017-02-07,1053.6200,coinmetrics
2017-02-08,1052.3700,coinmetrics
2017-02-09,982.7520,coinmetrics
2017-02-10,996.6500,coinmetrics
2017-02-11,1011.3800,coinmetrics
2017-02-12,1006.3000,coinmetrics
2017-02-13,999.9530,coinmetrics
2017-02-14,1012.2100,coinmetrics
2017-02-15,1013.9000,coinmetrics
2017-02-16,1036.8100,coinmetrics
2017-02-17,1058.6700,coinmetrics
2017-02-18,1060.6700,coinmetrics
2017-02-19,1058.7900,coinmetrics
2017-02-20,1088.6900,coinmetrics
2017-02-21,1128.8600,coinmetrics
2017-02-22,1129.7000,coinmetrics
2017-02-23,1188.8600,coinmetrics
2017-02-24,1185.4900,coinmetrics
2017-02-25,1151.6000,coinmetrics
2017-02-26,1181.7100,coinmetrics
2017-02-27,1194.1500,coinmetrics
2017-02-28,1188.4000,coinmetrics
2017-03-01,1228.4600,coinmetrics
2017-03-02,1262.9300,coinmetrics
2017-03-03,1289.3600,coinmetrics
2017-03-04,1268.9400,coinmetrics
2017-03-05,1276.2700,coinmetrics
2017-03-06,1282.2500,coinmetrics
2017-03-07,1234.4800,coinmetrics
2017-03-08,1152.1400,coinmetrics
2017-03-09,1193.4600,coinmetrics
2017-03-10,1098.5300,coinmetrics
2017-03-11,1176.8200,coinmetrics
2017-03-12,1231.7500,coinmetrics
2017-03-13,1239.4000,coinmetrics
2017-03-14,1246.5400,coinmetrics
2017-03-15,1258.6500,coinmetrics
2017-03-16,1178.0200,coinmetrics
2017-03-17,1072.0800,coinmetrics
2017-03-18,962.5690,coinmetrics
2017-03-19,1020.2200,coinmetrics
2017-03-20,1037.7600,coinmetrics
2017-03-21,1111.8200,coinmetrics
2017-03-22,1037.3000,coinmetrics
2017-03-23,1028.1700,coinmetrics
2017-03-24,935.0630,coinmetrics
2017-03-25,968.5430,coinmetrics
2017-03-26,962.9580,coinmetrics
2017-03-27,1042.9200,coinmetrics
2017-03-28,1045.1600,coinmetrics
2017-03-29,1039.6900,coinmetrics
2017-03-30,1037.9900,coinmetrics
2017-03-31,1081.7400,coinmetrics
2017-04-01,1089.5200,coinmetrics
2017-04-02,1105.5600,coinmetrics
2017-04-03,1144.6600,coinmetrics
2017-04-04,1141.9200,coinmetrics
2017-04-05,1135.8100,coinmetrics
2017-04-06,1194.6000,coinmetrics
2017-04-07,1191.7300,coinmetrics
2017-04-08,1184.4200,coinmetrics
2017-04-09,1213.6300,coinmetrics
2017-04-10,1211.6500,coinmetrics
2017-04-11,1229.7800,coinmetrics
2017-04-12,1216.1100,coinmetrics
2017-04-13,1172.5600,coinmetrics
2017-04-14,1174.3300,coinmetrics
2017-04-15,1175.5600,coinmetrics
2017-04-16,1173.6900,coinmetrics
2017-04-17,1191.9000,coinmetrics
2017-04-18,1202.1300,coinmetrics
2017-04-19,1209.5600,coinmetrics
2017-04-20,1235.8000,coinmetrics
2017-04-21,1247.3400,coinmetrics
2017-04-22,1243.5500,coinmetrics
2017-04-23,1250.0000,coinmetrics
2017-04-24,1257.2400,coinmetrics
2017-04-25,1279.8600,coinmetrics
2017-04-26,1296.4900,coinmetrics
2017-04-27,1345.8900,coinmetrics
2017-04-28,1347.9900,coinmetrics
2017-04-29,1357.7200,coinmetrics
2017-04-30,1381.9600,coinmetrics
2017-05-01,1436.9400,coinmetrics
2017-05-02,1463.8200,coinmetrics
2017-05-03,1519.4100,coinmetrics
2017-05-04,1539.8300,coinmetrics
2017-05-05,1529.8500,coinmetrics
2017-05-06,1573.2900,coinmetrics
2017-05-07,1526.2700,coinmetrics
2017-05-08,1685.0900,coinmetrics
2017-05-09,1719.2300,coinmetrics
2017-05-10,1782.5000,coinmetrics
2017-05-11,1835.4900,coinmetrics
2017-05-12,1704.6600,coinmetrics
2017-05-13,1779.8400,coinmetrics
2017-05-14,1794.5900,coinmetrics
2017-05-15,1736.8800,coinmetrics
2017-05-16,1757.0300,coinmetrics
2017-05-17,1808.7500,coinmetrics
2017-05-18,1894.2500,coinmetrics
2017-05-19,1967.5500,coinmetrics
2017-05-20,2048.1200,coinmetrics
2017-05-21,2045.2200,coinmetrics
2017-05-22,2078.9400,coinmetrics
2017-05-23,2257.2900,coinmetrics
2017-05-24,2415.0100,coinmetrics
2017-05-25,2319.6000,coinmetrics
2017-05-26,2279.4200,coinmetrics
2017-05-27,2044.3000,coinmetrics
2017-05-28,2225.7000,coinmetrics
2017-05-29,2284.7200,coinmetrics
2017-05-30,2167.2600,coinmetrics
2017-05-31,2299.4300,coinmetrics
2017-06-01,2399.8900,coinmetrics
2017-06-02,2479.4200,coinmetrics
2017-06-03,2549.5500,coinmetrics
2017-06-04,2524.9900,coinmetrics
2017-06-05,2685.3200,coinmetrics
2017-06-06,2871.3400,coinmetrics
2017-06-07,2706.7600,coinmetrics
2017-06-08,2802.5600,coinmetrics
2017-06-09,2804.8700,coinmetrics
2017-06-10,2916.3300,coinmetrics
2017-06-11,2974.2100,coinmetrics
2017-06-12,2665.4300,coinmetrics
2017-06-13,2707.1400,coinmetrics
2017-06-14,2443.8200,coinmetrics
2017-06-15,2409.8900,coinmetrics
2017-06-16,2476.3600,coinmetrics
2017-06-17,2652.7600,coinmetrics
2017-06-18,2508.2100,coinmetrics
2017-06-19,2589.6400,coinmetrics
2017-06-20,2733.2300,coinmetrics
2017-06-21,2639.2600,coinmetrics
2017-06-22,2686.6500,coinmetrics
2017-06-23,2685.8700,coinmetrics
2017-06-24,2562.1900,coinmetrics
2017-06-25,2497.7300,coinmetrics
2017-06-26,2426.3700,coinmetrics
2017-06-27,2530.3500,coinmetrics
2017-06-28,2562.7900,coinmetrics
2017-06-29,2540.4400,coinmetrics
2017-06-30,2452.7100,coinmetrics
2017-07-01,2412.3700,coinmetrics
2017-07-02,2518.8700,coinmetrics
2017-07-03,2551.9300,coinmetrics
2017-07-04,2599.7400,coinmetrics
2017-07-05,2608.1000,coinmetrics
2017-07-06,2603.2000,coinmetrics
2017-07-07,2495.7800,coinmetrics
2017-07-08,2553.4900,coinmetrics
2017-07-09,2506.1700,coinmetrics
2017-07-10,2319.3700,coinmetrics
2017-07-11,2319.1700,coinmetrics
2017-07-12,2374.8900,coinmetrics
2017-07-13,2343.7400,coinmetrics
2017-07-14,2214.8300,coinmetrics
2017-07-15,1989.6300,coinmetrics
2017-07-16,1910.7500,coinmetrics
2017-07-17,2215.7500,coinmetrics
2017-07-18,2303.7600,coinmetrics
2017-07-19,2257.0700,coinmetrics
2017-07-20,2823.9000,coinmetrics
2017-07-21,2666.1400,coinmetrics
2017-07-22,2829.7500,coinmetrics
2017-07-23,2753.2400,coinmetrics
2017-07-24,2755.1600,coinmetrics
2017-07-25,2558.6900,coinmetrics
2017-07-26,2522.3200,coinmetrics
2017-07-27,2665.1500,coinmetrics
2017-07-28,2793.8300,coinmetrics
2017-07-29,2706.4500,coinmetrics
2017-07-30,2749.3800,coinmetrics
2017-07-31,2862.6100,coinmetrics
2017-08-01,2727.3900,coinmetrics
2017-08-02,2690.1500,coinmetrics
2017-08-03,2789.7500,coinmetrics
2017-08-04,2860.2700,coinmetrics
2017-08-05,3237.4200,coinmetrics
2017-08-06,3230.1200,coinmetrics
2017-08-07,3392.5600,coinmetrics
2017-08-08,3425.6800,coinmetrics
2017-08-09,3347.2200,coinmetrics
2017-08-10,3437.0300,coinmetrics
2017-08-11,3660.5200,coinmetrics
2017-08-12,3871.0800,coinmetrics
2017-08-13,4063.8000,coinmetrics
2017-08-14,4304.6000,coinmetrics
2017-08-15,4160.0300,coinmetrics
2017-08-16,4364.6800,coinmetrics
2017-08-17,4308.5200,coinmetrics
2017-08-18,4108.5100,coinmetrics
2017-08-19,4160.3300,coinmetrics
2017-08-20,4085.8100,coinmetrics
2017-08-21,3992.6300,coinmetrics
2017-08-22,4074.3300,coinmetrics
2017-08-23,4146.9200,coinmetrics
2017-08-24,4325.8200,coinmetrics
2017-08-25,4353.1300,coinmetrics
2017-08-26,4341.9800,coinmetrics
2017-08-27,4344.9000,coinmetrics
2017-08-28,4379.7600,coinmetrics
2017-08-29,4600.4600,coinmetrics
2017-08-30,4586.6300,coinmetrics
2017-08-31,4740.3600,coinmetrics
2017-09-01,4918.1700,coinmetrics
2017-09-02,4595.0200,coinmetrics
2017-09-03,4625.3000,coinmetrics
2017-09-04,4374.7500,coinmetrics
2017-09-05,4454.0500,coinmetrics
2017-09-06,4607.5200,coinmetrics
2017-09-07,4635.1100,coinmetrics
2017-09-08,4345.4600,coinmetrics
2017-09-09,4335.5900,coinmetrics
2017-09-10,4261.8400,coinmetrics
2017-09-11,4212.5500,coinmetrics
2017-09-12,4164.3200,coinmetrics
2017-09-13,3887.1200,coinmetrics
2017-09-14,3247.4700,coinmetrics
2017-09-15,3699.2200,coinmetrics
2017-09-16,3711.2300,coinmetrics
2017-09-17,3711.8600,coinmetrics
2017-09-18,4080.4300,coinmetrics
2017-09-19,3925.7400,coinmetrics
2017-09-20,3895.7800,coinmetrics
2017-09-21,3617.2400,coinmetrics
2017-09-22,3619.2100,coinmetrics
2017-09-23,3775.6000,coinmetrics
2017-09-24,3676.9000,coinmetrics
2017-09-25,3918.7400,coinmetrics
2017-09-26,3890.0900,coinmetrics
2017-09-27,4207.7900,coinmetrics
2017-09-28,4187.7700,coinmetrics
2017-09-29,4155.0100,coinmetrics
2017-09-30,4334.5400,coinmetrics
2017-10-01,4382.0900,coinmetrics
2017-10-02,4386.8800,coinmetrics
2017-10-03,4306.5600,coinmetrics
2017-10-04,4216.6800,coinmetrics
2017-10-05,4319.4200,coinmetrics
2017-10-06,4365.9200,coinmetrics
2017-10-07,4438.8600,coinmetrics
2017-10-08,4600.7400,coinmetrics
2017-10-09,4777.5300,coinmetrics
2017-10-10,4741.0800,coinmetrics
2017-10-11,4814.9700,coinmetrics
2017-10-12,5393.6700,coinmetrics
2017-10-13,5614.0800,coinmetrics
2017-10-14,5785.7400,coinmetrics
2017-10-15,5689.8700,coinmetrics
2017-10-16,5756.1500,coinmetrics
2017-10-17,5590.4200,coinmetrics
2017-10-18,5583.8700,coinmetrics
2017-10-19,5708.3100,coinmetrics
2017-10-20,6000.8800,coinmetrics
2017-10-21,6030.2100,coinmetrics
2017-10-22,5996.6000,coinmetrics
2017-10-23,5888.2500,coinmetrics
2017-10-24,5517.7800,coinmetrics
2017-10-25,5736.0200,coinmetrics
2017-10-26,5900.3200,coinmetrics
2017-10-27,5771.9500,coinmetrics
2017-10-28,5762.3900,coinmetrics
2017-10-29,6174.7300,coinmetrics
2017-10-30,6119.2600,coinmetrics
2017-10-31,6428.5100,coinmetrics
2017-11-01,6726.4100,coinmetrics
2017-11-02,7043.7800,coinmetrics
2017-11-03,7198.6300,coinmetrics
2017-11-04,7420.5000,coinmetrics
2017-11-05,7371.1400,coinmetrics
2017-11-06,6985.2600,coinmetrics
2017-11-07,7118.2000,coinmetrics
2017-11-08,7451.2100,coinmetrics
2017-11-09,7117.7400,coinmetrics
2017-11-10,6620.5700,coinmetrics
2017-11-11,6346.7200,coinmetrics
2017-11-12,5829.1000,coinmetrics
2017-11-13,6519.4500,coinmetrics
2017-11-14,6592.3700,coinmetrics
2017-11-15,7257.3700,coinmetrics
2017-11-16,7833.7000,coinmetrics
2017-11-17,7729.0300,coinmetrics
2017-11-18,7796.1500,coinmetrics
2017-11-19,8018.3200,coinmetrics
2017-11-20,8269.8700,coinmetrics
2017-11-21,8092.0000,coinmetrics
2017-11-22,8249.6000,coinmetrics
2017-11-23,8071.6700,coinmetrics
2017-11-24,8232.4200,coinmetrics
2017-11-25,8760.1700,coinmetrics
2017-11-26,9319.9000,coinmetrics
2017-11-27,9730.7300,coinmetrics
2017-11-28,9932.1900,coinmetrics
2017-11-29,9800.0300,coinmetrics
2017-11-30,9996.7100,coinmetrics
2017-12-01,10809.0000,coinmetrics
2017-12-02,10934.9000,coinmetrics
2017-12-03,11213.9000,coinmetrics
2017-12-04,11562.1000,coinmetrics
2017-12-05,11736.8000,coinmetrics
2017-12-06,13992.1000,coinmetrics
2017-12-07,17032.3000,coinmetrics
2017-12-08,16298.5000,coinmetrics
2017-12-09,15050.0000,coinmetrics
2017-12-10,15475.0000,coinmetrics
2017-12-11,16873.5000,coinmetrics
2017-12-12,17433.9000,coinmetrics
2017-12-13,16515.2000,coinmetrics
2017-12-14,16602.9000,coinmetrics
2017-12-15,17702.0000,coinmetrics
2017-12-16,19640.5000,coinmetrics
2017-12-17,19250.5000,coinmetrics
2017-12-18,18982.0000,coinmetrics
2017-12-19,17653.3000,coinmetrics
2017-12-20,16453.6000,coinmetrics
2017-12-21,15633.8000,coinmetrics
2017-12-22,14305.7000,coinmetrics
2017-12-23,14910.9000,coinmetrics
2017-12-24,14026.3000,coinmetrics
2017-12-25,14080.9000,coinmetrics
2017-12-26,15727.1000,coinmetrics
2017-12-27,15389.0000,coinmetrics
2017-12-28,14289.5000,coinmetrics
2017-12-29,14571.7000,coinmetrics
2017-12-30,12948.7000,coinmetrics
2017-12-31,13921.5000,coinmetrics
2018-01-01,13464.7000,coinmetrics
2018-01-02,14754.3000,coinmetrics
2018-01-03,15010.3000,coinmetrics
2018-01-04,15070.3000,coinmetrics
2018-01-05,16997.2000,coinmetrics
2018-01-06,17103.6000,coinmetrics
2018-01-07,16231.7000,coinmetrics
2018-01-08,14937.4000,coinmetrics
2018-01-09,14378.6000,coinmetrics
2018-01-10,14669.1000,coinmetrics
2018-01-11,13186.8000,coinmetrics
2018-01-12,13789.4000,coinmetrics
2018-01-13,14231.2000,coinmetrics
2018-01-14,13681.1000,coinmetrics
2018-01-15,13591.7000,coinmetrics
2018-01-16,11431.0000,coinmetrics
2018-01-17,11159.6000,coinmetrics
2018-01-18,11246.0000,coinmetrics
2018-01-19,11440.3000,coinmetrics
2018-01-20,12768.4000,coinmetrics
2018-01-21,11422.4000,coinmetrics
2018-01-22,10737.4000,coinmetrics
2018-01-23,10849.4000,coinmetrics
2018-01-24,11225.9000,coinmetrics
2018-01-25,11130.5000,coinmetrics
2018-01-26,11035.6000,coinmetrics
2018-01-27,11321.0000,coinmetrics
2018-01-28,11616.0000,coinmetrics
2018-01-29,11132.6000,coinmetrics
2018-01-30,9959.5500,coinmetrics
2018-01-31,10050.1000,coinmetrics
2018-02-01,9039.8700,coinmetrics
2018-02-02,8786.0800,coinmetrics
2018-02-03,9132.1000,coinmetrics
2018-02-04,8250.5300,coinmetrics
2018-02-05,6849.5400,coinmetrics
2018-02-06,7738.6400,coinmetrics
2018-02-07,7624.6000,coinmetrics
2018-02-08,8218.5800,coinmetrics
2018-02-09,8660.4500,coinmetrics
2018-02-10,8530.2900,coinmetrics
2018-02-11,8096.7300,coinmetrics
2018-02-12,8907.6700,coinmetrics
2018-02-13,8523.9700,coinmetrics
2018-02-14,9467.3000,coinmetrics
2018-02-15,10106.7000,coinmetrics
2018-02-16,10189.3000,coinmetrics
2018-02-17,11085.6000,coinmetrics
2018-02-18,10452.1000,coinmetrics
2018-02-19,11139.4000,coinmetrics
2018-02-20,11245.9000,coinmetrics
2018-02-21,10458.9000,coinmetrics
2018-02-22,9878.1600,coinmetrics
2018-02-23,10159.1000,coinmetrics
2018-02-24,9686.6000,coinmetrics
2018-02-25,9603.2300,coinmetrics
2018-02-26,10312.4000,coinmetrics
2018-02-27,10654.1000,coinmetrics
2018-02-28,10307.0000,coinmetrics
2018-03-01,10923.6000,coinmetrics
2018-03-02,11014.1000,coinmetrics
2018-03-03,11425.7000,coinmetrics
2018-03-04,11462.6000,coinmetrics
2018-03-05,11540.7000,coinmetrics
2018-03-06,10677.0000,coinmetrics
2018-03-07,9903.0900,coinmetrics
2018-03-08,9330.4800,coinmetrics
2018-03-09,9278.1400,coinmetrics
2018-03-10,8786.5600,coinmetrics
2018-03-11,9513.5400,coinmetrics
2018-03-12,9147.8900,coinmetrics
2018-03-13,9160.5400,coinmetrics
2018-03-14,8222.1300,coinmetrics
2018-03-15,8268.5900,coinmetrics
2018-03-16,8376.9000,coinmetrics
2018-03-17,7881.6600,coinmetrics
2018-03-18,8189.0200,coinmetrics
2018-03-19,8537.0200,coinmetrics
2018-03-20,8895.5500,coinmetrics
2018-03-21,8879.5900,coinmetrics
2018-03-22,8710.6600,coinmetrics
2018-03-23,8771.7500,coinmetrics
2018-03-24,8610.9900,coinmetrics
2018-03-25,8440.6100,coinmetrics
2018-03-26,8171.1800,coinmetrics
2018-03-27,7837.2700,coinmetrics
2018-03-28,7933.6400,coinmetrics
2018-03-29,7108.5700,coinmetrics
2018-03-30,6832.1500,coinmetrics
2018-03-31,6922.2800,coinmetrics
2018-04-01,6804.5200,coinmetrics
2018-04-02,7033.2600,coinmetrics
2018-04-03,7420.8000,coinmetrics
2018-04-04,6780.5400,coinmetrics
2018-04-05,6798.4200,coinmetrics
2018-04-06,6610.4900,coinmetrics
2018-04-07,6886.4700,coinmetrics
2018-04-08,7010.0000,coinmetrics
2018-04-09,6736.8900,coinmetrics
2018-04-10,6816.7200,coinmetrics
2018-04-11,6944.7900,coinmetrics
2018-04-12,7904.3300,coinmetrics
2018-04-13,7919.0600,coinmetrics
2018-04-14,8006.4200,coinmetrics
2018-04-15,8342.2700,coinmetrics
2018-04-16,8046.9800,coinmetrics
2018-04-17,7887.7400,coinmetrics
2018-04-18,8162.8300,coinmetrics
2018-04-19,8272.9700,coinmetrics
2018-04-20,8839.5000,coinmetrics
2018-04-21,8863.5400,coinmetrics
2018-04-22,8800.9600,coinmetrics
2018-04-23,8930.7800,coinmetrics
2018-04-24,9652.2100,coinmetrics
2018-04-25,8855.5100,coinmetrics
2018-04-26,9264.7300,coinmetrics
2018-04-27,8981.3300,coinmetrics
2018-04-28,9341.8200,coinmetrics
2018-04-29,9397.0000,coinmetrics
2018-04-30,9228.7300,coinmetrics
2018-05-01,9072.1700,coinmetrics
2018-05-02,9204.1300,coinmetrics
2018-05-03,9750.7000,coinmetrics
2018-05-04,9696.6400,coinmetrics
2018-05-05,9795.9300,coinmetrics
2018-05-06,9595.0900,coinmetrics
2018-05-07,9339.5100,coinmetrics
2018-05-08,9212.3700,coinmetrics
2018-05-09,9293.0400,coinmetrics
2018-05-10,9037.5300,coinmetrics
2018-05-11,8419.7600,coinmetrics
2018-05-12,8485.7800,coinmetrics
2018-05-13,8695.8300,coinmetrics
2018-05-14,8671.0700,coinmetrics
2018-05-15,8488.4600,coinmetrics
2018-05-16,8327.7600,coinmetrics
2018-05-17,8050.5200,coinmetrics
2018-05-18,8233.0900,coinmetrics
2018-05-19,8229.4800,coinmetrics
2018-05-20,8511.4500,coinmetrics
2018-05-21,8398.6200,coinmetrics
2018-05-22,8007.5300,coinmetrics
2018-05-23,7520.8700,coinmetrics
2018-05-24,7575.6200,coinmetrics
2018-05-25,7425.3800,coinmetrics
2018-05-26,7326.3000,coinmetrics
2018-05-27,7338.1900,coinmetrics
2018-05-28,7110.8200,coinmetrics
2018-05-29,7453.6300,coinmetrics
2018-05-30,7374.6700,coinmetrics
2018-05-31,7478.7400,coinmetrics
2018-06-01,7519.8400,coinmetrics
2018-06-02,7637.4500,coinmetrics
2018-06-03,7702.1600,coinmetrics
2018-06-04,7486.6500,coinmetrics
2018-06-05,7611.1500,coinmetrics
2018-06-06,7650.7800,coinmetrics
2018-06-07,7665.9500,coinmetrics
2018-06-08,7622.6000,coinmetrics
2018-06-09,7556.1700,coinmetrics
2018-06-10,6744.7400,coinmetrics
2018-06-11,6849.4500,coinmetrics
2018-06-12,6526.7000,coinmetrics
2018-06-13,6306.5100,coinmetrics
2018-06-14,6629.7700,coinmetrics
2018-06-15,6399.6700,coinmetrics
2018-06-16,6495.3200,coinmetrics
2018-06-17,6450.6900,coinmetrics
2018-06-18,6703.8100,coinmetrics
2018-06-19,6732.5100,coinmetrics
2018-06-20,6753.2100,coinmetrics
2018-06-21,6720.3700,coinmetrics
2018-06-22,6059.5800,coinmetrics
2018-06-23,6174.2300,coinmetrics
2018-06-24,6146.4900,coinmetrics
2018-06-25,6243.5400,coinmetrics
2018-06-26,6096.1300,coinmetrics
2018-06-27,6139.1900,coinmetrics
2018-06-28,5858.6400,coinmetrics
2018-06-29,6220.9100,coinmetrics
2018-06-30,6375.5400,coinmetrics
2018-07-01,6361.4000,coinmetrics
2018-07-02,6608.3700,coinmetrics
2018-07-03,6498.3100,coinmetrics
2018-07-04,6579.3300,coinmetrics
2018-07-05,6535.3000,coinmetrics
2018-07-06,6598.4600,coinmetrics
2018-07-07,6737.8600,coinmetrics
2018-07-08,6704.9200,coinmetrics
2018-07-09,6664.0200,coinmetrics
2018-07-10,6309.0800,coinmetrics
2018-07-11,6377.9800,coinmetrics
2018-07-12,6159.4700,coinmetrics
2018-07-13,6208.9900,coinmetrics
2018-07-14,6255.1100,coinmetrics
2018-07-15,6347.6000,coinmetrics
2018-07-16,6710.8100,coinmetrics
2018-07-17,7320.5900,coinmetrics
2018-07-18,7376.0400,coinmetrics
2018-07-19,7467.0300,coinmetrics
2018-07-20,7327.2600,coinmetrics
2018-07-21,7410.5700,coinmetrics
2018-07-22,7399.4800,coinmetrics
2018-07-23,7716.1600,coinmetrics
2018-07-24,8397.6200,coinmetrics
2018-07-25,8202.7200,coinmetrics
2018-07-26,7913.9300,coinmetrics
2018-07-27,8173.7700,coinmetrics
2018-07-28,8190.3600,coinmetrics
2018-07-29,8229.6100,coinmetrics
2018-07-30,8171.8400,coinmetrics
2018-07-31,7725.1300,coinmetrics
2018-08-01,7596.7000,coinmetrics
2018-08-02,7542.6900,coinmetrics
2018-08-03,7411.3400,coinmetrics
2018-08-04,7002.2100,coinmetrics
2018-08-05,7031.5900,coinmetrics
2018-08-06,6929.9900,coinmetrics
2018-08-07,6722.5800,coinmetrics
2018-08-08,6267.3900,coinmetrics
2018-08-09,6558.1000,coinmetrics
2018-08-10,6135.7500,coinmetrics
2018-08-11,6313.7500,coinmetrics
2018-08-12,6314.6900,coinmetrics
2018-08-13,6265.8500,coinmetrics
2018-08-14,6184.8300,coinmetrics
2018-08-15,6270.2100,coinmetrics
2018-08-16,6290.7500,coinmetrics
2018-08-17,6563.0800,coinmetrics
2018-08-18,6399.2900,coinmetrics
2018-08-19,6490.7200,coinmetrics
2018-08-20,6272.9500,coinmetrics
2018-08-21,6473.0800,coinmetrics
2018-08-22,6365.0100,coinmetrics
2018-08-23,6516.4100,coinmetrics
2018-08-24,6697.7300,coinmetrics
2018-08-25,6745.4400,coinmetrics
2018-08-26,6689.8700,coinmetrics
2018-08-27,6839.1600,coinmetrics
2018-08-28,7092.9700,coinmetrics
2018-08-29,7033.4300,coinmetrics
2018-08-30,6966.9600,coinmetrics
2018-08-31,7025.1400,coinmetrics
2018-09-01,7192.3500,coinmetrics
2018-09-02,7286.6700,coinmetrics
2018-09-03,7257.4700,coinmetrics
2018-09-04,7358.8100,coinmetrics
2018-09-05,6790.9000,coinmetrics
2018-09-06,6488.0800,coinmetrics
2018-09-07,6408.6500,coinmetrics
2018-09-08,6187.7900,coinmetrics
2018-09-09,6249.2500,coinmetrics
2018-09-10,6295.3900,coinmetrics
2018-09-11,6278.4200,coinmetrics
2018-09-12,6327.5400,coinmetrics
2018-09-13,6490.9100,coinmetrics
2018-09-14,6494.7000,coinmetrics
2018-09-15,6524.1700,coinmetrics
2018-09-16,6497.4000,coinmetrics
2018-09-17,6258.5900,coinmetrics
2018-09-18,6340.3500,coinmetrics
2018-09-19,6383.9500,coinmetrics
2018-09-20,6498.6100,coinmetrics
2018-09-21,6741.1400,coinmetrics
2018-09-22,6705.4800,coinmetrics
2018-09-23,6703.1400,coinmetrics
2018-09-24,6576.5500,coinmetrics
2018-09-25,6416.4400,coinmetrics
2018-09-26,6463.2500,coinmetrics
2018-09-27,6677.9000,coinmetrics
2018-09-28,6623.1300,coinmetrics
2018-09-29,6584.5000,coinmetrics
2018-09-30,6604.4900,coinmetrics
2018-10-01,6561.8100,coinmetrics
2018-10-02,6508.7200,coinmetrics
2018-10-03,6464.4600,coinmetrics
2018-10-04,6545.2900,coinmetrics
2018-10-05,6585.1500,coinmetrics
2018-10-06,6550.4800,coinmetrics
2018-10-07,6564.5700,coinmetrics
2018-10-08,6604.6900,coinmetrics
2018-10-09,6590.4300,coinmetrics
2018-10-10,6529.1000,coinmetrics
2018-10-11,6159.2500,coinmetrics
2018-10-12,6191.6800,coinmetrics
2018-10-13,6197.6900,coinmetrics
2018-10-14,6182.8800,coinmetrics
2018-10-15,6442.7200,coinmetrics
2018-10-16,6461.9400,coinmetrics
2018-10-17,6442.7300,coinmetrics
2018-10-18,6396.4800,coinmetrics
2018-10-19,6383.0800,coinmetrics
2018-10-20,6408.2500,coinmetrics
2018-10-21,6415.3400,coinmetrics
2018-10-22,6408.0300,coinmetrics
2018-10-23,6395.9900,coinmetrics
2018-10-24,6413.8000,coinmetrics
2018-10-25,6402.3200,coinmetrics
2018-10-26,6404.1100,coinmetrics
2018-10-27,6409.4100,coinmetrics
2018-10-28,6406.6300,coinmetrics
2018-10-29,6263.0400,coinmetrics
2018-10-30,6272.1700,coinmetrics
2018-10-31,6306.3200,coinmetrics
2018-11-01,6342.9800,coinmetrics
2018-11-02,6348.1700,coinmetrics
2018-11-03,6332.4300,coinmetrics
2018-11-04,6420.4200,coinmetrics
2018-11-05,6402.9500,coinmetrics
2018-11-06,6441.1500,coinmetrics
2018-11-07,6500.8700,coinmetrics
2018-11-08,6406.7500,coinmetrics
2018-11-09,6331.3800,coinmetrics
2018-11-10,6353.1100,coinmetrics
2018-11-11,6335.4100,coinmetrics
2018-11-12,6320.6600,coinmetrics
2018-11-13,6267.9400,coinmetrics
2018-11-14,5574.2600,coinmetrics
2018-11-15,5538.5600,coinmetrics
2018-11-16,5496.0200,coinmetrics
2018-11-17,5501.0900,coinmetrics
2018-11-18,5555.3800,coinmetrics
2018-11-19,4792.2000,coinmetrics
2018-11-20,4317.5300,coinmetrics
2018-11-21,4549.3200,coinmetrics
2018-11-22,4303.6200,coinmetrics
2018-11-23,4289.8900,coinmetrics
2018-11-24,3806.3200,coinmetrics
2018-11-25,3946.8500,coinmetrics
2018-11-26,3700.2900,coinmetrics
2018-11-27,3776.5600,coinmetrics
2018-11-28,4208.4800,coinmetrics
2018-11-29,4239.0400,coinmetrics
2018-11-30,3973.3300,coinmetrics
2018-12-01,4148.0700,coinmetrics
2018-12-02,4098.7500,coinmetrics
2018-12-03,3843.9800,coinmetrics
2018-12-04,3892.9500,coinmetrics
2018-12-05,3709.5200,coinmetrics
2018-12-06,3511.9700,coinmetrics
2018-12-07,3373.0000,coinmetrics
2018-12-08,3407.9500,coinmetrics
2018-12-09,3540.4400,coinmetrics
2018-12-10,3413.5900,coinmetrics
2018-12-11,3352.5600,coinmetrics
2018-12-12,3423.0100,coinmetrics
2018-12-13,3260.3400,coinmetrics
2018-12-14,3198.9500,coinmetrics
2018-12-15,3185.0700,coinmetrics
2018-12-16,3195.4100,coinmetrics
2018-12-17,3499.1600,coinmetrics
2018-12-18,3659.5300,coinmetrics
2018-12-19,3697.7300,coinmetrics
2018-12-20,4067.7400,coinmetrics
2018-12-21,3839.0900,coinmetrics
2018-12-22,3964.9500,coinmetrics
2018-12-23,3942.6700,coinmetrics
2018-12-24,4040.0500,coinmetrics
2018-12-25,3761.5800,coinmetrics
2018-12-26,3807.6600,coinmetrics
2018-12-27,3585.4600,coinmetrics
2018-12-28,3881.0500,coinmetrics
2018-12-29,3823.1400,coinmetrics
2018-12-30,3825.4100,coinmetrics
2018-12-31,3687.2000,coinmetrics
2019-01-01,3808.1200,coinmetrics
2019-01-02,3898.2000,coinmetrics
2019-01-03,3784.3900,coinmetrics
2019-01-04,3827.5200,coinmetrics
2019-01-05,3798.6100,coinmetrics
2019-01-06,4045.9900,coinmetrics
2019-01-07,4001.0200,coinmetrics
2019-01-08,3992.6200,coinmetrics
2019-01-09,4004.2600,coinmetrics
2019-01-10,3627.9000,coinmetrics
2019-01-11,3624.1600,coinmetrics
2019-01-12,3617.0200,coinmetrics
2019-01-13,3508.6700,coinmetrics
2019-01-14,3666.9500,coinmetrics
2019-01-15,3581.2900,coinmetrics
2019-01-16,3606.9900,coinmetrics
2019-01-17,3640.1300,coinmetrics
2019-01-18,3609.4300,coinmetrics
2019-01-19,3687.3000,coinmetrics
2019-01-20,3538.3100,coinmetrics
2019-01-21,3535.6200,coinmetrics
2019-01-22,3577.3100,coinmetrics
2019-01-23,3551.8900,coinmetrics
2019-01-24,3567.5900,coinmetrics
2019-01-25,3561.3500,coinmetrics
2019-01-26,3557.0400,coinmetrics
2019-01-27,3537.6100,coinmetrics
2019-01-28,3435.0500,coinmetrics
2019-01-29,3395.8200,coinmetrics
2019-01-30,3437.9000,coinmetrics
2019-01-31,3410.1300,coinmetrics
2019-02-01,3445.0500,coinmetrics
2019-02-02,3461.9400,coinmetrics
2019-02-03,3413.0200,coinmetrics
2019-02-04,3411.3900,coinmetrics
2019-02-05,3426.4700,coinmetrics
2019-02-06,3367.5100,coinmetrics
2019-02-07,3358.8700,coinmetrics
2019-02-08,3612.4800,coinmetrics
2019-02-09,3621.2700,coinmetrics
2019-02-10,3642.0200,coinmetrics
2019-02-11,3590.6200,coinmetrics
2019-02-12,3587.9000,coinmetrics
2019-02-13,3576.0900,coinmetrics
2019-02-14,3561.9200,coinmetrics
2019-02-15,3565.0100,coinmetrics
2019-02-16,3584.7400,coinmetrics
2019-02-17,3622.7600,coinmetrics
2019-02-18,3866.1300,coinmetrics
2019-02-19,3895.4400,coinmetrics
2019-02-20,3931.6100,coinmetrics
2019-02-21,3892.2600,coinmetrics
2019-02-22,3948.3000,coinmetrics
2019-02-23,4110.1500,coinmetrics
2019-02-24,3754.1800,coinmetrics
2019-02-25,3822.0200,coinmetrics
2019-02-26,3796.1800,coinmetrics
2019-02-27,3799.3800,coinmetrics
2019-02-28,3792.9500,coinmetrics
2019-03-01,3810.6300,coinmetrics
2019-03-02,3809.6400,coinmetrics
2019-03-03,3782.3800,coinmetrics
2019-03-04,3698.1600,coinmetrics
2019-03-05,3840.1300,coinmetrics
2019-03-06,3852.0000,coinmetrics
2019-03-07,3855.9200,coinmetrics
2019-03-08,3839.2300,coinmetrics
2019-03-09,3910.3600,coinmetrics
2019-03-10,3903.9100,coinmetrics
2019-03-11,3851.5700,coinmetrics
2019-03-12,3858.9100,coinmetrics
2019-03-13,3851.9600,coinmetrics
2019-03-14,3853.7800,coinmetrics
2019-03-15,3901.9100,coinmetrics
2019-03-16,3989.8000,coinmetrics
2019-03-17,3967.1400,coinmetrics
2019-03-18,3969.4400,coinmetrics
2019-03-19,3996.1700,coinmetrics
2019-03-20,4030.6600,coinmetrics
2019-03-21,3976.2700,coinmetrics
2019-03-22,3983.8900,coinmetrics
2019-03-23,3981.7800,coinmetrics
2019-03-24,3970.6700,coinmetrics
2019-03-25,3908.2400,coinmetrics
2019-03-26,3917.7600,coinmetrics
2019-03-27,4027.0100,coinmetrics
2019-03-28,4010.9400,coinmetrics
2019-03-29,4089.4600,coinmetrics
2019-03-30,4091.8900,coinmetrics
2019-03-31,4094.3200,coinmetrics
2019-04-01,4138.4200,coinmetrics
2019-04-02,4903.7200,coinmetrics
2019-04-03,4960.2300,coinmetrics
2019-04-04,4911.2700,coinmetrics
2019-04-05,5033.2300,coinmetrics
2019-04-06,5044.3600,coinmetrics
2019-04-07,5189.1100,coinmetrics
2019-04-08,5283.4200,coinmetrics
2019-04-09,5195.5800,coinmetrics
2019-04-10,5311.7400,coinmetrics
2019-04-11,5050.6700,coinmetrics
2019-04-12,5082.8600,coinmetrics
2019-04-13,5074.7900,coinmetrics
2019-04-14,5156.8000,coinmetrics
2019-04-15,5042.9000,coinmetrics
2019-04-16,5205.9600,coinmetrics
2019-04-17,5226.3500,coinmetrics
2019-04-18,5278.5000,coinmetrics
2019-04-19,5289.9500,coinmetrics
2019-04-20,5313.9700,coinmetrics
2019-04-21,5295.7300,coinmetrics
2019-04-22,5383.8000,coinmetrics
2019-04-23,5544.8600,coinmetrics
2019-04-24,5431.9500,coinmetrics
2019-04-25,5127.6700,coinmetrics
2019-04-26,5150.1600,coinmetrics
2019-04-27,5181.8100,coinmetrics
2019-04-28,5148.6700,coinmetrics
2019-04-29,5148.8000,coinmetrics
2019-04-30,5266.6200,coinmetrics
2019-05-01,5315.1800,coinmetrics
2019-05-02,5393.1300,coinmetrics
2019-05-03,5658.4300,coinmetrics
2019-05-04,5774.7100,coinmetrics
2019-05-05,5728.3500,coinmetrics
2019-05-06,5691.6900,coinmetrics
2019-05-07,5825.7400,coinmetrics
2019-05-08,5931.8000,coinmetrics
2019-05-09,6150.1400,coinmetrics
2019-05-10,6357.4600,coinmetrics
2019-05-11,7325.0800,coinmetrics
2019-05-12,6942.6200,coinmetrics
2019-05-13,7798.9100,coinmetrics
2019-05-14,7955.5600,coinmetrics
2019-05-15,8215.2100,coinmetrics
2019-05-16,7862.0700,coinmetrics
2019-05-17,7326.9200,coinmetrics
2019-05-18,7277.9900,coinmetrics
2019-05-19,8219.7400,coinmetrics
2019-05-20,7981.1400,coinmetrics
2019-05-21,7983.8100,coinmetrics
2019-05-22,7667.9000,coinmetrics
2019-05-23,7897.4700,coinmetrics
2019-05-24,7987.1000,coinmetrics
2019-05-25,8061.5900,coinmetrics
2019-05-26,8731.5200,coinmetrics
2019-05-27,8816.7900,coinmetrics
2019-05-28,8719.1300,coinmetrics
2019-05-29,8655.4900,coinmetrics
2019-05-30,8271.6200,coinmetrics
2019-05-31,8556.2200,coinmetrics
2019-06-01,8554.8100,coinmetrics
2019-06-02,8744.3500,coinmetrics
2019-06-03,8173.4000,coinmetrics
2019-06-04,7649.9400,coinmetrics
2019-06-05,7798.5400,coinmetrics
2019-06-06,7776.7100,coinmetrics
2019-06-07,8023.9500,coinmetrics
2019-06-08,7939.8100,coinmetrics
2019-06-09,7634.0700,coinmetrics
2019-06-10,7993.3000,coinmetrics
2019-06-11,7922.4800,coinmetrics
2019-06-12,8146.7600,coinmetrics
2019-06-13,8232.7800,coinmetrics
2019-06-14,8698.0000,coinmetrics
2019-06-15,8850.5800,coinmetrics
2019-06-16,9019.5200,coinmetrics
2019-06-17,9340.5700,coinmetrics
2019-06-18,9047.1300,coinmetrics
2019-06-19,9285.0600,coinmetrics
2019-06-20,9546.7200,coinmetrics
2019-06-21,10083.5000,coinmetrics
2019-06-22,10685.3000,coinmetrics
2019-06-23,10794.4000,coinmetrics
2019-06-24,11004.2000,coinmetrics
2019-06-25,11726.3000,coinmetrics
2019-06-26,12863.5000,coinmetrics
2019-06-27,11109.8000,coinmetrics
2019-06-28,12358.2000,coinmetrics
2019-06-29,11944.4000,coinmetrics
2019-06-30,10842.6000,coinmetrics
2019-07-01,10569.6000,coinmetrics
2019-07-02,10766.1000,coinmetrics
2019-07-03,11952.0000,coinmetrics
2019-07-04,11177.0000,coinmetrics
2019-07-05,10998.4000,coinmetrics
2019-07-06,11208.2000,coinmetrics
2019-07-07,11456.2000,coinmetrics
2019-07-08,12319.6000,coinmetrics
2019-07-09,12579.1000,coinmetrics
2019-07-10,12106.8000,coinmetrics
2019-07-11,11294.7000,coinmetrics
2019-07-12,11813.3000,coinmetrics
2019-07-13,11346.8000,coinmetrics
2019-07-14,10283.1000,coinmetrics
2019-07-15,10926.4000,coinmetrics
2019-07-16,9471.1400,coinmetrics
2019-07-17,9674.8800,coinmetrics
2019-07-18,10679.9000,coinmetrics
2019-07-19,10532.2000,coinmetrics
2019-07-20,10862.6000,coinmetrics
2019-07-21,10589.7000,coinmetrics
2019-07-22,10318.6000,coinmetrics
2019-07-23,9866.6500,coinmetrics
2019-07-24,9792.7900,coinmetrics
2019-07-25,9897.1900,coinmetrics
2019-07-26,9836.7000,coinmetrics
2019-07-27,9446.6700,coinmetrics
2019-07-28,9529.7900,coinmetrics
2019-07-29,9504.1600,coinmetrics
2019-07-30,9589.1100,coinmetrics
2019-07-31,10059.0000,coinmetrics
2019-08-01,10400.3000,coinmetrics
2019-08-02,10529.7000,coinmetrics
2019-08-03,10810.4000,coinmetrics
2019-08-04,10986.5000,coinmetrics
2019-08-05,11790.0000,coinmetrics
2019-08-06,11423.5000,coinmetrics
2019-08-07,11967.3000,coinmetrics
2019-08-08,11938.2000,coinmetrics
2019-08-09,11858.3000,coinmetrics
2019-08-10,11303.7000,coinmetrics
2019-08-11,11530.2000,coinmetrics
2019-08-12,11384.7000,coinmetrics
2019-08-13,10867.1000,coinmetrics
2019-08-14,10024.4000,coinmetrics
2019-08-15,10310.1000,coinmetrics
2019-08-16,10373.3000,coinmetrics
2019-08-17,10207.2000,coinmetrics
2019-08-18,10331.3000,coinmetrics
2019-08-19,10884.6000,coinmetrics
2019-08-20,10771.4000,coinmetrics
2019-08-21,10096.8000,coinmetrics
2019-08-22,10119.7000,coinmetrics
2019-08-23,10414.1000,coinmetrics
2019-08-24,10147.1000,coinmetrics
2019-08-25,10100.4000,coinmetrics
2019-08-26,10362.6000,coinmetrics
2019-08-27,10168.2000,coinmetrics
2019-08-28,9724.8000,coinmetrics
2019-08-29,9482.3100,coinmetrics
2019-08-30,9577.6800,coinmetrics
2019-08-31,9605.0200,coinmetrics
2019-09-01,9762.9400,coinmetrics
2019-09-02,10377.3000,coinmetrics
2019-09-03,10618.8000,coinmetrics
2019-09-04,10577.2000,coinmetrics
2019-09-05,10580.2000,coinmetrics
2019-09-06,10330.8000,coinmetrics
2019-09-07,10494.5000,coinmetrics
2019-09-08,10407.3000,coinmetrics
2019-09-09,10332.5000,coinmetrics
2019-09-10,10086.0000,coinmetrics
2019-09-11,10142.1000,coinmetrics
2019-09-12,10403.4000,coinmetrics
2019-09-13,10345.3000,coinmetrics
2019-09-14,10363.5000,coinmetrics
2019-09-15,10306.2000,coinmetrics
2019-09-16,10257.8000,coinmetrics
2019-09-17,10195.6000,coinmetrics
2019-09-18,10161.3000,coinmetrics
2019-09-19,10268.4000,coinmetrics
2019-09-20,10170.1000,coinmetrics
2019-09-21,9986.4100,coinmetrics
2019-09-22,10047.0000,coinmetrics
2019-09-23,9692.7400,coinmetrics
2019-09-24,8613.6700,coinmetrics
2019-09-25,8424.1600,coinmetrics
2019-09-26,8091.7000,coinmetrics
2019-09-27,8186.7800,coinmetrics
2019-09-28,8201.9800,coinmetrics
2019-09-29,8064.5100,coinmetrics
2019-09-30,8282.3700,coinmetrics
2019-10-01,8314.5500,coinmetrics
2019-10-02,8362.5300,coinmetrics
2019-10-03,8254.3400,coinmetrics
2019-10-04,8165.6900,coinmetrics
2019-10-05,8141.6300,coinmetrics
2019-10-06,7854.6100,coinmetrics
2019-10-07,8226.0200,coinmetrics
2019-10-08,8190.1200,coinmetrics
2019-10-09,8598.3300,coinmetrics
2019-10-10,8578.0900,coinmetrics
2019-10-11,8289.8500,coinmetrics
2019-10-12,8323.7500,coinmetrics
2019-10-13,8291.2500,coinmetrics
2019-10-14,8346.3700,coinmetrics
2019-10-15,8160.7100,coinmetrics
2019-10-16,8003.8600,coinmetrics
2019-10-17,8072.4900,coinmetrics
2019-10-18,7959.3300,coinmetrics
2019-10-19,7948.4800,coinmetrics
2019-10-20,8213.7100,coinmetrics
2019-10-21,8211.6500,coinmetrics
2019-10-22,8029.2100,coinmetrics
2019-10-23,7458.0400,coinmetrics
2019-10-24,7454.3700,coinmetrics
2019-10-25,8656.6600,coinmetrics
2019-10-26,9249.6500,coinmetrics
2019-10-27,9558.1600,coinmetrics
2019-10-28,9319.1800,coinmetrics
2019-10-29,9431.2100,coinmetrics
2019-10-30,9182.8600,coinmetrics
2019-10-31,9155.2800,coinmetrics
2019-11-01,9251.3800,coinmetrics
2019-11-02,9300.1900,coinmetrics
2019-11-03,9209.6400,coinmetrics
2019-11-04,9418.3600,coinmetrics
2019-11-05,9330.7900,coinmetrics
2019-11-06,9354.9300,coinmetrics
2019-11-07,9210.7500,coinmetrics
2019-11-08,8791.3300,coinmetrics
2019-11-09,8810.7800,coinmetrics
2019-11-10,9042.8900,coinmetrics
2019-11-11,8713.2100,coinmetrics
2019-11-12,8788.9600,coinmetrics
2019-11-13,8766.7300,coinmetrics
2019-11-14,8645.4400,coinmetrics
2019-11-15,8465.8800,coinmetrics
2019-11-16,8477.6900,coinmetrics
2019-11-17,8505.1600,coinmetrics
2019-11-18,8183.5300,coinmetrics
2019-11-19,8116.8200,coinmetrics
2019-11-20,8076.5500,coinmetrics
2019-11-21,7612.2800,coinmetrics
2019-11-22,7277.5200,coinmetrics
2019-11-23,7324.8400,coinmetrics
2019-11-24,6943.3800,coinmetrics
2019-11-25,7139.0400,coinmetrics
2019-11-26,7165.4400,coinmetrics
2019-11-27,7526.8600,coinmetrics
2019-11-28,7436.3400,coinmetrics
2019-11-29,7747.7400,coinmetrics
2019-11-30,7556.1900,coinmetrics
2019-12-01,7417.7300,coinmetrics
2019-12-02,7318.3100,coinmetrics
2019-12-03,7306.4500,coinmetrics
2019-12-04,7215.0200,coinmetrics
2019-12-05,7404.0900,coinmetrics
2019-12-06,7534.2100,coinmetrics
2019-12-07,7512.0600,coinmetrics
2019-12-08,7528.9400,coinmetrics
2019-12-09,7340.2300,coinmetrics
2019-12-10,7232.0900,coinmetrics
2019-12-11,7200.4600,coinmetrics
2019-12-12,7192.8500,coinmetrics
2019-12-13,7244.9000,coinmetrics
2019-12-14,7071.1100,coinmetrics
2019-12-15,7111.2900,coinmetrics
2019-12-16,6882.4000,coinmetrics
2019-12-17,6608.9600,coinmetrics
2019-12-18,7284.6300,coinmetrics
2019-12-19,7146.1700,coinmetrics
2019-12-20,7184.2200,coinmetrics
2019-12-21,7140.3000,coinmetrics
2019-12-22,7479.4000,coinmetrics
2019-12-23,7321.7500,coinmetrics
2019-12-24,7235.6300,coinmetrics
2019-12-25,7191.1700,coinmetrics
2019-12-26,7194.6400,coinmetrics
2019-12-27,7237.1500,coinmetrics
2019-12-28,7306.6400,coinmetrics
2019-12-29,7391.5800,coinmetrics
2019-12-30,7229.4000,coinmetrics
2019-12-31,7167.4000,coinmetrics
2020-01-01,7170.6300,coinmetrics
2020-01-02,6946.8300,coinmetrics
2020-01-03,7315.3100,coinmetrics
2020-01-04,7343.1600,coinmetrics
2020-01-05,7345.5300,coinmetrics
2020-01-06,7765.8000,coinmetrics
2020-01-07,8136.0900,coinmetrics
2020-01-08,8059.7000,coinmetrics
2020-01-09,7817.1400,coinmetrics
2020-01-10,8129.8200,coinmetrics
2020-01-11,8032.0100,coinmetrics
2020-01-12,8164.5500,coinmetrics
2020-01-13,8121.9300,coinmetrics
2020-01-14,8830.1700,coinmetrics
2020-01-15,8811.4500,coinmetrics
2020-01-16,8718.6900,coinmetrics
2020-01-17,8912.5400,coinmetrics
2020-01-18,8928.1800,coinmetrics
2020-01-19,8687.3500,coinmetrics
2020-01-20,8636.2600,coinmetrics
2020-01-21,8730.8700,coinmetrics
2020-01-22,8647.9000,coinmetrics
2020-01-23,8366.3800,coinmetrics
2020-01-24,8423.3900,coinmetrics
2020-01-25,8344.7700,coinmetrics
2020-01-26,8573.8700,coinmetrics
2020-01-27,8901.9600,coinmetrics
2020-01-28,9297.3900,coinmetrics
2020-01-29,9311.9500,coinmetrics
2020-01-30,9508.9200,coinmetrics
2020-01-31,9357.2800,coinmetrics
2020-02-01,9381.8900,coinmetrics
2020-02-02,9339.3900,coinmetrics
2020-02-03,9279.8100,coinmetrics
2020-02-04,9161.6300,coinmetrics
2020-02-05,9628.1400,coinmetrics
2020-02-06,9739.2800,coinmetrics
2020-02-07,9800.2800,coinmetrics
2020-02-08,9911.2900,coinmetrics
2020-02-09,10151.1000,coinmetrics
2020-02-10,9872.3600,coinmetrics
2020-02-11,10272.2000,coinmetrics
2020-02-12,10360.1000,coinmetrics
2020-02-13,10235.5000,coinmetrics
2020-02-14,10361.6000,coinmetrics
2020-02-15,9911.7200,coinmetrics
2020-02-16,9952.0500,coinmetrics
2020-02-17,9683.0800,coinmetrics
2020-02-18,10195.3000,coinmetrics
2020-02-19,9636.0000,coinmetrics
2020-02-20,9614.0300,coinmetrics
2020-02-21,9701.8000,coinmetrics
2020-02-22,9675.2500,coinmetrics
2020-02-23,9972.8400,coinmetrics
2020-02-24,9648.0100,coinmetrics
2020-02-25,9344.2900,coinmetrics
2020-02-26,8798.8900,coinmetrics
2020-02-27,8779.0300,coinmetrics
2020-02-28,8750.5900,coinmetrics
2020-02-29,8582.0900,coinmetrics
2020-03-01,8541.7700,coinmetrics
2020-03-02,8906.2100,coinmetrics
2020-03-03,8768.8100,coinmetrics
2020-03-04,8756.3700,coinmetrics
2020-03-05,9062.6200,coinmetrics
2020-03-06,9147.0900,coinmetrics
2020-03-07,8898.3100,coinmetrics
2020-03-08,8109.6100,coinmetrics
2020-03-09,7896.3900,coinmetrics
2020-03-10,7909.9300,coinmetrics
2020-03-11,7939.3400,coinmetrics
2020-03-12,4959.3100,coinmetrics
2020-03-13,5627.6900,coinmetrics
2020-03-14,5145.1700,coinmetrics
2020-03-15,5358.6100,coinmetrics
2020-03-16,5012.9300,coinmetrics
2020-03-17,5416.7500,coinmetrics
2020-03-18,5392.4900,coinmetrics
2020-03-19,6203.5500,coinmetrics
2020-03-20,6174.1500,coinmetrics
2020-03-21,6175.8300,coinmetrics
2020-03-22,5830.5600,coinmetrics
2020-03-23,6486.4100,coinmetrics
2020-03-24,6775.0600,coinmetrics
2020-03-25,6689.9700,coinmetrics
2020-03-26,6754.4600,coinmetrics
2020-03-27,6490.8000,coinmetrics
2020-03-28,6231.8200,coinmetrics
2020-03-29,5904.8600,coinmetrics
2020-03-30,6436.9100,coinmetrics
2020-03-31,6432.3800,coinmetrics
2020-04-01,6643.1100,coinmetrics
2020-04-02,6792.7400,coinmetrics
2020-04-03,6751.9000,coinmetrics
2020-04-04,6859.9900,coinmetrics
2020-04-05,6790.8100,coinmetrics
2020-04-06,7298.1700,coinmetrics
2020-04-07,7187.5900,coinmetrics
2020-04-08,7372.1900,coinmetrics
2020-04-09,7299.5800,coinmetrics
2020-04-10,6859.8200,coinmetrics
2020-04-11,6883.1800,coinmetrics
2020-04-12,6978.6700,coinmetrics
2020-04-13,6863.5800,coinmetrics
2020-04-14,6875.5400,coinmetrics
2020-04-15,6625.4800,coinmetrics
2020-04-16,7127.7900,coinmetrics
2020-04-17,7081.4000,coinmetrics
2020-04-18,7262.7900,coinmetrics
2020-04-19,7150.2400,coinmetrics
2020-04-20,6853.2700,coinmetrics
2020-04-21,6870.4200,coinmetrics
2020-04-22,7123.6600,coinmetrics
2020-04-23,7488.6100,coinmetrics
2020-04-24,7506.4400,coinmetrics
2020-04-25,7537.7400,coinmetrics
2020-04-26,7684.0700,coinmetrics
2020-04-27,7777.4900,coinmetrics
2020-04-28,7769.9000,coinmetrics
2020-04-29,8761.8400,coinmetrics
2020-04-30,8652.4100,coinmetrics
2020-05-01,8855.5400,coinmetrics
2020-05-02,8977.2800,coinmetrics
2020-05-03,8896.8000,coinmetrics
2020-05-04,8881.9500,coinmetrics
2020-05-05,8985.8800,coinmetrics
2020-05-06,9266.8100,coinmetrics
2020-05-07,9993.7500,coinmetrics
2020-05-08,9859.3200,coinmetrics
2020-05-09,9577.3400,coinmetrics
2020-05-10,8715.0300,coinmetrics
2020-05-11,8591.6500,coinmetrics
2020-05-12,8817.2500,coinmetrics
2020-05-13,9323.0000,coinmetrics
2020-05-14,9801.2700,coinmetrics
2020-05-15,9326.8800,coinmetrics
2020-05-16,9395.4800,coinmetrics
2020-05-17,9682.5300,coinmetrics
2020-05-18,9726.8500,coinmetrics
2020-05-19,9754.2000,coinmetrics
2020-05-20,9515.7000,coinmetrics
2020-05-21,9068.8000,coinmetrics
2020-05-22,9161.8200,coinmetrics
2020-05-23,9183.6600,coinmetrics
2020-05-24,8806.2300,coinmetrics
2020-05-25,8909.1900,coinmetrics
2020-05-26,8835.1400,coinmetrics
2020-05-27,9169.0600,coinmetrics
2020-05-28,9568.2600,coinmetrics
2020-05-29,9432.4100,coinmetrics
2020-05-30,9691.6800,coinmetrics
2020-05-31,9433.9400,coinmetrics
2020-06-01,10199.1000,coinmetrics
2020-06-02,9512.3500,coinmetrics
2020-06-03,9642.2700,coinmetrics
2020-06-04,9813.3600,coinmetrics
2020-06-05,9641.8900,coinmetrics
2020-06-06,9668.6700,coinmetrics
2020-06-07,9747.5800,coinmetrics
2020-06-08,9769.3400,coinmetrics
2020-06-09,9779.4200,coinmetrics
2020-06-10,9888.4400,coinmetrics
2020-06-11,9277.4500,coinmetrics
2020-06-12,9456.1600,coinmetrics
2020-06-13,9461.3300,coinmetrics
2020-06-14,9342.9600,coinmetrics
2020-06-15,9441.3800,coinmetrics
2020-06-16,9520.0900,coinmetrics
2020-06-17,9448.6900,coinmetrics
2020-06-18,9389.9900,coinmetrics
2020-06-19,9285.9900,coinmetrics
2020-06-20,9357.2900,coinmetrics
2020-06-21,9284.7700,coinmetrics
2020-06-22,9684.6200,coinmetrics
2020-06-23,9611.7300,coinmetrics
2020-06-24,9292.9400,coinmetrics
2020-06-25,9247.1200,coinmetrics
2020-06-26,9159.4400,coinmetrics
2020-06-27,9002.1700,coinmetrics
2020-06-28,9108.0700,coinmetrics
2020-06-29,9184.2500,coinmetrics
2020-06-30,9143.9700,coinmetrics
2020-07-01,9241.3400,coinmetrics
2020-07-02,9094.3900,coinmetrics
2020-07-03,9066.6900,coinmetrics
2020-07-04,9126.2200,coinmetrics
2020-07-05,9079.6100,coinmetrics
2020-07-06,9338.9400,coinmetrics
2020-07-07,9252.1600,coinmetrics
2020-07-08,9434.5700,coinmetrics
2020-07-09,9231.5000,coinmetrics
2020-07-10,9285.2200,coinmetrics
2020-07-11,9237.1700,coinmetrics
2020-07-12,9289.1000,coinmetrics
2020-07-13,9236.6200,coinmetrics
2020-07-14,9260.3600,coinmetrics
2020-07-15,9196.7300,coinmetrics
2020-07-16,9132.5900,coinmetrics
2020-07-17,9156.4700,coinmetrics
2020-07-18,9175.9100,coinmetrics
2020-07-19,9218.8400,coinmetrics
2020-07-20,9167.1900,coinmetrics
2020-07-21,9388.5700,coinmetrics
2020-07-22,9531.2600,coinmetrics
2020-07-23,9609.1700,coinmetrics
2020-07-24,9548.1000,coinmetrics
2020-07-25,9702.4500,coinmetrics
2020-07-26,9933.9100,coinmetrics
2020-07-27,11046.5000,coinmetrics
2020-07-28,10944.6000,coinmetrics
2020-07-29,11115.8000,coinmetrics
2020-07-30,11135.4000,coinmetrics
2020-07-31,11338.2000,coinmetrics
2020-08-01,11797.6000,coinmetrics
2020-08-02,11094.0000,coinmetrics
2020-08-03,11236.1000,coinmetrics
2020-08-04,11202.7000,coinmetrics
2020-08-05,11721.4000,coinmetrics
2020-08-06,11769.3000,coinmetrics
2020-08-07,11599.0000,coinmetrics
2020-08-08,11743.0000,coinmetrics
2020-08-09,11680.5000,coinmetrics
2020-08-10,11870.4000,coinmetrics
2020-08-11,11392.6000,coinmetrics
2020-08-12,11575.5000,coinmetrics
2020-08-13,11773.4000,coinmetrics
2020-08-14,11774.4000,coinmetrics
2020-08-15,11866.9000,coinmetrics
2020-08-16,11899.6000,coinmetrics
2020-08-17,12315.8000,coinmetrics
2020-08-18,11992.7000,coinmetrics
2020-08-19,11736.8000,coinmetrics
2020-08-20,11867.5000,coinmetrics
2020-08-21,11524.7000,coinmetrics
2020-08-22,11682.3000,coinmetrics
2020-08-23,11665.6000,coinmetrics
2020-08-24,11771.4000,coinmetrics
2020-08-25,11358.5000,coinmetrics
2020-08-26,11472.0000,coinmetrics
2020-08-27,11314.7000,coinmetrics
2020-08-28,11527.9000,coinmetrics
2020-08-29,11490.8000,coinmetrics
2020-08-30,11699.0000,coinmetrics
2020-08-31,11678.3000,coinmetrics
2020-09-01,11970.4000,coinmetrics
2020-09-02,11414.5000,coinmetrics
2020-09-03,10261.5000,coinmetrics
2020-09-04,10472.0000,coinmetrics
2020-09-05,10128.6000,coinmetrics
2020-09-06,10253.3000,coinmetrics
2020-09-07,10367.9000,coinmetrics
2020-09-08,10108.6000,coinmetrics
2020-09-09,10223.1000,coinmetrics
2020-09-10,10334.6000,coinmetrics
2020-09-11,10387.0000,coinmetrics
2020-09-12,10437.0000,coinmetrics
2020-09-13,10322.5000,coinmetrics
2020-09-14,10662.7000,coinmetrics
2020-09-15,10779.4000,coinmetrics
2020-09-16,10968.3000,coinmetrics
2020-09-17,10936.3000,coinmetrics
2020-09-18,10920.1000,coinmetrics
2020-09-19,11073.8000,coinmetrics
2020-09-20,10921.2000,coinmetrics
2020-09-21,10455.4000,coinmetrics
2020-09-22,10519.8000,coinmetrics
2020-09-23,10233.3000,coinmetrics
2020-09-24,10739.0000,coinmetrics
2020-09-25,10683.6000,coinmetrics
2020-09-26,10742.0000,coinmetrics
2020-09-27,10758.8000,coinmetrics
2020-09-28,10727.4000,coinmetrics
2020-09-29,10841.1000,coinmetrics
2020-09-30,10772.4000,coinmetrics
2020-10-01,10606.6000,coinmetrics
2020-10-02,10570.1000,coinmetrics
2020-10-03,10555.7000,coinmetrics
2020-10-04,10665.6000,coinmetrics
2020-10-05,10772.6000,coinmetrics
2020-10-06,10596.4000,coinmetrics
2020-10-07,10667.2000,coinmetrics
2020-10-08,10902.5000,coinmetrics
2020-10-09,11074.1000,coinmetrics
2020-10-10,11302.9000,coinmetrics
2020-10-11,11378.3000,coinmetrics
2020-10-12,11548.4000,coinmetrics
2020-10-13,11435.0000,coinmetrics
2020-10-14,11417.1000,coinmetrics
2020-10-15,11502.6000,coinmetrics
2020-10-16,11339.0000,coinmetrics
2020-10-17,11362.8000,coinmetrics
2020-10-18,11489.6000,coinmetrics
2020-10-19,11745.8000,coinmetrics
2020-10-20,11929.5000,coinmetrics
2020-10-21,12848.5000,coinmetrics
2020-10-22,12997.5000,coinmetrics
2020-10-23,12953.4000,coinmetrics
2020-10-24,13113.9000,coinmetrics
2020-10-25,13041.6000,coinmetrics
2020-10-26,13080.7000,coinmetrics
2020-10-27,13675.5000,coinmetrics
2020-10-28,13290.3000,coinmetrics
2020-10-29,13475.2000,coinmetrics
2020-10-30,13603.3000,coinmetrics
2020-10-31,13807.2000,coinmetrics
2020-11-01,13736.9000,coinmetrics
2020-11-02,13595.6000,coinmetrics
2020-11-03,13996.9000,coinmetrics
2020-11-04,14129.1000,coinmetrics
2020-11-05,15606.5000,coinmetrics
2020-11-06,15619.0000,coinmetrics
2020-11-07,14866.4000,coinmetrics
2020-11-08,15500.0000,coinmetrics
2020-11-09,15319.8000,coinmetrics
2020-11-10,15319.3000,coinmetrics
2020-11-11,15731.2000,coinmetrics
2020-11-12,16289.8000,coinmetrics
2020-11-13,16330.1000,coinmetrics
2020-11-14,16102.0000,coinmetrics
2020-11-15,15986.8000,coinmetrics
2020-11-16,16743.1000,coinmetrics
2020-11-17,17682.2000,coinmetrics
2020-11-18,17804.7000,coinmetrics
2020-11-19,17818.7000,coinmetrics
2020-11-20,18663.8000,coinmetrics
2020-11-21,18706.6000,coinmetrics
2020-11-22,18482.7000,coinmetrics
2020-11-23,18373.3000,coinmetrics
2020-11-24,19150.3000,coinmetrics
2020-11-25,18748.4000,coinmetrics
2020-11-26,17113.7000,coinmetrics
2020-11-27,17101.6000,coinmetrics
2020-11-28,17745.4000,coinmetrics
2020-11-29,18190.9000,coinmetrics
2020-11-30,19664.4000,coinmetrics
2020-12-01,18820.6000,coinmetrics
2020-12-02,19214.9000,coinmetrics
2020-12-03,19470.3000,coinmetrics
2020-12-04,18733.0000,coinmetrics
2020-12-05,19114.6000,coinmetrics
2020-12-06,19356.3000,coinmetrics
2020-12-07,19182.2000,coinmetrics
2020-12-08,18341.0000,coinmetrics
2020-12-09,18574.7000,coinmetrics
2020-12-10,18294.8000,coinmetrics
2020-12-11,18061.8000,coinmetrics
2020-12-12,18813.3000,coinmetrics
2020-12-13,19156.1000,coinmetrics
2020-12-14,19286.8000,coinmetrics
2020-12-15,19432.6000,coinmetrics
2020-12-16,21370.7000,coinmetrics
2020-12-17,22789.3000,coinmetrics
2020-12-18,23048.8000,coinmetrics
2020-12-19,23856.8000,coinmetrics
2020-12-20,23528.6000,coinmetrics
2020-12-21,22937.4000,coinmetrics
2020-12-22,23756.9000,coinmetrics
2020-12-23,23307.3000,coinmetrics
2020-12-24,23707.6000,coinmetrics
2020-12-25,24669.2000,coinmetrics
2020-12-26,26478.1000,coinmetrics
2020-12-27,26430.9000,coinmetrics
2020-12-28,27039.3000,coinmetrics
2020-12-29,27231.2000,coinmetrics
2020-12-30,28844.6000,coinmetrics
2020-12-31,29022.7000,coinmetrics
2021-01-01,29380.7000,coinmetrics
2021-01-02,32022.7000,coinmetrics
2021-01-03,33277.8000,coinmetrics
2021-01-04,31802.1000,coinmetrics
2021-01-05,34013.2000,coinmetrics
2021-01-06,36643.3000,coinmetrics
2021-01-07,39215.7000,coinmetrics
2021-01-08,40775.4000,coinmetrics
2021-01-09,40370.7000,coinmetrics
2021-01-10,38329.3000,coinmetrics
2021-01-11,35269.5000,coinmetrics
2021-01-12,33712.5000,coinmetrics
2021-01-13,37296.5000,coinmetrics
2021-01-14,39045.5000,coinmetrics
2021-01-15,36710.3000,coinmetrics
2021-01-16,36177.3000,coinmetrics
2021-01-17,36069.9000,coinmetrics
2021-01-18,36594.3000,coinmetrics
2021-01-19,36250.1000,coinmetrics
2021-01-20,35515.5000,coinmetrics
2021-01-21,31023.0000,coinmetrics
2021-01-22,32986.4000,coinmetrics
2021-01-23,32036.3000,coinmetrics
2021-01-24,32216.1000,coinmetrics
2021-01-25,32419.7000,coinmetrics
2021-01-26,32640.6000,coinmetrics
2021-01-27,30358.9000,coinmetrics
2021-01-28,33511.3000,coinmetrics
2021-01-29,34166.1000,coinmetrics
2021-01-30,34349.9000,coinmetrics
2021-01-31,33157.8000,coinmetrics
2021-02-01,33570.3000,coinmetrics
2021-02-02,35596.1000,coinmetrics
2021-02-03,37578.4000,coinmetrics
2021-02-04,37129.2000,coinmetrics
2021-02-05,38045.4000,coinmetrics
2021-02-06,39341.7000,coinmetrics
2021-02-07,39003.0000,coinmetrics
2021-02-08,46121.9000,coinmetrics
2021-02-09,46548.2000,coinmetrics
2021-02-10,45078.1000,coinmetrics
2021-02-11,47892.8000,coinmetrics
2021-02-12,47525.2000,coinmetrics
2021-02-13,47208.6000,coinmetrics
2021-02-14,48829.8000,coinmetrics
2021-02-15,48110.2000,coinmetrics
2021-02-16,49140.4000,coinmetrics
2021-02-17,52224.9000,coinmetrics
2021-02-18,51650.1000,coinmetrics
2021-02-19,55820.5000,coinmetrics
2021-02-20,55861.8000,coinmetrics
2021-02-21,57500.7000,coinmetrics
2021-02-22,53952.2000,coinmetrics
2021-02-23,48560.5000,coinmetrics
2021-02-24,49567.3000,coinmetrics
2021-02-25,47568.1000,coinmetrics
2021-02-26,46231.8000,coinmetrics
2021-02-27,45834.5000,coinmetrics
2021-02-28,45359.5000,coinmetrics
2021-03-01,49634.4000,coinmetrics
2021-03-02,48304.7000,coinmetrics
2021-03-03,50690.5000,coinmetrics
2021-03-04,48472.8000,coinmetrics
2021-03-05,48800.8000,coinmetrics
2021-03-06,48970.5000,coinmetrics
2021-03-07,51086.5000,coinmetrics
2021-03-08,52088.5000,coinmetrics
2021-03-09,54739.1000,coinmetrics
2021-03-10,56116.0000,coinmetrics
2021-03-11,57847.3000,coinmetrics
2021-03-12,57334.6000,coinmetrics
2021-03-13,61288.8000,coinmetrics
2021-03-14,59905.6000,coinmetrics
2021-03-15,56121.1000,coinmetrics
2021-03-16,56500.4000,coinmetrics
2021-03-17,58683.1000,coinmetrics
2021-03-18,57731.5000,coinmetrics
2021-03-19,58168.1000,coinmetrics
2021-03-20,58247.9000,coinmetrics
2021-03-21,57447.9000,coinmetrics
2021-03-22,54453.1000,coinmetrics
2021-03-23,54563.6000,coinmetrics
2021-03-24,52595.4000,coinmetrics
2021-03-25,51547.1000,coinmetrics
2021-03-26,54817.9000,coinmetrics
2021-03-27,56019.8000,coinmetrics
2021-03-28,55713.0000,coinmetrics
2021-03-29,57571.2000,coinmetrics
2021-03-30,58684.5000,coinmetrics
2021-03-31,58792.2000,coinmetrics
2021-04-01,58819.0000,coinmetrics
2021-04-02,59031.5000,coinmetrics
2021-04-03,57282.4000,coinmetrics
2021-04-04,58202.2000,coinmetrics
2021-04-05,58755.9000,coinmetrics
2021-04-06,58084.1000,coinmetrics
2021-04-07,56266.8000,coinmetrics
2021-04-08,57963.3000,coinmetrics
2021-04-09,58051.8000,coinmetrics
2021-04-10,59651.6000,coinmetrics
2021-04-11,59932.9000,coinmetrics
2021-04-12,59905.9000,coinmetrics
2021-04-13,63445.6000,coinmetrics
2021-04-14,62869.5000,coinmetrics
2021-04-15,63231.2000,coinmetrics
2021-04-16,61571.1000,coinmetrics
2021-04-17,60280.9000,coinmetrics
2021-04-18,56389.6000,coinmetrics
2021-04-19,55798.1000,coinmetrics
2021-04-20,56474.4000,coinmetrics
2021-04-21,54025.8000,coinmetrics
2021-04-22,51882.1000,coinmetrics
2021-04-23,50954.9000,coinmetrics
2021-04-24,50279.9000,coinmetrics
2021-04-25,48946.9000,coinmetrics
2021-04-26,53943.3000,coinmetrics
2021-04-27,55027.0000,coinmetrics
2021-04-28,54787.4000,coinmetrics
2021-04-29,53567.1000,coinmetrics
2021-04-30,57741.4000,coinmetrics
2021-05-01,57863.6000,coinmetrics
2021-05-02,56572.6000,coinmetrics
2021-05-03,57243.0000,coinmetrics
2021-05-04,53724.1000,coinmetrics
2021-05-05,57342.0000,coinmetrics
2021-05-06,56527.4000,coinmetrics
2021-05-07,57341.1000,coinmetrics
2021-05-08,58736.1000,coinmetrics
2021-05-09,58288.4000,coinmetrics
2021-05-10,55902.9000,coinmetrics
2021-05-11,56612.1000,coinmetrics
2021-05-12,50972.4000,coinmetrics
2021-05-13,49368.6000,coinmetrics
2021-05-14,49997.4000,coinmetrics
2021-05-15,47048.0000,coinmetrics
2021-05-16,46022.5000,coinmetrics
2021-05-17,43492.4000,coinmetrics
2021-05-18,42789.8000,coinmetrics
2021-05-19,37642.5000,coinmetrics
2021-05-20,40799.4000,coinmetrics
2021-05-21,37174.3000,coinmetrics
2021-05-22,37643.4000,coinmetrics
2021-05-23,34774.2000,coinmetrics
2021-05-24,38630.4000,coinmetrics
2021-05-25,38269.8000,coinmetrics
2021-05-26,39194.9000,coinmetrics
2021-05-27,38510.9000,coinmetrics
2021-05-28,35596.7000,coinmetrics
2021-05-29,34681.8000,coinmetrics
2021-05-30,35652.2000,coinmetrics
2021-05-31,37313.0000,coinmetrics
2021-06-01,36661.4000,coinmetrics
2021-06-02,37639.5000,coinmetrics
2021-06-03,39160.2000,coinmetrics
2021-06-04,36884.4000,coinmetrics
2021-06-05,35409.6000,coinmetrics
2021-06-06,35720.6000,coinmetrics
2021-06-07,33724.9000,coinmetrics
2021-06-08,33475.0000,coinmetrics
2021-06-09,37373.0000,coinmetrics
2021-06-10,36826.0000,coinmetrics
2021-06-11,37185.4000,coinmetrics
2021-06-12,35669.2000,coinmetrics
2021-06-13,38925.4000,coinmetrics
2021-06-14,40455.6000,coinmetrics
2021-06-15,40254.7000,coinmetrics
2021-06-16,38265.5000,coinmetrics
2021-06-17,38018.6000,coinmetrics
2021-06-18,35714.3000,coinmetrics
2021-06-19,35556.0000,coinmetrics
2021-06-20,35599.9000,coinmetrics
2021-06-21,31715.2000,coinmetrics
2021-06-22,32394.6000,coinmetrics
2021-06-23,33610.5000,coinmetrics
2021-06-24,34659.0000,coinmetrics
2021-06-25,31683.5000,coinmetrics
2021-06-26,31890.7000,coinmetrics
2021-06-27,34506.5000,coinmetrics
2021-06-28,34376.2000,coinmetrics
2021-06-29,35933.8000,coinmetrics
2021-06-30,35065.5000,coinmetrics
2021-07-01,33505.1000,coinmetrics
2021-07-02,33782.9000,coinmetrics
2021-07-03,34588.2000,coinmetrics
2021-07-04,35355.6000,coinmetrics
2021-07-05,33911.8000,coinmetrics
2021-07-06,34124.0000,coinmetrics
2021-07-07,33931.6000,coinmetrics
2021-07-08,32819.7000,coinmetrics
2021-07-09,33914.9000,coinmetrics
2021-07-10,33610.9000,coinmetrics
2021-07-11,34258.4000,coinmetrics
2021-07-12,33135.2000,coinmetrics
2021-07-13,32642.0000,coinmetrics
2021-07-14,32798.3000,coinmetrics
2021-07-15,31707.7000,coinmetrics
2021-07-16,31455.7000,coinmetrics
2021-07-17,31548.0000,coinmetrics
2021-07-18,31707.7000,coinmetrics
2021-07-19,30883.5000,coinmetrics
2021-07-20,29766.7000,coinmetrics
2021-07-21,32119.7000,coinmetrics
2021-07-22,32307.0000,coinmetrics
2021-07-23,33439.6000,coinmetrics
2021-07-24,34166.9000,coinmetrics
2021-07-25,35119.9000,coinmetrics
2021-07-26,37444.8000,coinmetrics
2021-07-27,39126.5000,coinmetrics
2021-07-28,39939.2000,coinmetrics
2021-07-29,40086.2000,coinmetrics
2021-07-30,41789.7000,coinmetrics
2021-07-31,41793.3000,coinmetrics
2021-08-01,39969.0000,coinmetrics
2021-08-02,39304.2000,coinmetrics
2021-08-03,38288.8000,coinmetrics
2021-08-04,39773.9000,coinmetrics
2021-08-05,40941.7000,coinmetrics
2021-08-06,42790.4000,coinmetrics
2021-08-07,44484.9000,coinmetrics
2021-08-08,43972.3000,coinmetrics
2021-08-09,46265.6000,coinmetrics
2021-08-10,45488.8000,coinmetrics
2021-08-11,45676.3000,coinmetrics
2021-08-12,44405.7000,coinmetrics
2021-08-13,47717.5000,coinmetrics
2021-08-14,47124.2000,coinmetrics
2021-08-15,47074.4000,coinmetrics
2021-08-16,45984.7000,coinmetrics
2021-08-17,44714.1000,coinmetrics
2021-08-18,44954.4000,coinmetrics
2021-08-19,46646.9000,coinmetrics
2021-08-20,49240.8000,coinmetrics
2021-08-21,49070.2000,coinmetrics
2021-08-22,49363.3000,coinmetrics
2021-08-23,49590.9000,coinmetrics
2021-08-24,47925.9000,coinmetrics
2021-08-25,49002.3000,coinmetrics
2021-08-26,47190.3000,coinmetrics
2021-08-27,49048.5000,coinmetrics
2021-08-28,48852.5000,coinmetrics
2021-08-29,48948.3000,coinmetrics
2021-08-30,47125.8000,coinmetrics
2021-08-31,47219.2000,coinmetrics
2021-09-01,48688.5000,coinmetrics
2021-09-02,49369.6000,coinmetrics
2021-09-03,49860.5000,coinmetrics
2021-09-04,49919.6000,coinmetrics
2021-09-05,51747.6000,coinmetrics
2021-09-06,52640.6000,coinmetrics
2021-09-07,46854.4000,coinmetrics
2021-09-08,46188.0000,coinmetrics
2021-09-09,46448.8000,coinmetrics
2021-09-10,44765.3000,coinmetrics
2021-09-11,45098.6000,coinmetrics
2021-09-12,46180.6000,coinmetrics
2021-09-13,44991.5000,coinmetrics
2021-09-14,47022.6000,coinmetrics
2021-09-15,48167.2000,coinmetrics
2021-09-16,47797.3000,coinmetrics
2021-09-17,47213.8000,coinmetrics
2021-09-18,48204.0000,coinmetrics
2021-09-19,47218.5000,coinmetrics
2021-09-20,42855.5000,coinmetrics
2021-09-21,40526.5000,coinmetrics
2021-09-22,43577.6000,coinmetrics
2021-09-23,44861.3000,coinmetrics
2021-09-24,42803.3000,coinmetrics
2021-09-25,42735.3000,coinmetrics
2021-09-26,43131.3000,coinmetrics
2021-09-27,42496.8000,coinmetrics
2021-09-28,41223.8000,coinmetrics
2021-09-29,41453.9000,coinmetrics
2021-09-30,43781.5000,coinmetrics
2021-10-01,48078.1000,coinmetrics
2021-10-02,47792.4000,coinmetrics
2021-10-03,48202.6000,coinmetrics
2021-10-04,49288.5000,coinmetrics
2021-10-05,51558.0000,coinmetrics
2021-10-06,55419.8000,coinmetrics
2021-10-07,53805.2000,coinmetrics
2021-10-08,53933.5000,coinmetrics
2021-10-09,55010.9000,coinmetrics
2021-10-10,54701.3000,coinmetrics
2021-10-11,57289.2000,coinmetrics
2021-10-12,56196.2000,coinmetrics
2021-10-13,57348.9000,coinmetrics
2021-10-14,57384.0000,coinmetrics
2021-10-15,61446.1000,coinmetrics
2021-10-16,60932.1000,coinmetrics
2021-10-17,61462.2000,coinmetrics
2021-10-18,61977.1000,coinmetrics
2021-10-19,64290.9000,coinmetrics
2021-10-20,66061.8000,coinmetrics
2021-10-21,62373.9000,coinmetrics
2021-10-22,60751.0000,coinmetrics
2021-10-23,61250.1000,coinmetrics
2021-10-24,60865.4000,coinmetrics
2021-10-25,63031.7000,coinmetrics
2021-10-26,60394.0000,coinmetrics
2021-10-27,58563.3000,coinmetrics
2021-10-28,60564.6000,coinmetrics
2021-10-29,62230.8000,coinmetrics
2021-10-30,61742.9000,coinmetrics
2021-10-31,61433.0000,coinmetrics
2021-11-01,61092.1000,coinmetrics
2021-11-02,63024.7000,coinmetrics
2021-11-03,62956.0000,coinmetrics
2021-11-04,61393.9000,coinmetrics
2021-11-05,61005.8000,coinmetrics
2021-11-06,61455.1000,coinmetrics
2021-11-07,63043.8000,coinmetrics
2021-11-08,67541.8000,coinmetrics
2021-11-09,67095.6000,coinmetrics
2021-11-10,64756.1000,coinmetrics
2021-11-11,64962.9000,coinmetrics
2021-11-12,64079.0000,coinmetrics
2021-11-13,64397.8000,coinmetrics
2021-11-14,65032.2000,coinmetrics
2021-11-15,63753.5000,coinmetrics
2021-11-16,60322.5000,coinmetrics
2021-11-17,60154.3000,coinmetrics
2021-11-18,56794.2000,coinmetrics
2021-11-19,58014.1000,coinmetrics
2021-11-20,59749.5000,coinmetrics
2021-11-21,59032.6000,coinmetrics
2021-11-22,56383.6000,coinmetrics
2021-11-23,57642.3000,coinmetrics
2021-11-24,57141.8000,coinmetrics
2021-11-25,59008.7000,coinmetrics
2021-11-26,53800.6000,coinmetrics
2021-11-27,54635.9000,coinmetrics
2021-11-28,57248.6000,coinmetrics
2021-11-29,57920.7000,coinmetrics
2021-11-30,57097.0000,coinmetrics
2021-12-01,57180.6000,coinmetrics
2021-12-02,56582.9000,coinmetrics
2021-12-03,53671.6000,coinmetrics
2021-12-04,49159.7000,coinmetrics
2021-12-05,49327.1000,coinmetrics
2021-12-06,50535.4000,coinmetrics
2021-12-07,50574.5000,coinmetrics
2021-12-08,50500.7000,coinmetrics
2021-12-09,47937.8000,coinmetrics
2021-12-10,47437.2000,coinmetrics
2021-12-11,49321.8000,coinmetrics
2021-12-12,50136.6000,coinmetrics
2021-12-13,46785.3000,coinmetrics
2021-12-14,48292.7000,coinmetrics
2021-12-15,48830.6000,coinmetrics
2021-12-16,47663.5000,coinmetrics
2021-12-17,46334.5000,coinmetrics
2021-12-18,46904.9000,coinmetrics
2021-12-19,46876.4000,coinmetrics
2021-12-20,46954.8000,coinmetrics
2021-12-21,49082.1000,coinmetrics
2021-12-22,48692.1000,coinmetrics
2021-12-23,50713.0000,coinmetrics
2021-12-24,50783.8000,coinmetrics
2021-12-25,50590.5000,coinmetrics
2021-12-26,50798.3000,coinmetrics
2021-12-27,50796.4000,coinmetrics
2021-12-28,47673.0000,coinmetrics
2021-12-29,46470.3000,coinmetrics
2021-12-30,47102.5000,coinmetrics
2021-12-31,46355.1000,coinmetrics
2022-01-01,47560.0000,coinmetrics
2022-01-02,47352.6000,coinmetrics
2022-01-03,46453.4000,coinmetrics
2022-01-04,45906.0000,coinmetrics
2022-01-05,43530.9000,coinmetrics
2022-01-06,43145.0000,coinmetrics
2022-01-07,41512.8000,coinmetrics
2022-01-08,41799.8000,coinmetrics
2022-01-09,41886.5000,coinmetrics
2022-01-10,41817.0000,coinmetrics
2022-01-11,42768.2000,coinmetrics
2022-01-12,43961.0000,coinmetrics
2022-01-13,42626.9000,coinmetrics
2022-01-14,43102.6000,coinmetrics
2022-01-15,43206.7000,coinmetrics
2022-01-16,43168.9000,coinmetrics
2022-01-17,42211.3000,coinmetrics
2022-01-18,42431.2000,coinmetrics
2022-01-19,41787.7000,coinmetrics
2022-01-20,40756.1000,coinmetrics
2022-01-21,36492.3000,coinmetrics
2022-01-22,34996.4000,coinmetrics
2022-01-23,36271.1000,coinmetrics
2022-01-24,36659.7000,coinmetrics
2022-01-25,36952.6000,coinmetrics
2022-01-26,36825.8000,coinmetrics
2022-01-27,37021.9000,coinmetrics
2022-01-28,37768.8000,coinmetrics
2022-01-29,38088.3000,coinmetrics
2022-01-30,37983.5000,coinmetrics
2022-01-31,38462.7000,coinmetrics
2022-02-01,38788.0000,coinmetrics
2022-02-02,36942.3000,coinmetrics
2022-02-03,37057.7000,coinmetrics
2022-02-04,41079.9000,coinmetrics
2022-02-05,41508.6000,coinmetrics
2022-02-06,42358.2000,coinmetrics
2022-02-07,43889.0000,coinmetrics
2022-02-08,44167.4000,coinmetrics
2022-02-09,44405.1000,coinmetrics
2022-02-10,43614.3000,coinmetrics
2022-02-11,42357.3000,coinmetrics
2022-02-12,42173.5000,coinmetrics
2022-02-13,42195.6000,coinmetrics
2022-02-14,42646.2000,coinmetrics
2022-02-15,44511.9000,coinmetrics
2022-02-16,44065.7000,coinmetrics
2022-02-17,40610.0000,coinmetrics
2022-02-18,40044.2000,coinmetrics
2022-02-19,40095.9000,coinmetrics
2022-02-20,38551.6000,coinmetrics
2022-02-21,37098.0000,coinmetrics
2022-02-22,38202.6000,coinmetrics
2022-02-23,37308.3000,coinmetrics
2022-02-24,38283.8000,coinmetrics
2022-02-25,39323.8000,coinmetrics
2022-02-26,39056.6000,coinmetrics
2022-02-27,37664.8000,coinmetrics
2022-02-28,43179.3000,coinmetrics
2022-03-01,44334.5000,coinmetrics
2022-03-02,43984.6000,coinmetrics
2022-03-03,42492.8000,coinmetrics
2022-03-04,39106.4000,coinmetrics
2022-03-05,39383.9000,coinmetrics
2022-03-06,38399.3000,coinmetrics
2022-03-07,38146.7000,coinmetrics
2022-03-08,38725.5000,coinmetrics
2022-03-09,41989.4000,coinmetrics
2022-03-10,39482.3000,coinmetrics
2022-03-11,38825.4000,coinmetrics
2022-03-12,38951.1000,coinmetrics
2022-03-13,37808.3000,coinmetrics
2022-03-14,39649.0000,coinmetrics
2022-03-15,39356.8000,coinmetrics
2022-03-16,41101.8000,coinmetrics
2022-03-17,40966.4000,coinmetrics
2022-03-18,41826.1000,coinmetrics
2022-03-19,42193.2000,coinmetrics
2022-03-20,41294.7000,coinmetrics
2022-03-21,41064.4000,coinmetrics
2022-03-22,42383.2000,coinmetrics
2022-03-23,42734.2000,coinmetrics
2022-03-24,43974.6000,coinmetrics
2022-03-25,44347.0000,coinmetrics
2022-03-26,44519.9000,coinmetrics
2022-03-27,46777.2000,coinmetrics
2022-03-28,47223.7000,coinmetrics
2022-03-29,47463.7000,coinmetrics
2022-03-30,47123.3000,coinmetrics
2022-03-31,45562.2000,coinmetrics
2022-04-01,46250.3000,coinmetrics
2022-04-02,45939.9000,coinmetrics
2022-04-03,46440.5000,coinmetrics
2022-04-04,46663.0000,coinmetrics
2022-04-05,45693.0000,coinmetrics
2022-04-06,43304.9000,coinmetrics
2022-04-07,43569.0000,coinmetrics
2022-04-08,42222.1000,coinmetrics
2022-04-09,42681.0000,coinmetrics
2022-04-10,42264.5000,coinmetrics
2022-04-11,39544.0000,coinmetrics
2022-04-12,40096.4000,coinmetrics
2022-04-13,41152.8000,coinmetrics
2022-04-14,39916.5000,coinmetrics
2022-04-15,40527.3000,coinmetrics
2022-04-16,40439.6000,coinmetrics
2022-04-17,39704.8000,coinmetrics
2022-04-18,40818.9000,coinmetrics
2022-04-19,41489.7000,coinmetrics
2022-04-20,41395.6000,coinmetrics
2022-04-21,40457.5000,coinmetrics
2022-04-22,39738.0000,coinmetrics
2022-04-23,39582.5000,coinmetrics
2022-04-24,39511.6000,coinmetrics
2022-04-25,40473.7000,coinmetrics
2022-04-26,38072.8000,coinmetrics
2022-04-27,39218.5000,coinmetrics
2022-04-28,39748.0000,coinmetrics
2022-04-29,38609.5000,coinmetrics
2022-04-30,37714.1000,coinmetrics
2022-05-01,38459.2000,coinmetrics
2022-05-02,38566.1000,coinmetrics
2022-05-03,37704.4000,coinmetrics
2022-05-04,39641.9000,coinmetrics
2022-05-05,36502.0000,coinmetrics
2022-05-06,36043.0000,coinmetrics
2022-05-07,35508.7000,coinmetrics
2022-05-08,34058.9000,coinmetrics
2022-05-09,30457.9000,coinmetrics
2022-05-10,30990.7000,coinmetrics
2022-05-11,28796.6000,coinmetrics
2022-05-12,29030.7000,coinmetrics
2022-05-13,29285.9000,coinmetrics
2022-05-14,30051.9000,coinmetrics
2022-05-15,31182.6000,coinmetrics
2022-05-16,29889.6000,coinmetrics
2022-05-17,30438.2000,coinmetrics
2022-05-18,28771.2000,coinmetrics
2022-05-19,30257.9000,coinmetrics
2022-05-20,29224.2000,coinmetrics
2022-05-21,29420.1000,coinmetrics
2022-05-22,30331.9000,coinmetrics
2022-05-23,29088.3000,coinmetrics
2022-05-24,29643.7000,coinmetrics
2022-05-25,29577.3000,coinmetrics
2022-05-26,29332.5000,coinmetrics
2022-05-27,28612.0000,coinmetrics
2022-05-28,29045.5000,coinmetrics
2022-05-29,29430.1000,coinmetrics
2022-05-30,31736.0000,coinmetrics
2022-05-31,31831.4000,coinmetrics
2022-06-01,29825.9000,coinmetrics
2022-06-02,30504.3000,coinmetrics
2022-06-03,29662.7000,coinmetrics
2022-06-04,29792.4000,coinmetrics
2022-06-05,29915.4000,coinmetrics
2022-06-06,31333.7000,coinmetrics
2022-06-07,31175.0000,coinmetrics
2022-06-08,30228.5000,coinmetrics
2022-06-09,30064.5000,coinmetrics
2022-06-10,29070.4000,coinmetrics
2022-06-11,28360.8000,coinmetrics
2022-06-12,26830.3000,coinmetrics
2022-06-13,22316.3000,coinmetrics
2022-06-14,22072.9000,coinmetrics
2022-06-15,22520.8000,coinmetrics
2022-06-16,20310.2000,coinmetrics
2022-06-17,20464.9000,coinmetrics
2022-06-18,19013.9000,coinmetrics
2022-06-19,20492.3000,coinmetrics
2022-06-20,20571.6000,coinmetrics
2022-06-21,20688.5000,coinmetrics
2022-06-22,20003.2000,coinmetrics
2022-06-23,21097.1000,coinmetrics
2022-06-24,21299.1000,coinmetrics
2022-06-25,21468.3000,coinmetrics
2022-06-26,21066.6000,coinmetrics
2022-06-27,20751.1000,coinmetrics
2022-06-28,20263.2000,coinmetrics
2022-06-29,20080.9000,coinmetrics
2022-06-30,19332.9000,coinmetrics
2022-07-01,19341.9000,coinmetrics
2022-07-02,19231.8000,coinmetrics
2022-07-03,19276.5000,coinmetrics
2022-07-04,20226.3000,coinmetrics
2022-07-05,20193.3000,coinmetrics
2022-07-06,20560.8000,coinmetrics
2022-07-07,21651.4000,coinmetrics
2022-07-08,21813.8000,coinmetrics
2022-07-09,21585.1000,coinmetrics
2022-07-10,20831.3000,coinmetrics
2022-07-11,19971.3000,coinmetrics
2022-07-12,19339.2000,coinmetrics
2022-07-13,20155.5000,coinmetrics
2022-07-14,20552.9000,coinmetrics
2022-07-15,20831.7000,coinmetrics
2022-07-16,21196.5000,coinmetrics
2022-07-17,20827.9000,coinmetrics
2022-07-18,22305.7000,coinmetrics
2022-07-19,23371.2000,coinmetrics
2022-07-20,23280.9000,coinmetrics
2022-07-21,23152.4000,coinmetrics
2022-07-22,22706.1000,coinmetrics
2022-07-23,22484.5000,coinmetrics
2022-07-24,22653.4000,coinmetrics
2022-07-25,21510.1000,coinmetrics
2022-07-26,21181.7000,coinmetrics
2022-07-27,22898.4000,coinmetrics
2022-07-28,23838.6000,coinmetrics
2022-07-29,23950.7000,coinmetrics
2022-07-30,23623.4000,coinmetrics
2022-07-31,23356.2000,coinmetrics
2022-08-01,23331.4000,coinmetrics
2022-08-02,23031.4000,coinmetrics
2022-08-03,22809.7000,coinmetrics
2022-08-04,22628.3000,coinmetrics
2022-08-05,23249.0000,coinmetrics
2022-08-06,22996.3000,coinmetrics
2022-08-07,23153.7000,coinmetrics
2022-08-08,23803.7000,coinmetrics
2022-08-09,23186.3000,coinmetrics
2022-08-10,23923.1000,coinmetrics
2022-08-11,23934.4000,coinmetrics
2022-08-12,24396.3000,coinmetrics
2022-08-13,24426.2000,coinmetrics
2022-08-14,24314.2000,coinmetrics
2022-08-15,24084.0000,coinmetrics
2022-08-16,23868.8000,coinmetrics
2022-08-17,23336.3000,coinmetrics
2022-08-18,23221.2000,coinmetrics
2022-08-19,20906.8000,coinmetrics
2022-08-20,21146.7000,coinmetrics
2022-08-21,21554.0000,coinmetrics
2022-08-22,21301.1000,coinmetrics
2022-08-23,21534.5000,coinmetrics
2022-08-24,21425.0000,coinmetrics
2022-08-25,21587.8000,coinmetrics
2022-08-26,20246.2000,coinmetrics
2022-08-27,20044.0000,coinmetrics
2022-08-28,19673.5000,coinmetrics
2022-08-29,20271.0000,coinmetrics
2022-08-30,19825.5000,coinmetrics
2022-08-31,20024.7000,coinmetrics
2022-09-01,20105.5000,coinmetrics
2022-09-02,19948.9000,coinmetrics
2022-09-03,19803.8000,coinmetrics
2022-09-04,19961.9000,coinmetrics
2022-09-05,19797.8000,coinmetrics
2022-09-06,18846.2000,coinmetrics
2022-09-07,19292.9000,coinmetrics
2022-09-08,19319.1000,coinmetrics
2022-09-09,21363.3000,coinmetrics
2022-09-10,21715.2000,coinmetrics
2022-09-11,21732.8000,coinmetrics
2022-09-12,22365.2000,coinmetrics
2022-09-13,20165.0000,coinmetrics
2022-09-14,20246.4000,coinmetrics
2022-09-15,19696.9000,coinmetrics
2022-09-16,19741.6000,coinmetrics
2022-09-17,20120.7000,coinmetrics
2022-09-18,19427.1000,coinmetrics
2022-09-19,19558.0000,coinmetrics
2022-09-20,18872.9000,coinmetrics
2022-09-21,18506.8000,coinmetrics
2022-09-22,19414.5000,coinmetrics
2022-09-23,19326.9000,coinmetrics
2022-09-24,18924.8000,coinmetrics
2022-09-25,18793.2000,coinmetrics
2022-09-26,19201.1000,coinmetrics
2022-09-27,19106.7000,coinmetrics
2022-09-28,19454.9000,coinmetrics
2022-09-29,19540.9000,coinmetrics
2022-09-30,19435.2000,coinmetrics
2022-10-01,19311.9000,coinmetrics
2022-10-02,19015.3000,coinmetrics
2022-10-03,19633.4000,coinmetrics
2022-10-04,20340.0000,coinmetrics
2022-10-05,20155.1000,coinmetrics
2022-10-06,19950.5000,coinmetrics
2022-10-07,19539.1000,coinmetrics
2022-10-08,19416.2000,coinmetrics
2022-10-09,19428.4000,coinmetrics
2022-10-10,19154.4000,coinmetrics
2022-10-11,19039.3000,coinmetrics
2022-10-12,19156.9000,coinmetrics
2022-10-13,19387.8000,coinmetrics
2022-10-14,19177.7000,coinmetrics
2022-10-15,19069.9000,coinmetrics
2022-10-16,19261.7000,coinmetrics
2022-10-17,19557.0000,coinmetrics
2022-10-18,19341.4000,coinmetrics
2022-10-19,19132.2000,coinmetrics
2022-10-20,19033.4000,coinmetrics
2022-10-21,19174.9000,coinmetrics
2022-10-22,19207.6000,coinmetrics
2022-10-23,19565.4000,coinmetrics
2022-10-24,19341.5000,coinmetrics
2022-10-25,20095.0000,coinmetrics
2022-10-26,20797.0000,coinmetrics
2022-10-27,20280.2000,coinmetrics
2022-10-28,20604.6000,coinmetrics
2022-10-29,20803.9000,coinmetrics
2022-10-30,20616.7000,coinmetrics
2022-10-31,20490.9000,coinmetrics
2022-11-01,20484.0000,coinmetrics
2022-11-02,20148.3000,coinmetrics
2022-11-03,20198.1000,coinmetrics
2022-11-04,21157.2000,coinmetrics
2022-11-05,21283.5000,coinmetrics
2022-11-06,20946.8000,coinmetrics
2022-11-07,20568.6000,coinmetrics
2022-11-08,18521.0000,coinmetrics
2022-11-09,15758.3000,coinmetrics
2022-11-10,17541.6000,coinmetrics
2022-11-11,16916.9000,coinmetrics
2022-11-12,16771.2000,coinmetrics
2022-11-13,16320.5000,coinmetrics
2022-11-14,16629.5000,coinmetrics
2022-11-15,16855.6000,coinmetrics
2022-11-16,16659.6000,coinmetrics
2022-11-17,16675.2000,coinmetrics
2022-11-18,16661.5000,coinmetrics
2022-11-19,16696.0000,coinmetrics
2022-11-20,16246.8000,coinmetrics
2022-11-21,15778.0000,coinmetrics
2022-11-22,16172.9000,coinmetrics
2022-11-23,16574.1000,coinmetrics
2022-11-24,16583.5000,coinmetrics
2022-11-25,16522.4000,coinmetrics
2022-11-26,16448.6000,coinmetrics
2022-11-27,16436.1000,coinmetrics
2022-11-28,16212.6000,coinmetrics
2022-11-29,16443.0000,coinmetrics
2022-11-30,17176.9000,coinmetrics
2022-12-01,16961.3000,coinmetrics
2022-12-02,17075.1000,coinmetrics
2022-12-03,16899.5000,coinmetrics
2022-12-04,17121.7000,coinmetrics
2022-12-05,16961.4000,coinmetrics
2022-12-06,17070.5000,coinmetrics
2022-12-07,16848.3000,coinmetrics
2022-12-08,17231.5000,coinmetrics
2022-12-09,17136.1000,coinmetrics
2022-12-10,17124.2000,coinmetrics
2022-12-11,17094.4000,coinmetrics
2022-12-12,17195.5000,coinmetrics
2022-12-13,17774.9000,coinmetrics
2022-12-14,17809.7000,coinmetrics
2022-12-15,17344.1000,coinmetrics
2022-12-16,16606.1000,coinmetrics
2022-12-17,16774.4000,coinmetrics
2022-12-18,16776.1000,coinmetrics
2022-12-19,16424.1000,coinmetrics
2022-12-20,16901.8000,coinmetrics
2022-12-21,16800.5000,coinmetrics
2022-12-22,16814.2000,coinmetrics
2022-12-23,16780.5000,coinmetrics
2022-12-24,16837.6000,coinmetrics
2022-12-25,16824.8000,coinmetrics
2022-12-26,16879.9000,coinmetrics
2022-12-27,16698.9000,coinmetrics
2022-12-28,16536.3000,coinmetrics
2022-12-29,16630.6000,coinmetrics
2022-12-30,16593.7000,coinmetrics
2022-12-31,16524.2000,coinmetrics
2023-01-01,16606.8000,coinmetrics
2023-01-02,16688.7000,coinmetrics
2023-01-03,16670.1000,coinmetrics
2023-01-04,16848.4000,coinmetrics
2023-01-05,16824.8000,coinmetrics
2023-01-06,16957.9000,coinmetrics
2023-01-07,16942.6000,coinmetrics
2023-01-08,17059.2000,coinmetrics
2023-01-09,17182.3000,coinmetrics
2023-01-10,17433.9000,coinmetrics
2023-01-11,17833.7000,coinmetrics
2023-01-12,18869.7000,coinmetrics
2023-01-13,19868.7000,coinmetrics
2023-01-14,21010.9000,coinmetrics
2023-01-15,20876.0000,coinmetrics
2023-01-16,21180.4000,coinmetrics
2023-01-17,21178.3000,coinmetrics
2023-01-18,20709.7000,coinmetrics
2023-01-19,21071.8000,coinmetrics
2023-01-20,22660.7000,coinmetrics
2023-01-21,22803.2000,coinmetrics
2023-01-22,22716.3000,coinmetrics
2023-01-23,22929.0000,coinmetrics
2023-01-24,22611.1000,coinmetrics
2023-01-25,23109.1000,coinmetrics
2023-01-26,23008.7000,coinmetrics
2023-01-27,23070.5000,coinmetrics
2023-01-28,23008.8000,coinmetrics
2023-01-29,23775.0000,coinmetrics
2023-01-30,22799.4000,coinmetrics
2023-01-31,23130.1000,coinmetrics
2023-02-01,23727.2000,coinmetrics
2023-02-02,23505.6000,coinmetrics
2023-02-03,23445.8000,coinmetrics
2023-02-04,23355.5000,coinmetrics
2023-02-05,22957.2000,coinmetrics
2023-02-06,22745.2000,coinmetrics
2023-02-07,23266.3000,coinmetrics
2023-02-08,22937.6000,coinmetrics
2023-02-09,21818.2000,coinmetrics
2023-02-10,21620.6000,coinmetrics
2023-02-11,21864.9000,coinmetrics
2023-02-12,21772.1000,coinmetrics
2023-02-13,21798.7000,coinmetrics
2023-02-14,22222.4000,coinmetrics
2023-02-15,24304.6000,coinmetrics
2023-02-16,23742.4000,coinmetrics
2023-02-17,24607.3000,coinmetrics
2023-02-18,24636.5000,coinmetrics
2023-02-19,24367.0000,coinmetrics
2023-02-20,24797.8000,coinmetrics
2023-02-21,24400.4000,coinmetrics
2023-02-22,24163.7000,coinmetrics
2023-02-23,23910.0000,coinmetrics
2023-02-24,23175.8000,coinmetrics
2023-02-25,23159.8000,coinmetrics
2023-02-26,23542.1000,coinmetrics
2023-02-27,23504.2000,coinmetrics
2023-02-28,23145.9000,coinmetrics
2023-03-01,23610.7000,coinmetrics
2023-03-02,23470.0000,coinmetrics
2023-03-03,22350.1000,coinmetrics
2023-03-04,22334.3000,coinmetrics
2023-03-05,22419.8000,coinmetrics
2023-03-06,22414.7000,coinmetrics
2023-03-07,22174.6000,coinmetrics
2023-03-08,21701.4000,coinmetrics
2023-03-09,20349.8000,coinmetrics
2023-03-10,20240.4000,coinmetrics
2023-03-11,20585.2000,coinmetrics
2023-03-12,22066.0000,coinmetrics
2023-03-13,24154.4000,coinmetrics
2023-03-14,24769.0000,coinmetrics
2023-03-15,24409.8000,coinmetrics
2023-03-16,25043.2000,coinmetrics
2023-03-17,27450.6000,coinmetrics
2023-03-18,26985.7000,coinmetrics
2023-03-19,28185.2000,coinmetrics
2023-03-20,27834.3000,coinmetrics
2023-03-21,28172.8000,coinmetrics
2023-03-22,27341.6000,coinmetrics
2023-03-23,28387.9000,coinmetrics
2023-03-24,27464.1000,coinmetrics
2023-03-25,27489.0000,coinmetrics
2023-03-26,28049.4000,coinmetrics
2023-03-27,27155.0000,coinmetrics
2023-03-28,27284.0000,coinmetrics
2023-03-29,28389.3000,coinmetrics
2023-03-30,28021.6000,coinmetrics
2023-03-31,28514.7000,coinmetrics
2023-04-01,28494.6000,coinmetrics
2023-04-02,28162.0000,coinmetrics
2023-04-03,27851.0000,coinmetrics
2023-04-04,28114.0000,coinmetrics
2023-04-05,28190.3000,coinmetrics
2023-04-06,28049.1000,coinmetrics
2023-04-07,27936.8000,coinmetrics
2023-04-08,27964.1000,coinmetrics
2023-04-09,28357.8000,coinmetrics
2023-04-10,29687.6000,coinmetrics
2023-04-11,30247.1000,coinmetrics
2023-04-12,29913.0000,coinmetrics
2023-04-13,30370.8000,coinmetrics
2023-04-14,30459.0000,coinmetrics
2023-04-15,30342.1000,coinmetrics
2023-04-16,30312.9000,coinmetrics
2023-04-17,29469.5000,coinmetrics
2023-04-18,30366.9000,coinmetrics
2023-04-19,28796.7000,coinmetrics
2023-04-20,28251.3000,coinmetrics
2023-04-21,27292.0000,coinmetrics
2023-04-22,27827.5000,coinmetrics
2023-04-23,27604.7000,coinmetrics
2023-04-24,27520.2000,coinmetrics
2023-04-25,28302.7000,coinmetrics
2023-04-26,28384.2000,coinmetrics
2023-04-27,29465.6000,coinmetrics
2023-04-28,29350.8000,coinmetrics
2023-04-29,29221.5000,coinmetrics
2023-04-30,29362.1000,coinmetrics
2023-05-01,28115.0000,coinmetrics
2023-05-02,28690.6000,coinmetrics
2023-05-03,29045.0000,coinmetrics
2023-05-04,28855.9000,coinmetrics
2023-05-05,29553.0000,coinmetrics
2023-05-06,28899.5000,coinmetrics
2023-05-07,28761.7000,coinmetrics
2023-05-08,27727.3000,coinmetrics
2023-05-09,27642.4000,coinmetrics
2023-05-10,27646.0000,coinmetrics
2023-05-11,26986.3000,coinmetrics
2023-05-12,26773.3000,coinmetrics
2023-05-13,26841.4000,coinmetrics
2023-05-14,26918.3000,coinmetrics
2023-05-15,27231.6000,coinmetrics
2023-05-16,27025.7000,coinmetrics
2023-05-17,27401.0000,coinmetrics
2023-05-18,26843.2000,coinmetrics
2023-05-19,26889.5000,coinmetrics
2023-05-20,27100.9000,coinmetrics
2023-05-21,26777.1000,coinmetrics
2023-05-22,26858.7000,coinmetrics
2023-05-23,27226.9000,coinmetrics
2023-05-24,26341.4000,coinmetrics
2023-05-25,26484.8000,coinmetrics
2023-05-26,26720.4000,coinmetrics
2023-05-27,26854.5000,coinmetrics
2023-05-28,28097.5000,coinmetrics
2023-05-29,27765.1000,coinmetrics
2023-05-30,27712.5000,coinmetrics
2023-05-31,27217.7000,coinmetrics
2023-06-01,26825.4000,coinmetrics
2023-06-02,27255.2000,coinmetrics
2023-06-03,27079.4000,coinmetrics
2023-06-04,27158.3000,coinmetrics
2023-06-05,25785.9000,coinmetrics
2023-06-06,27213.8000,coinmetrics
2023-06-07,26339.6000,coinmetrics
2023-06-08,26521.7000,coinmetrics
2023-06-09,26470.7000,coinmetrics
2023-06-10,25863.2000,coinmetrics
2023-06-11,25906.8000,coinmetrics
2023-06-12,25906.8000,coinmetrics
2023-06-13,25880.9000,coinmetrics
2023-06-14,25097.6000,coinmetrics
2023-06-15,25559.1000,coinmetrics
2023-06-16,26331.8000,coinmetrics
2023-06-17,26514.2000,coinmetrics
2023-06-18,26354.0000,coinmetrics
2023-06-19,26778.1000,coinmetrics
2023-06-20,28305.4000,coinmetrics
2023-06-21,30099.5000,coinmetrics
2023-06-22,29952.5000,coinmetrics
2023-06-23,30638.4000,coinmetrics
2023-06-24,30549.0000,coinmetrics
2023-06-25,30467.4000,coinmetrics
2023-06-26,30255.9000,coinmetrics
2023-06-27,30667.1000,coinmetrics
2023-06-28,30104.0000,coinmetrics
2023-06-29,30460.8000,coinmetrics
2023-06-30,30484.5000,coinmetrics
2023-07-01,30581.7000,coinmetrics
2023-07-02,30594.2000,coinmetrics
2023-07-03,31135.4000,coinmetrics
2023-07-04,30799.9000,coinmetrics
2023-07-05,30497.8000,coinmetrics
2023-07-06,29979.7000,coinmetrics
2023-07-07,30329.9000,coinmetrics
2023-07-08,30263.6000,coinmetrics
2023-07-09,30163.2000,coinmetrics
2023-07-10,30394.7000,coinmetrics
2023-07-11,30616.2000,coinmetrics
2023-07-12,30385.6000,coinmetrics
2023-07-13,31434.7000,coinmetrics
2023-07-14,30310.7000,coinmetrics
2023-07-15,30290.9000,coinmetrics
2023-07-16,30249.8000,coinmetrics
2023-07-17,30143.7000,coinmetrics
2023-07-18,29835.7000,coinmetrics
2023-07-19,29913.0000,coinmetrics
2023-07-20,29805.6000,coinmetrics
2023-07-21,29919.7000,coinmetrics
2023-07-22,29726.0000,coinmetrics
2023-07-23,30066.6000,coinmetrics
2023-07-24,29178.4000,coinmetrics
2023-07-25,29221.3000,coinmetrics
2023-07-26,29361.6000,coinmetrics
2023-07-27,29201.7000,coinmetrics
2023-07-28,29316.3000,coinmetrics
2023-07-29,29360.4000,coinmetrics
2023-07-30,29262.8000,coinmetrics
2023-07-31,29219.8000,coinmetrics
2023-08-01,29499.6000,coinmetrics
2023-08-02,29143.2000,coinmetrics
2023-08-03,29192.3000,coinmetrics
2023-08-04,29057.3000,coinmetrics
2023-08-05,29053.1000,coinmetrics
2023-08-06,29048.0000,coinmetrics
2023-08-07,29164.4000,coinmetrics
2023-08-08,29779.5000,coinmetrics
2023-08-09,29582.9000,coinmetrics
2023-08-10,29430.2000,coinmetrics
2023-08-11,29399.8000,coinmetrics
2023-08-12,29415.7000,coinmetrics
2023-08-13,29286.1000,coinmetrics
2023-08-14,29409.0000,coinmetrics
2023-08-15,29167.6000,coinmetrics
2023-08-16,28754.3000,coinmetrics
2023-08-17,26660.6000,coinmetrics
2023-08-18,26037.4000,coinmetrics
2023-08-19,26094.0000,coinmetrics
2023-08-20,26176.5000,coinmetrics
2023-08-21,26128.9000,coinmetrics
2023-08-22,25978.2000,coinmetrics
2023-08-23,26452.2000,coinmetrics
2023-08-24,26126.8000,coinmetrics
2023-08-25,26040.9000,coinmetrics
2023-08-26,26006.2000,coinmetrics
2023-08-27,26086.4000,coinmetrics
2023-08-28,26103.3000,coinmetrics
2023-08-29,27672.2000,coinmetrics
2023-08-30,27299.0000,coinmetrics
2023-08-31,25954.9000,coinmetrics
2023-09-01,25802.8000,coinmetrics
2023-09-02,25868.3000,coinmetrics
2023-09-03,25962.5000,coinmetrics
2023-09-04,25799.5000,coinmetrics
2023-09-05,25782.4000,coinmetrics
2023-09-06,25754.8000,coinmetrics
2023-09-07,26210.6000,coinmetrics
2023-09-08,25904.7000,coinmetrics
2023-09-09,25894.6000,coinmetrics
2023-09-10,25831.5000,coinmetrics
2023-09-11,25135.0000,coinmetrics
2023-09-12,25859.7000,coinmetrics
2023-09-13,26226.9000,coinmetrics
2023-09-14,26556.1000,coinmetrics
2023-09-15,26672.6000,coinmetrics
2023-09-16,26555.6000,coinmetrics
2023-09-17,26502.4000,coinmetrics
2023-09-18,26764.6000,coinmetrics
2023-09-19,27215.1000,coinmetrics
2023-09-20,27133.4000,coinmetrics
2023-09-21,26571.6000,coinmetrics
2023-09-22,26581.1000,coinmetrics
2023-09-23,26575.8000,coinmetrics
2023-09-24,26286.6000,coinmetrics
2023-09-25,26288.8000,coinmetrics
2023-09-26,26194.5000,coinmetrics
2023-09-27,26336.1000,coinmetrics
2023-09-28,27033.4000,coinmetrics
2023-09-29,26911.3000,coinmetrics
2023-09-30,26977.7000,coinmetrics
2023-10-01,27950.1000,coinmetrics
2023-10-02,27565.9000,coinmetrics
2023-10-03,27439.1000,coinmetrics
2023-10-04,27797.3000,coinmetrics
2023-10-05,27426.3000,coinmetrics
2023-10-06,27942.0000,coinmetrics
2023-10-07,27972.8000,coinmetrics
2023-10-08,27936.3000,coinmetrics
2023-10-09,27591.3000,coinmetrics
2023-10-10,27419.8000,coinmetrics
2023-10-11,26828.2000,coinmetrics
2023-10-12,26741.3000,coinmetrics
2023-10-13,26842.4000,coinmetrics
2023-10-14,26862.0000,coinmetrics
2023-10-15,27130.3000,coinmetrics
2023-10-16,28506.8000,coinmetrics
2023-10-17,28433.2000,coinmetrics
2023-10-18,28328.1000,coinmetrics
2023-10-19,28690.4000,coinmetrics
2023-10-20,29705.0000,coinmetrics
2023-10-21,29922.5000,coinmetrics
2023-10-22,29984.2000,coinmetrics
2023-10-23,32954.2000,coinmetrics
2023-10-24,33881.0000,coinmetrics
2023-10-25,34488.7000,coinmetrics
2023-10-26,34181.5000,coinmetrics
2023-10-27,33896.9000,coinmetrics
2023-10-28,34091.6000,coinmetrics
2023-10-29,34574.3000,coinmetrics
2023-10-30,34495.1000,coinmetrics
2023-10-31,34636.4000,coinmetrics
2023-11-01,35432.0000,coinmetrics
2023-11-02,34882.9000,coinmetrics
2023-11-03,34708.2000,coinmetrics
2023-11-04,35091.1000,coinmetrics
2023-11-05,35105.0000,coinmetrics
2023-11-06,35017.7000,coinmetrics
2023-11-07,35418.5000,coinmetrics
2023-11-08,35797.9000,coinmetrics
2023-11-09,36675.3000,coinmetrics
2023-11-10,37367.5000,coinmetrics
2023-11-11,36979.9000,coinmetrics
2023-11-12,37053.3000,coinmetrics
2023-11-13,36543.3000,coinmetrics
2023-11-14,35590.7000,coinmetrics
2023-11-15,37840.6000,coinmetrics
2023-11-16,36160.4000,coinmetrics
2023-11-17,36569.7000,coinmetrics
2023-11-18,36577.4000,coinmetrics
2023-11-19,37442.7000,coinmetrics
2023-11-20,37516.1000,coinmetrics
2023-11-21,36035.0000,coinmetrics
2023-11-22,37403.0000,coinmetrics
2023-11-23,37311.7000,coinmetrics
2023-11-24,37718.8000,coinmetrics
2023-11-25,37800.1000,coinmetrics
2023-11-26,37482.7000,coinmetrics
2023-11-27,37229.2000,coinmetrics
2023-11-28,37828.5000,coinmetrics
2023-11-29,37846.9000,coinmetrics
2023-11-30,37712.7000,coinmetrics
2023-12-01,38703.6000,coinmetrics
2023-12-02,39462.3000,coinmetrics
2023-12-03,39978.2000,coinmetrics
2023-12-04,41910.3000,coinmetrics
2023-12-05,44067.0000,coinmetrics
2023-12-06,43745.8000,coinmetrics
2023-12-07,43282.6000,coinmetrics
2023-12-08,44205.1000,coinmetrics
2023-12-09,43740.0000,coinmetrics
2023-12-10,43732.7000,coinmetrics
2023-12-11,41209.9000,coinmetrics
2023-12-12,41467.3000,coinmetrics
2023-12-13,42939.1000,coinmetrics
2023-12-14,43033.1000,coinmetrics
2023-12-15,41978.1000,coinmetrics
2023-12-16,42203.2000,coinmetrics
2023-12-17,41428.7000,coinmetrics
2023-12-18,42635.7000,coinmetrics
2023-12-19,42271.9000,coinmetrics
2023-12-20,43605.2000,coinmetrics
2023-12-21,43870.2000,coinmetrics
2023-12-22,44009.5000,coinmetrics
2023-12-23,43768.8000,coinmetrics
2023-12-24,43097.8000,coinmetrics
2023-12-25,43623.8000,coinmetrics
2023-12-26,42491.1000,coinmetrics
2023-12-27,43437.0000,coinmetrics
2023-12-28,42670.7000,coinmetrics
2023-12-29,41998.6000,coinmetrics
2023-12-30,42204.5000,coinmetrics
2023-12-31,42217.2000,coinmetrics
2024-01-01,44049.5000,coinmetrics
2024-01-02,44941.2000,coinmetrics
2024-01-03,42773.7000,coinmetrics
2024-01-04,44250.7000,coinmetrics
2024-01-05,44146.3000,coinmetrics
2024-01-06,43918.0000,coinmetrics
2024-01-07,43844.2000,coinmetrics
2024-01-08,46981.3000,coinmetrics
2024-01-09,46084.0000,coinmetrics
2024-01-10,46818.2000,coinmetrics
2024-01-11,46380.9000,coinmetrics
2024-01-12,42817.4000,coinmetrics
2024-01-13,42847.0000,coinmetrics
2024-01-14,41888.2000,coinmetrics
2024-01-15,42528.9000,coinmetrics
2024-01-16,43171.4000,coinmetrics
2024-01-17,42689.3000,coinmetrics
2024-01-18,41261.9000,coinmetrics
2024-01-19,41606.9000,coinmetrics
2024-01-20,41668.7000,coinmetrics
2024-01-21,41537.1000,coinmetrics
2024-01-22,39577.1000,coinmetrics
2024-01-23,39737.3000,coinmetrics
2024-01-24,40101.9000,coinmetrics
2024-01-25,39917.7000,coinmetrics
2024-01-26,41860.7000,coinmetrics
2024-01-27,42125.3000,coinmetrics
2024-01-28,41983.0000,coinmetrics
2024-01-29,43218.3000,coinmetrics
2024-01-30,42950.1000,coinmetrics
2024-01-31,42589.5000,coinmetrics
2024-02-01,43020.4000,coinmetrics
2024-02-02,43155.4000,coinmetrics
2024-02-03,42982.4000,coinmetrics
2024-02-04,42576.3000,coinmetrics
2024-02-05,42619.3000,coinmetrics
2024-02-06,43102.7000,coinmetrics
2024-02-07,44253.0000,coinmetrics
2024-02-08,45332.1000,coinmetrics
2024-02-09,47177.0000,coinmetrics
2024-02-10,47792.9000,coinmetrics
2024-02-11,48200.8000,coinmetrics
2024-02-12,49989.8000,coinmetrics
2024-02-13,49628.1000,coinmetrics
2024-02-14,51844.3000,coinmetrics
2024-02-15,51939.1000,coinmetrics
2024-02-16,52157.3000,coinmetrics
2024-02-17,51674.8000,coinmetrics
2024-02-18,52148.1000,coinmetrics
2024-02-19,51804.8000,coinmetrics
2024-02-20,52308.1000,coinmetrics
2024-02-21,51744.3000,coinmetrics
2024-02-22,51292.3000,coinmetrics
2024-02-23,50789.1000,coinmetrics
2024-02-24,51578.2000,coinmetrics
2024-02-25,51746.5000,coinmetrics
2024-02-26,54551.8000,coinmetrics
2024-02-27,57049.9000,coinmetrics
2024-02-28,62460.7000,coinmetrics
2024-02-29,61394.8000,coinmetrics
2024-03-01,62524.4000,coinmetrics
2024-03-02,62049.6000,coinmetrics
2024-03-03,62991.4000,coinmetrics
2024-03-04,68091.8000,coinmetrics
2024-03-05,63950.5000,coinmetrics
2024-03-06,66103.7000,coinmetrics
2024-03-07,67070.4000,coinmetrics
2024-03-08,68343.7000,coinmetrics
2024-03-09,68502.5000,coinmetrics
2024-03-10,68882.3000,coinmetrics
2024-03-11,72198.1000,coinmetrics
2024-03-12,71432.7000,coinmetrics
2024-03-13,73081.6000,coinmetrics
2024-03-14,71505.3000,coinmetrics
2024-03-15,69424.9000,coinmetrics
2024-03-16,65433.7000,coinmetrics
2024-03-17,68285.1000,coinmetrics
2024-03-18,67770.9000,coinmetrics
2024-03-19,61969.3000,coinmetrics
2024-03-20,67848.1000,coinmetrics
2024-03-21,65454.7000,coinmetrics
2024-03-22,63486.5000,coinmetrics
2024-03-23,64361.2000,coinmetrics
2024-03-24,67289.6000,coinmetrics
2024-03-25,70042.0000,coinmetrics
2024-03-26,70071.0000,coinmetrics
2024-03-27,69267.9000,coinmetrics
2024-03-28,70826.9000,coinmetrics
2024-03-29,69917.0000,coinmetrics
2024-03-30,69663.0000,coinmetrics
2024-03-31,71227.5000,coinmetrics
2024-04-01,69791.6000,coinmetrics
2024-04-02,65533.8000,coinmetrics
2024-04-03,66130.2000,coinmetrics
2024-04-04,68438.1000,coinmetrics
2024-04-05,67904.9000,coinmetrics
2024-04-06,69136.1000,coinmetrics
2024-04-07,69392.7000,coinmetrics
2024-04-08,71712.8000,coinmetrics
2024-04-09,69074.5000,coinmetrics
2024-04-10,70579.4000,coinmetrics
2024-04-11,70046.6000,coinmetrics
2024-04-12,67098.1000,coinmetrics
2024-04-13,64551.6000,coinmetrics
2024-04-14,65648.8000,coinmetrics
2024-04-15,63393.3000,coinmetrics
2024-04-16,63784.8000,coinmetrics
2024-04-17,61324.2000,coinmetrics
2024-04-18,63510.1000,coinmetrics
2024-04-19,63762.6000,coinmetrics
2024-04-20,64908.0000,coinmetrics
2024-04-21,64968.2000,coinmetrics
2024-04-22,66944.6000,coinmetrics
2024-04-23,66385.3000,coinmetrics
2024-04-24,64190.0000,coinmetrics
2024-04-25,64515.4000,coinmetrics
2024-04-26,63777.5000,coinmetrics
2024-04-27,63429.3000,coinmetrics
2024-04-28,62978.6000,coinmetrics
2024-04-29,63908.4000,coinmetrics
2024-04-30,60636.3000,coinmetrics
2024-05-01,58141.8000,coinmetrics
2024-05-02,59170.1000,coinmetrics
2024-05-03,62983.7000,coinmetrics
2024-05-04,63881.1000,coinmetrics
2024-05-05,64067.6000,coinmetrics
2024-05-06,63228.1000,coinmetrics
2024-05-07,62397.0000,coinmetrics
2024-05-08,61079.3000,coinmetrics
2024-05-09,62998.5000,coinmetrics
2024-05-10,60896.6000,coinmetrics
2024-05-11,60843.6000,coinmetrics
2024-05-12,61431.3000,coinmetrics
2024-05-13,62886.9000,coinmetrics
2024-05-14,61555.6000,coinmetrics
2024-05-15,66281.5000,coinmetrics
2024-05-16,65269.3000,coinmetrics
2024-05-17,66956.4000,coinmetrics
2024-05-18,66977.6000,coinmetrics
2024-05-19,66259.5000,coinmetrics
2024-05-20,71202.2000,coinmetrics
2024-05-21,70217.3000,coinmetrics
2024-05-22,69074.9000,coinmetrics
2024-05-23,67758.7000,coinmetrics
2024-05-24,68609.0000,coinmetrics
2024-05-25,69282.8000,coinmetrics
2024-05-26,68445.0000,coinmetrics
2024-05-27,69347.8000,coinmetrics
2024-05-28,68342.8000,coinmetrics
2024-05-29,67584.3000,coinmetrics
2024-05-30,68375.5000,coinmetrics
2024-05-31,67377.8000,coinmetrics
2024-06-01,67714.4000,coinmetrics
2024-06-02,67805.5000,coinmetrics
2024-06-03,68833.3000,coinmetrics
2024-06-04,70554.1000,coinmetrics
2024-06-05,71087.4000,coinmetrics
2024-06-06,70788.5000,coinmetrics
2024-06-07,69338.2000,coinmetrics
2024-06-08,69310.1000,coinmetrics
2024-06-09,69644.0000,coinmetrics
2024-06-10,69465.9000,coinmetrics
2024-06-11,67368.3000,coinmetrics
2024-06-12,68213.8000,coinmetrics
2024-06-13,66783.5000,coinmetrics
2024-06-14,65982.2000,coinmetrics
2024-06-15,66204.9000,coinmetrics
2024-06-16,66622.6000,coinmetrics
2024-06-17,66483.9000,coinmetrics
2024-06-18,65112.1000,coinmetrics
2024-06-19,64878.7000,coinmetrics
2024-06-20,64897.7000,coinmetrics
2024-06-21,64086.0000,coinmetrics
2024-06-22,64258.1000,coinmetrics
2024-06-23,63345.0000,coinmetrics
2024-06-24,60259.0000,coinmetrics
2024-06-25,61739.7000,coinmetrics
2024-06-26,60794.5000,coinmetrics
2024-06-27,61569.9000,coinmetrics
2024-06-28,60303.3000,coinmetrics
2024-06-29,60889.3000,coinmetrics
2024-06-30,62763.3000,coinmetrics
2024-07-01,62835.4000,coinmetrics
2024-07-02,62028.6000,coinmetrics
2024-07-03,60216.4000,coinmetrics
2024-07-04,57418.2000,coinmetrics
2024-07-05,56721.0000,coinmetrics
2024-07-06,58259.2000,coinmetrics
2024-07-07,56112.6000,coinmetrics
2024-07-08,56691.9000,coinmetrics
2024-07-09,57981.4000,coinmetrics
2024-07-10,57722.0000,coinmetrics
2024-07-11,57307.7000,coinmetrics
2024-07-12,57859.1000,coinmetrics
2024-07-13,59329.0000,coinmetrics
2024-07-14,61015.0000,coinmetrics
2024-07-15,64734.8000,coinmetrics
2024-07-16,65118.8000,coinmetrics
2024-07-17,64201.4000,coinmetrics
2024-07-18,63984.3000,coinmetrics
2024-07-19,66755.8000,coinmetrics
2024-07-20,67185.5000,coinmetrics
2024-07-21,68056.6000,coinmetrics
2024-07-22,67535.2000,coinmetrics
2024-07-23,65916.4000,coinmetrics
2024-07-24,65353.4000,coinmetrics
2024-07-25,65722.1000,coinmetrics
2024-07-26,67912.2000,coinmetrics
2024-07-27,68077.4000,coinmetrics
2024-07-28,68170.7000,coinmetrics
2024-07-29,66867.2000,coinmetrics
2024-07-30,66186.9000,coinmetrics
2024-07-31,64690.6000,coinmetrics
2024-08-01,65178.1000,coinmetrics
2024-08-02,61506.8000,coinmetrics
2024-08-03,60688.2000,coinmetrics
2024-08-04,58306.3000,coinmetrics
2024-08-05,54343.6000,coinmetrics
2024-08-06,56047.5000,coinmetrics
2024-08-07,55129.7000,coinmetrics
2024-08-08,61908.8000,coinmetrics
2024-08-09,60720.9000,coinmetrics
2024-08-10,60871.6000,coinmetrics
2024-08-11,58836.1000,coinmetrics
2024-08-12,59394.2000,coinmetrics
2024-08-13,60536.2000,coinmetrics
2024-08-14,58840.6000,coinmetrics
2024-08-15,57644.2000,coinmetrics
2024-08-16,58927.3000,coinmetrics
2024-08-17,59414.7000,coinmetrics
2024-08-18,58793.2000,coinmetrics
2024-08-19,59411.5000,coinmetrics
2024-08-20,59123.3000,coinmetrics
2024-08-21,61133.0000,coinmetrics
2024-08-22,60394.5000,coinmetrics
2024-08-23,64106.8000,coinmetrics
2024-08-24,64023.2000,coinmetrics
2024-08-25,64498.0000,coinmetrics
2024-08-26,62983.4000,coinmetrics
2024-08-27,59548.0000,coinmetrics
2024-08-28,59100.8000,coinmetrics
2024-08-29,59339.8000,coinmetrics
2024-08-30,59142.9000,coinmetrics
2024-08-31,58959.9000,coinmetrics
2024-09-01,57349.1000,coinmetrics
2024-09-02,59159.0000,coinmetrics
2024-09-03,57637.8000,coinmetrics
2024-09-04,58033.4000,coinmetrics
2024-09-05,56113.0000,coinmetrics
2024-09-06,53839.0000,coinmetrics
2024-09-07,54066.4000,coinmetrics
2024-09-08,54859.3000,coinmetrics
2024-09-09,57135.8000,coinmetrics
2024-09-10,57664.5000,coinmetrics
2024-09-11,57409.2000,coinmetrics
2024-09-12,58124.6000,coinmetrics
2024-09-13,60536.9000,coinmetrics
2024-09-14,60007.2000,coinmetrics
2024-09-15,59129.9000,coinmetrics
2024-09-16,58227.5000,coinmetrics
2024-09-17,60238.2000,coinmetrics
2024-09-18,61306.2000,coinmetrics
2024-09-19,62994.6000,coinmetrics
2024-09-20,63154.0000,coinmetrics
2024-09-21,63367.7000,coinmetrics
2024-09-22,63572.0000,coinmetrics
2024-09-23,63336.0000,coinmetrics
2024-09-24,64342.8000,coinmetrics
2024-09-25,63059.6000,coinmetrics
2024-09-26,65057.8000,coinmetrics
2024-09-27,65767.7000,coinmetrics
2024-09-28,65770.5000,coinmetrics
2024-09-29,65617.8000,coinmetrics
2024-09-30,63260.0000,coinmetrics
2024-10-01,60858.2000,coinmetrics
2024-10-02,60686.1000,coinmetrics
2024-10-03,60765.2000,coinmetrics
2024-10-04,62052.5000,coinmetrics
2024-10-05,62030.5000,coinmetrics
2024-10-06,62789.9000,coinmetrics
2024-10-07,62416.5000,coinmetrics
2024-10-08,62126.3000,coinmetrics
2024-10-09,60615.3000,coinmetrics
2024-10-10,60221.1000,coinmetrics
2024-10-11,62462.5000,coinmetrics
2024-10-12,63202.9000,coinmetrics
2024-10-13,62759.4000,coinmetrics
2024-10-14,66089.8000,coinmetrics
2024-10-15,66934.0000,coinmetrics
2024-10-16,67663.0000,coinmetrics
2024-10-17,67337.9000,coinmetrics
2024-10-18,68390.5000,coinmetrics
2024-10-19,68357.9000,coinmetrics
2024-10-20,69012.4000,coinmetrics
2024-10-21,67440.5000,coinmetrics
2024-10-22,67425.8000,coinmetrics
2024-10-23,66647.3000,coinmetrics
2024-10-24,68131.0000,coinmetrics
2024-10-25,66261.5000,coinmetrics
2024-10-26,67023.3000,coinmetrics
2024-10-27,68000.1000,coinmetrics
2024-10-28,69862.5000,coinmetrics
2024-10-29,72678.8000,coinmetrics
2024-10-30,72450.3000,coinmetrics
2024-10-31,70367.1000,coinmetrics
2024-11-01,69483.6000,coinmetrics
2024-11-02,69241.7000,coinmetrics
2024-11-03,68742.8000,coinmetrics
2024-11-04,67779.1000,coinmetrics
2024-11-05,69538.0000,coinmetrics
2024-11-06,75696.0000,coinmetrics
2024-11-07,75972.3000,coinmetrics
2024-11-08,76507.4000,coinmetrics
2024-11-09,76799.3000,coinmetrics
2024-11-10,80409.3000,coinmetrics
2024-11-11,88860.0000,coinmetrics
2024-11-12,88048.7000,coinmetrics
2024-11-13,90369.4000,coinmetrics
2024-11-14,87204.3000,coinmetrics
2024-11-15,91139.1000,coinmetrics
2024-11-16,90567.7000,coinmetrics
2024-11-17,89733.0000,coinmetrics
2024-11-18,90587.7000,coinmetrics
2024-11-19,92254.1000,coinmetrics
2024-11-20,94160.0000,coinmetrics
2024-11-21,98545.6000,coinmetrics
2024-11-22,98938.3000,coinmetrics
2024-11-23,97707.0000,coinmetrics
2024-11-24,97980.2000,coinmetrics
2024-11-25,93343.0000,coinmetrics
2024-11-26,91875.6000,coinmetrics
2024-11-27,95989.1000,coinmetrics
2024-11-28,95737.9000,coinmetrics
2024-11-29,97398.9000,coinmetrics
2024-11-30,96463.6000,coinmetrics
2024-12-01,97469.6000,coinmetrics
2024-12-02,95726.4000,coinmetrics
2024-12-03,96010.9000,coinmetrics
2024-12-04,98920.3000,coinmetrics
2024-12-05,96949.7000,coinmetrics
2024-12-06,99953.1000,coinmetrics
2024-12-07,99977.7000,coinmetrics
2024-12-08,100799.0000,coinmetrics
2024-12-09,97390.2000,coinmetrics
2024-12-10,96835.5000,coinmetrics
2024-12-11,101310.0000,coinmetrics
2024-12-12,100091.0000,coinmetrics
2024-12-13,101290.0000,coinmetrics
2024-12-14,101367.0000,coinmetrics
2024-12-15,104551.0000,coinmetrics
2024-12-16,105856.0000,coinmetrics
2024-12-17,106116.0000,coinmetrics
2024-12-18,100470.0000,coinmetrics
2024-12-19,97697.0000,coinmetrics
2024-12-20,97617.4000,coinmetrics
2024-12-21,97093.0000,coinmetrics
2024-12-22,95149.1000,coinmetrics
2024-12-23,94800.8000,coinmetrics
2024-12-24,98637.7000,coinmetrics
2024-12-25,99235.4000,coinmetrics
2024-12-26,95628.3000,coinmetrics
2024-12-27,94220.0000,coinmetrics
2024-12-28,95123.6000,coinmetrics
2024-12-29,93457.6000,coinmetrics
2024-12-30,92523.2000,coinmetrics
2024-12-31,93389.7000,coinmetrics
2025-01-01,94455.8000,coinmetrics
2025-01-02,96851.4000,coinmetrics
2025-01-03,98120.7000,coinmetrics
2025-01-04,98230.0000,coinmetrics
2025-01-05,98414.8000,coinmetrics
2025-01-06,102180.0000,coinmetrics
2025-01-07,96975.0000,coinmetrics
2025-01-08,95039.3000,coinmetrics
2025-01-09,92346.2000,coinmetrics
2025-01-10,94759.1000,coinmetrics
2025-01-11,94606.5000,coinmetrics
2025-01-12,94353.8000,coinmetrics
2025-01-13,94375.7000,coinmetrics
2025-01-14,96569.5000,coinmetrics
2025-01-15,100172.0000,coinmetrics
2025-01-16,99977.7000,coinmetrics
2025-01-17,104297.0000,coinmetrics
2025-01-18,104398.0000,coinmetrics
2025-01-19,100955.0000,coinmetrics
2025-01-20,102589.0000,coinmetrics
2025-01-21,105988.0000,coinmetrics
2025-01-22,103791.0000,coinmetrics
2025-01-23,104185.0000,coinmetrics
2025-01-24,104716.0000,coinmetrics
2025-01-25,104866.0000,coinmetrics
2025-01-26,102833.0000,coinmetrics
2025-01-27,101907.0000,coinmetrics
2025-01-28,101138.0000,coinmetrics
2025-01-29,103919.0000,coinmetrics
2025-01-30,104987.0000,coinmetrics
2025-01-31,102263.0000,coinmetrics
2025-02-01,100610.0000,coinmetrics
2025-02-02,97424.8000,coinmetrics
2025-02-03,101582.0000,coinmetrics
2025-02-04,97848.1000,coinmetrics
2025-02-05,96559.3000,coinmetrics
2025-02-06,96541.3000,coinmetrics
2025-02-07,96384.1000,coinmetrics
2025-02-08,96603.3000,coinmetrics
2025-02-09,96309.8000,coinmetrics
2025-02-10,97375.2000,coinmetrics
2025-02-11,95806.3000,coinmetrics
2025-02-12,97756.5000,coinmetrics
2025-02-13,96534.7000,coinmetrics
2025-02-14,97414.4000,coinmetrics
2025-02-15,97583.2000,coinmetrics
2025-02-16,96182.3000,coinmetrics
2025-02-17,95790.5000,coinmetrics
2025-02-18,95444.0000,coinmetrics
2025-02-19,96647.9000,coinmetrics
2025-02-20,98392.2000,coinmetrics
2025-02-21,96049.0000,coinmetrics
2025-02-22,96605.7000,coinmetrics
2025-02-23,96091.6000,coinmetrics
2025-02-24,91869.7000,coinmetrics
2025-02-25,88769.7000,coinmetrics
2025-02-26,83987.9000,coinmetrics
2025-02-27,84625.4000,coinmetrics
2025-02-28,84243.8000,coinmetrics
2025-03-01,85844.4000,coinmetrics
2025-03-02,94328.0000,coinmetrics
2025-03-03,86315.9000,coinmetrics
2025-03-04,87323.7000,coinmetrics
2025-03-05,90619.4000,coinmetrics
2025-03-06,90222.1000,coinmetrics
2025-03-07,86553.6000,coinmetrics
2025-03-08,86171.3000,coinmetrics
2025-03-09,80647.8000,coinmetrics
2025-03-10,79006.0000,coinmetrics
2025-03-11,82747.2000,coinmetrics
2025-03-12,83630.2000,coinmetrics
2025-03-13,81110.3000,coinmetrics
2025-03-14,84105.8000,coinmetrics
2025-03-15,84352.9000,coinmetrics
2025-03-16,82492.1000,coinmetrics
2025-03-17,84013.9000,coinmetrics
2025-03-18,82680.8000,coinmetrics
2025-03-19,86774.2000,coinmetrics
2025-03-20,84125.0000,coinmetrics
2025-03-21,84069.4000,coinmetrics
2025-03-22,83821.2000,coinmetrics
2025-03-23,85760.9000,coinmetrics
2025-03-24,87322.6000,coinmetrics
2025-03-25,87422.8000,coinmetrics
2025-03-26,86836.7000,coinmetrics
2025-03-27,87211.3000,coinmetrics
2025-03-28,84309.1000,coinmetrics
2025-03-29,82497.2000,coinmetrics
2025-03-30,82216.5000,coinmetrics
2025-03-31,82461.4000,coinmetrics
2025-04-01,85226.7000,coinmetrics
2025-04-02,82555.6000,coinmetrics
2025-04-03,82931.7000,coinmetrics
2025-04-04,83774.2000,coinmetrics
2025-04-05,83302.2000,coinmetrics
2025-04-06,77949.1000,coinmetrics
2025-04-07,79421.8000,coinmetrics
2025-04-08,76351.4000,coinmetrics
2025-04-09,82720.6000,coinmetrics
2025-04-10,79559.0000,coinmetrics
2025-04-11,83359.9000,coinmetrics
2025-04-12,85269.2000,coinmetrics
2025-04-13,83569.0000,coinmetrics
2025-04-14,84589.0000,coinmetrics
2025-04-15,83671.3000,coinmetrics
2025-04-16,84151.5000,coinmetrics
2025-04-17,84940.6000,coinmetrics
2025-04-18,84434.8000,coinmetrics
2025-04-19,85124.7000,coinmetrics
2025-04-20,85101.7000,coinmetrics
2025-04-21,87360.7000,coinmetrics
2025-04-22,93495.6000,coinmetrics
2025-04-23,93695.7000,coinmetrics
2025-04-24,93849.9000,coinmetrics
2025-04-25,94771.4000,coinmetrics
2025-04-26,94694.5000,coinmetrics
2025-04-27,93812.9000,coinmetrics
2025-04-28,95066.0000,coinmetrics
2025-04-29,94102.8000,coinmetrics
2025-04-30,94236.7000,coinmetrics
2025-05-01,96411.7000,coinmetrics
2025-05-02,96842.1000,coinmetrics
2025-05-03,95943.6000,coinmetrics
2025-05-04,94377.8000,coinmetrics
2025-05-05,94853.7000,coinmetrics
2025-05-06,96677.9000,coinmetrics
2025-05-07,97137.4000,coinmetrics
2025-05-08,103070.0000,coinmetrics
2025-05-09,102941.0000,coinmetrics
2025-05-10,104583.0000,coinmetrics
2025-05-11,103976.0000,coinmetrics
2025-05-12,102920.0000,coinmetrics
2025-05-13,104146.0000,coinmetrics
2025-05-14,103573.0000,coinmetrics
2025-05-15,103716.0000,coinmetrics
2025-05-16,103566.0000,coinmetrics
2025-05-17,103190.0000,coinmetrics
2025-05-18,106016.0000,coinmetrics
2025-05-19,105616.0000,coinmetrics
2025-05-20,106893.0000,coinmetrics
2025-05-21,109705.0000,coinmetrics
2025-05-22,111477.0000,coinmetrics
2025-05-23,107292.0000,coinmetrics
2025-05-24,107917.0000,coinmetrics
2025-05-25,108915.0000,coinmetrics
2025-05-26,109372.0000,coinmetrics
2025-05-27,109066.0000,coinmetrics
2025-05-28,107895.0000,coinmetrics
2025-05-29,105733.0000,coinmetrics
2025-05-30,103981.0000,coinmetrics
2025-05-31,104709.0000,coinmetrics
2025-06-01,105750.0000,coinmetrics
2025-06-02,105900.0000,coinmetrics
2025-06-03,105484.0000,coinmetrics
2025-06-04,104783.0000,coinmetrics
2025-06-05,101669.0000,coinmetrics
2025-06-06,104421.0000,coinmetrics
2025-06-07,105685.0000,coinmetrics
2025-06-08,105728.0000,coinmetrics
2025-06-09,110198.0000,coinmetrics
2025-06-10,110074.0000,coinmetrics
2025-06-11,108646.0000,coinmetrics
2025-06-12,105999.0000,coinmetrics
2025-06-13,106025.0000,coinmetrics
2025-06-14,105467.0000,coinmetrics
2025-06-15,105513.0000,coinmetrics
2025-06-16,107244.0000,coinmetrics
2025-06-17,104628.0000,coinmetrics
2025-06-18,104813.0000,coinmetrics
2025-06-19,104710.0000,coinmetrics
2025-06-20,103275.0000,coinmetrics
2025-06-21,101548.0000,coinmetrics
2025-06-22,100899.0000,coinmetrics
2025-06-23,105497.0000,coinmetrics
2025-06-24,105964.0000,coinmetrics
2025-06-25,107305.0000,coinmetrics
2025-06-26,107013.0000,coinmetrics
2025-06-27,107091.0000,coinmetrics
2025-06-28,107358.0000,coinmetrics
2025-06-29,108361.0000,coinmetrics
2025-06-30,107153.0000,coinmetrics
2025-07-01,105566.0000,coinmetrics
2025-07-02,108927.0000,coinmetrics
2025-07-03,109632.0000,coinmetrics
2025-07-04,108081.0000,coinmetrics
2025-07-05,108245.0000,coinmetrics
2025-07-06,109180.0000,coinmetrics
2025-07-07,108249.0000,coinmetrics
2025-07-08,108957.0000,coinmetrics
2025-07-09,111417.0000,coinmetrics
2025-07-10,115874.0000,coinmetrics
2025-07-11,117619.0000,coinmetrics
2025-07-12,117382.0000,coinmetrics
2025-07-13,118900.0000,coinmetrics
2025-07-14,119871.0000,coinmetrics
2025-07-15,117711.0000,coinmetrics
2025-07-16,118730.0000,coinmetrics
2025-07-17,119502.0000,coinmetrics
2025-07-18,117959.0000,coinmetrics
2025-07-19,117909.0000,coinmetrics
2025-07-20,117306.0000,coinmetrics
2025-07-21,117432.0000,coinmetrics
2025-07-22,120068.0000,coinmetrics
2025-07-23,118651.0000,coinmetrics
2025-07-24,118377.0000,coinmetrics
2025-07-25,117520.0000,coinmetrics
2025-07-26,117983.0000,coinmetrics
2025-07-27,119438.0000,coinmetrics
2025-07-28,118023.0000,coinmetrics
2025-07-29,117871.0000,coinmetrics
2025-07-30,117733.0000,coinmetrics
2025-07-31,115848.0000,coinmetrics
2025-08-01,113282.0000,coinmetrics
2025-08-02,112546.0000,coinmetrics
2025-08-03,114264.0000,coinmetrics
2025-08-04,115200.0000,coinmetrics
2025-08-05,114111.0000,coinmetrics
2025-08-06,115035.0000,coinmetrics
2025-08-07,117445.0000,coinmetrics
2025-08-08,116741.0000,coinmetrics
2025-08-09,116512.0000,coinmetrics
2025-08-10,119189.0000,coinmetrics
2025-08-11,118742.0000,coinmetrics
2025-08-12,120154.0000,coinmetrics
2025-08-13,123443.0000,coinmetrics
2025-08-14,118510.0000,coinmetrics
2025-08-15,117311.0000,coinmetrics
2025-08-16,117462.0000,coinmetrics
2025-08-17,117602.0000,coinmetrics
2025-08-18,116313.0000,coinmetrics
2025-08-19,112886.0000,coinmetrics
2025-08-20,114277.0000,coinmetrics
2025-08-21,112347.0000,coinmetrics
2025-08-22,116801.0000,coinmetrics
2025-08-23,115280.0000,coinmetrics
2025-08-24,113516.0000,coinmetrics
2025-08-25,110090.0000,coinmetrics
2025-08-26,111895.0000,coinmetrics
2025-08-27,111252.0000,coinmetrics
2025-08-28,112481.0000,coinmetrics
2025-08-29,108473.0000,coinmetrics
2025-08-30,108746.0000,coinmetrics
2025-08-31,108316.0000,coinmetrics
2025-09-01,108992.0000,coinmetrics
2025-09-02,111141.0000,coinmetrics
2025-09-03,111781.0000,coinmetrics
2025-09-04,110901.0000,coinmetrics
2025-09-05,110711.0000,coinmetrics
2025-09-06,110244.0000,coinmetrics
2025-09-07,111308.0000,coinmetrics
2025-09-08,112112.0000,coinmetrics
2025-09-09,111486.0000,coinmetrics
2025-09-10,113931.0000,coinmetrics
2025-09-11,115446.0000,coinmetrics
2025-09-12,116149.0000,coinmetrics
2025-09-13,115966.0000,coinmetrics
2025-09-14,115396.0000,coinmetrics
2025-09-15,115421.0000,coinmetrics
2025-09-16,116799.0000,coinmetrics
2025-09-17,116576.0000,coinmetrics
2025-09-18,117014.0000,coinmetrics
2025-09-19,115612.0000,coinmetrics
2025-09-20,115753.0000,coinmetrics
2025-09-21,115321.0000,coinmetrics
2025-09-22,112728.0000,coinmetrics
2025-09-23,112052.0000,coinmetrics
2025-09-24,113325.0000,coinmetrics
2025-09-25,109166.0000,coinmetrics
2025-09-26,109669.0000,coinmetrics
2025-09-27,109645.0000,coinmetrics
2025-09-28,112170.0000,coinmetrics
2025-09-29,114341.0000,coinmetrics
2025-09-30,113972.0000,coinmetrics
2025-10-01,118393.0000,coinmetrics
2025-10-02,120559.0000,coinmetrics
2025-10-03,122348.0000,coinmetrics
2025-10-04,122380.0000,coinmetrics
2025-10-05,123524.0000,coinmetrics
2025-10-06,124824.0000,coinmetrics
2025-10-07,121588.0000,coinmetrics
2025-10-08,123390.0000,coinmetrics
2025-10-09,121603.0000,coinmetrics
2025-10-10,113755.0000,coinmetrics
2025-10-11,110940.0000,coinmetrics
2025-10-12,115153.0000,coinmetrics
2025-10-13,115332.0000,coinmetrics
2025-10-14,113327.0000,coinmetrics
2025-10-15,110863.0000,coinmetrics
2025-10-16,108135.0000,coinmetrics
2025-10-17,106626.0000,coinmetrics
2025-10-18,107144.0000,coinmetrics
2025-10-19,108707.0000,coinmetrics
2025-10-20,110640.0000,coinmetrics
2025-10-21,108700.0000,coinmetrics
2025-10-22,107668.0000,coinmetrics
2025-10-23,110061.0000,coinmetrics
2025-10-24,111025.0000,coinmetrics
2025-10-25,111615.0000,coinmetrics
2025-10-26,114557.0000,coinmetrics
2025-10-27,114088.0000,coinmetrics
2025-10-28,112981.0000,coinmetrics
2025-10-29,110206.0000,coinmetrics
2025-10-30,108020.0000,coinmetrics
2025-10-31,109554.0000,coinmetrics
2025-11-01,110005.0000,coinmetrics
2025-11-02,110389.0000,coinmetrics
2025-11-03,106496.0000,coinmetrics
2025-11-04,101350.0000,coinmetrics
2025-11-05,103916.0000,coinmetrics
2025-11-06,101242.0000,coinmetrics
2025-11-07,103428.0000,coinmetrics
2025-11-08,102335.0000,coinmetrics
2025-11-09,104686.0000,coinmetrics
2025-11-10,106082.0000,coinmetrics
2025-11-11,102974.0000,coinmetrics
2025-11-12,101682.0000,coinmetrics
2025-11-13,100035.0000,coinmetrics
2025-11-14,94502.5000,coinmetrics
2025-11-15,95541.3000,coinmetrics
2025-11-16,94182.3000,coinmetrics
2025-11-17,91911.5000,coinmetrics
2025-11-18,92836.4000,coinmetrics
2025-11-19,91320.5000,coinmetrics
2025-11-20,86911.3000,coinmetrics
2025-11-21,84948.0000,coinmetrics
2025-11-22,84775.0000,coinmetrics
2025-11-23,86872.5000,coinmetrics
2025-11-24,88377.6000,coinmetrics
2025-11-25,87434.6000,coinmetrics
2025-11-26,90449.3000,coinmetrics
2025-11-27,91336.2000,coinmetrics
2025-11-28,90990.1000,coinmetrics
2025-11-29,90842.1000,coinmetrics
2025-11-30,90607.7000,coinmetrics
2025-12-01,86504.6000,coinmetrics
2025-12-02,91528.0000,coinmetrics
2025-12-03,93609.1000,coinmetrics
2025-12-04,92205.6000,coinmetrics
2025-12-05,89279.8000,coinmetrics
2025-12-06,89169.6000,coinmetrics
2025-12-07,90067.8000,coinmetrics
2025-12-08,90673.1000,coinmetrics
2025-12-09,92808.9000,coinmetrics
2025-12-10,92102.9000,coinmetrics
2025-12-11,92623.7000,coinmetrics
2025-12-12,90331.6000,coinmetrics
2025-12-13,90245.3000,coinmetrics
2025-12-14,88096.4000,coinmetrics
2025-12-15,86352.6000,coinmetrics
2025-12-16,87752.4000,coinmetrics
2025-12-17,86059.6000,coinmetrics
2025-12-18,85434.2000,coinmetrics
2025-12-19,88168.1000,coinmetrics
2025-12-20,88292.5000,coinmetrics
2025-12-21,88533.4000,coinmetrics
2025-12-22,88474.5000,coinmetrics
2025-12-23,87366.0000,coinmetrics
2025-12-24,87625.7000,coinmetrics
2025-12-25,87231.3000,coinmetrics
2025-12-26,87334.8000,coinmetrics
2025-12-27,87695.4000,coinmetrics
2025-12-28,87747.6000,coinmetrics
2025-12-29,87133.5000,coinmetrics
2025-12-30,88428.5000,coinmetrics
2025-12-31,87517.0000,coinmetrics
2026-01-01,88684.2000,coinmetrics
2026-01-02,89940.2000,coinmetrics
2026-01-03,90598.1000,coinmetrics
2026-01-04,91359.8000,coinmetrics
2026-01-05,93948.6000,coinmetrics
2026-01-06,93574.3000,coinmetrics
2026-01-07,91209.0000,coinmetrics
2026-01-08,91096.9000,coinmetrics
2026-01-09,90539.6000,coinmetrics
2026-01-10,90406.1000,coinmetrics
2026-01-11,90717.2000,coinmetrics
2026-01-12,91141.1000,coinmetrics
2026-01-13,95304.5000,coinmetrics
2026-01-14,97044.0000,coinmetrics
2026-01-15,95546.1000,coinmetrics
2026-01-16,95489.1000,coinmetrics
2026-01-17,95107.0000,coinmetrics
2026-01-18,94261.3000,coinmetrics
2026-01-19,92526.2000,coinmetrics
2026-01-20,88236.6000,coinmetrics
2026-01-21,89599.4000,coinmetrics
2026-01-22,89395.7000,coinmetrics
2026-01-23,89439.8000,coinmetrics
2026-01-24,89185.0000,coinmetrics
2026-01-25,86445.7000,coinmetrics
2026-01-26,88337.5000,coinmetrics
2026-01-27,89260.4000,coinmetrics
2026-01-28,89177.8000,coinmetrics
2026-01-29,84520.4000,coinmetrics
2026-01-30,84017.0000,coinmetrics
2026-01-31,78702.4000,coinmetrics
2026-02-01,76911.1000,coinmetrics
2026-02-02,78716.6000,coinmetrics
2026-02-03,75684.8000,coinmetrics
2026-02-04,73095.2000,coinmetrics
2026-02-05,63494.7000,coinmetrics
2026-02-06,70647.7000,coinmetrics
2026-02-07,69166.3000,coinmetrics
2026-02-08,70522.6000,coinmetrics
2026-02-09,70244.1000,coinmetrics
2026-02-10,68688.8000,coinmetrics
2026-02-11,66989.7000,coinmetrics
2026-02-12,66221.5000,coinmetrics
2026-02-13,68860.8000,coinmetrics
2026-02-14,69798.1000,coinmetrics
2026-02-15,68630.0000,coinmetrics
2026-02-16,68747.4000,coinmetrics
2026-02-17,67471.1000,coinmetrics
2026-02-18,66380.7000,coinmetrics
2026-02-19,66932.4000,coinmetrics
2026-02-20,67977.3000,coinmetrics
2026-02-21,68020.7000,coinmetrics
2026-02-22,67550.0000,coinmetrics
2026-02-23,64689.9000,coinmetrics
2026-02-24,64123.8000,coinmetrics
2026-02-25,68038.5000,coinmetrics
2026-02-26,67519.3000,coinmetrics
2026-02-27,65864.1000,coinmetrics
2026-02-28,66965.6000,coinmetrics
2026-03-01,65733.5000,coinmetrics
2026-03-02,68922.6000,coinmetrics
2026-03-03,68431.2000,coinmetrics
2026-03-04,72667.5000,coinmetrics
2026-03-05,70987.4000,coinmetrics
2026-03-06,68226.7000,coinmetrics
2026-03-07,67315.6000,coinmetrics
2026-03-08,66202.7000,coinmetrics
2026-03-09,68528.5000,coinmetrics
2026-03-10,69891.8000,coinmetrics
2026-03-11,70298.6000,coinmetrics
2026-03-12,70538.1000,coinmetrics
2026-03-13,70930.0000,coinmetrics
2026-03-14,71136.2000,coinmetrics
2026-03-15,72712.1000,coinmetrics
2026-03-16,74724.0000,coinmetrics
2026-03-17,74086.0000,coinmetrics
2026-03-18,71254.0000,coinmetrics
2026-03-19,69948.9000,coinmetrics
2026-03-20,70510.4000,coinmetrics
2026-03-21,69707.3000,coinmetrics
2026-03-22,68018.2000,coinmetrics
2026-03-23,70726.2000,coinmetrics
2026-03-24,70610.0000,coinmetrics
2026-03-25,71281.3000,coinmetrics
2026-03-26,68723.0000,coinmetrics
2026-03-27,66214.2000,coinmetrics
2026-03-28,66351.1000,coinmetrics
2026-03-29,65966.8000,coinmetrics
2026-03-30,66651.2000,coinmetrics
2026-03-31,68214.9000,coinmetrics
2026-04-01,68116.8000,coinmetrics
2026-04-02,66908.3000,coinmetrics
2026-04-03,66891.7000,coinmetrics
2026-04-04,67295.1000,coinmetrics
2026-04-05,68921.8000,coinmetrics
2026-04-06,68742.9000,coinmetrics
2026-04-07,72057.1000,coinmetrics
2026-04-08,71085.1000,coinmetrics
2026-04-09,71788.7000,coinmetrics
2026-04-10,72945.1000,coinmetrics
2026-04-11,73119.1000,coinmetrics
2026-04-12,70685.4000,coinmetrics
2026-04-13,74632.7000,coinmetrics
2026-04-14,74173.5000,coinmetrics
2026-04-15,74762.0000,coinmetrics
2026-04-16,75095.7000,coinmetrics
2026-04-17,77114.5000,coinmetrics
2026-04-18,75792.1000,coinmetrics
2026-04-19,73905.2000,coinmetrics
2026-04-20,75814.1000,coinmetrics
2026-04-21,76107.4000,coinmetrics
2026-04-22,78317.7000,coinmetrics
2026-04-23,78233.7000,coinmetrics
2026-04-24,77444.3000,coinmetrics
2026-04-25,77624.7000,coinmetrics
2026-04-26,78538.8000,coinmetrics
2026-04-27,77256.3000,coinmetrics
2026-04-28,76295.5000,coinmetrics
2026-04-29,75795.0000,coinmetrics
2026-04-30,76299.6000,coinmetrics
2026-05-01,78132.6000,coinmetrics
2026-05-02,78712.5000,coinmetrics
2026-05-03,78649.2000,coinmetrics
2026-05-04,79826.1000,coinmetrics
2026-05-05,80936.8000,coinmetrics
2026-05-06,81364.6000,coinmetrics
2026-05-07,79989.0000,coinmetrics
2026-05-08,80179.7000,coinmetrics
2026-05-09,80663.6000,coinmetrics
2026-05-10,82256.8000,coinmetrics
2026-05-11,81714.7000,coinmetrics
2026-05-12,80525.6000,coinmetrics
2026-05-13,79291.9000,coinmetrics
2026-05-14,81175.8000,coinmetrics
2026-05-15,79063.4000,coinmetrics
2026-05-16,78164.5000,coinmetrics
2026-05-17,77497.7000,coinmetrics
2026-05-18,76975.9000,coinmetrics
2026-05-19,76807.5000,coinmetrics
2026-05-20,77408.2000,coinmetrics
2026-05-21,77595.4000,coinmetrics
2026-05-22,75567.5000,coinmetrics
2026-05-23,76619.9000,coinmetrics
2026-05-24,77141.0000,habrador
2026-05-25,77403.0000,habrador
2026-05-26,75961.0000,habrador
2026-05-27,74439.0000,habrador
2026-05-28,73621.0000,habrador
2026-05-29,73488.0000,habrador
2026-05-30,73909.0000,habrador
2026-05-31,73725.0000,habrador
2026-06-01,71411.0000,habrador
2026-06-02,66718.0000,habrador
2026-06-03,65325.0000,habrador
2026-06-04,63842.0000,habrador
2026-06-05,61053.0000,habrador
2026-06-06,60958.0000,habrador
2026-06-07,63377.0000,habrador
2026-06-08,63161.0000,habrador
2026-06-09,61759.0000,habrador
2026-06-10,61551.0000,habrador
2026-06-11,63608.0000,habrador
2026-06-12,63543.0000,habrador
2026-06-13,64330.0000,habrador
2026-06-14,65662.0000,habrador
2026-06-15,66276.0000,habrador
2026-06-16,65599.0000,habrador
2026-06-17,64382.0000,habrador
2026-06-18,62884.0000,habrador
2026-06-19,63532.0000,habrador
2026-06-20,64318.0000,habrador
2026-06-21,63302.0000,habrador
2026-06-22,64024.0000,habrador
2026-06-23,62729.0000,habrador
2026-06-24,61119.0000,habrador
2026-06-25,59813.0000,habrador
2026-06-26,60098.0000,habrador
2026-06-27,60007.0000,habrador
2026-06-28,59576.0000,habrador
2026-06-29,60225.0000,habrador
2026-06-30,58654.0000,habrador
2026-07-01,60043.0000,habrador
2026-07-02,61585.0000,habrador
2026-07-03,62654.0000,habrador
2026-07-04,63156.0000,habrador
2026-07-05,63650.0000,habrador
2026-07-06,64065.0000,habrador
2026-07-07,63340.0000,habrador
2026-07-08,62285.0000,habrador
2026-07-09,63241.0000,habrador
2026-07-10,64162.0000,habrador
2026-07-11,63835.0000,habrador
2026-07-12,63775.0000,habrador
2026-07-13,62335.0000,habrador
2026-07-14,65067.0000,habrador
2026-07-15,64793.0000,habrador
2026-07-16,63850.0000,habrador
2026-07-17,63968.0000,habrador
2026-07-18,64862.0000,habrador
2026-07-19,64767.0000,habrador
2026-07-20,65277.0000,habrador
2026-07-21,66585.0000,habrador
2026-07-22,66102.0000,habrador
2026-07-23,65136.0000,habrador
2026-07-24,64189.0000,habrador
2026-07-25,64414.0000,habrador
2026-07-26,65440.0000,habrador
2026-07-27,63770.0000,habrador
2026-07-28,63949.0000,habrador
2026-07-29,63996.0000,habrador
2026-07-30,64805.0000,habrador
2026-07-31,62899.0000,habrador
2026-08-01,62815.0000,habrador
2026-08-02,63599.0000,habrador
2026-08-03,63543.0000,habrador
2026-08-04,64115.0000,habrador
2026-08-05,64674.0000,habrador
2026-08-06,64331.0000,habrador
2026-08-07,64950.0000,habrador
2026-08-08,64974.0000,habrador
2026-08-09,64931.0000,habrador
2026-08-10,63996.0000,habrador
2026-08-11,63630.0000,habrador
2026-08-12,63485.0000,habrador
2026-08-13,63505.0000,habrador
2026-08-14,63062.0000,habrador
2026-08-15,63114.0000,habrador
2026-08-16,62921.0000,habrador
2026-08-17,64567.0000,habrador
2026-08-18,64770.0000,habrador
2026-08-19,69374.0000,habrador
2026-08-20,73063.0000,habrador
2026-08-21,78369.0000,habrador
2026-08-22,77147.0000,habrador
2026-08-23,77729.0000,habrador
2026-08-24,79012.0000,habrador
2026-08-25,78523.0000,habrador
2026-08-26,79028.0000,habrador
2026-08-27,80256.0000,habrador
2026-08-28,77837.0000,habrador
2026-08-29,78237.0000,habrador
2026-08-30,77713.0000,habrador
2026-08-31,78629.0000,habrador
2026-09-01,77476.0000,habrador
2026-09-02,77421.0000,habrador
2026-09-03,81267.0000,habrador
2026-09-04,79747.0000,habrador
2026-09-05,79898.0000,habrador
2026-09-06,80450.0000,habrador
2026-09-07,79178.0000,habrador
2026-09-08,78505.0000,habrador
2026-09-09,78392.0000,habrador
2026-09-10,76627.0000,habrador
2026-09-11,77175.0000,habrador
2026-09-12,77229.0000,habrador
2026-09-13,76893.0000,habrador
2026-09-14,78179.0000,habrador
2026-09-15,75686.0000,habrador
