date,AdrActCnt,CapMrktCurUSD,HashRate,PriceUSD,SplyCur,volume_reported_spot_usd_1d
2010-07-18,860,295959,0.00155223,0.08584,3.4478e+06,5.09199
2010-07-19,929,279285,0.00157027,0.0808,3.4565e+06,49.6613
2010-07-20,936,259000,0.00163345,0.0747357,3.46555e+06,20.5895
2010-07-21,784,275266,0.00186809,0.0791929,3.4759e+06,42.2622
2010-07-22,594,203750,0.00158832,0.0584698,3.4847e+06,129.784
2010-07-23,655,211736,0.00175077,0.0605929,3.4944e+06,141.065
2010-07-24,959,191100,0.00170564,0.05454,3.50385e+06,26.7277
2010-07-25,2130,177670,0.00208467,0.0505406,3.5154e+06,85.063
2010-07-26,1250,197543,0.00219297,0.056,3.52755e+06,46.907
2010-07-27,775,207279,0.0019903,0.058622,3.53585e+06,196.918
2010-07-28,664,208769,0.00193024,0.0589111,3.5438e+06,255.759
2010-07-29,534,248341,0.00218518,0.0699,3.5528e+06,528.318
2010-07-30,582,230303,0.00220946,0.0646574,3.5619e+06,198.53
2010-07-31,479,241277,0.0024644,0.0675458,3.57205e+06,243.898
2010-08-01,622,218982,0.00290144,0.0611,3.584e+06,162.645
2010-08-02,632,215766,0.00293786,0.06,3.5961e+06,221.201
2010-08-03,988,216491,0.00275576,0.0600122,3.60745e+06,606.046
2010-08-04,715,206374,0.00295,0.0570158,3.6196e+06,210.765
2010-08-05,825,221460,0.00283431,0.061,3.6305e+06,303.609
2010-08-06,640,224351,0.00257339,0.0616713,3.63785e+06,85.908
2010-08-07,500,215105,0.00271343,0.0590039,3.6456e+06,157.341
2010-08-08,581,222623,0.0034837,0.0609,3.65555e+06,132.595
2010-08-09,782,258020,0.00332615,0.0704,3.66505e+06,886.933
2010-08-10,590,254792,0.00334365,0.0693387,3.6746e+06,88.8736
2010-08-11,724,246979,0.0040789,0.067,3.68625e+06,1015.64
2010-08-12,611,258797,0.00379881,0.07,3.6971e+06,134.487
2010-08-13,787,239156,0.0037638,0.0645,3.70785e+06,233.8
2010-08-14,564,249354,0.00491919,0.0669964,3.7219e+06,295.308
2010-08-15,472,243036,0.0040522,0.0651179,3.73225e+06,294.949
2010-08-16,760,244944,0.00373974,0.0655,3.7396e+06,696.803
2010-08-17,486,262224,0.00328181,0.07,3.74605e+06,915
2010-08-18,709,255184,0.00338357,0.068,3.7527e+06,203.828
2010-08-19,471,250755,0.00343445,0.0667,3.75945e+06,50.0425
2010-08-20,656,246876,0.00491,0.0655,3.7691e+06,276.411
2010-08-21,526,250843,0.00440119,0.0664,3.77775e+06,688.515
2010-08-22,586,249762,0.00539336,0.065929,3.78835e+06,1183.64
2010-08-23,655,246593,0.00541881,0.06491,3.799e+06,281.877
2010-08-24,638,247634,0.00546969,0.065,3.80975e+06,444.656
2010-08-25,498,247572,0.00549513,0.0648,3.82055e+06,278.861
2010-08-26,650,245475,0.00542016,0.0640751,3.83105e+06,251.563
2010-08-27,490,249574,0.00529907,0.065,3.8396e+06,583.709
2010-08-28,531,248587,0.00526808,0.0646,3.8481e+06,399.453
2010-08-29,418,246797,0.00502017,0.064,3.8562e+06,204.875
2010-08-30,517,251021,0.00461732,0.06497,3.86365e+06,2135
2010-08-31,733,232371,0.00570193,0.06,3.87285e+06,933.229
2010-09-01,622,240700,0.00486523,0.0620248,3.8807e+06,436.73
2010-09-02,513,246531,0.00483424,0.0634,3.8885e+06,498.977
2010-09-03,503,237114,0.00508215,0.06085,3.8967e+06,54.6103
2010-09-04,468,242853,0.00560896,0.0621783,3.90575e+06,202.266
2010-09-05,534,241298,0.00511314,0.06165,3.914e+06,527.969
2010-09-06,518,241589,0.00489622,0.0616,3.9219e+06,56.128
2010-09-07,408,240664,0.0049582,0.0612391,3.9299e+06,212.352
2010-09-08,535,240227,0.005736,0.061,3.93815e+06,143.365
2010-09-09,530,241092,0.00478409,0.061115,3.9449e+06,107.676
2010-09-10,529,241224,0.00627247,0.0610115,3.95375e+06,301.796
2010-09-11,426,252050,0.00567003,0.0636209,3.96175e+06,491.192
2010-09-12,708,244192,0.00627247,0.0615,3.9706e+06,48.9867
2010-09-13,722,247424,0.00605985,0.06218,3.97915e+06,632.196
2010-09-14,680,247297,0.00719385,0.06199,3.9893e+06,876.755
2010-09-15,666,241464,0.00598897,0.0604,3.99775e+06,223.271
2010-09-16,666,248139,0.00776086,0.0619,4.0087e+06,45.1686
2010-09-17,1008,241148,0.00737104,0.0600005,4.0191e+06,438.943
2010-09-18,573,245888,0.00839873,0.061,4.03095e+06,427.755
2010-09-19,667,253396,0.00933199,0.0627,4.0414e+06,797.361
2010-09-20,711,251608,0.009262,0.0621017,4.05155e+06,891.188
2010-09-21,1227,254368,0.00784761,0.06265,4.06015e+06,359.817
2010-09-22,1056,251788,0.00793886,0.0618819,4.06885e+06,717.325
2010-09-23,1027,253621,0.0106764,0.0621535,4.08055e+06,970.093
2010-09-24,808,254519,0.0104026,0.0622,4.09195e+06,42.6571
2010-09-25,837,254425,0.0094445,0.06202,4.1023e+06,133.051
2010-09-26,634,254978,0.00935325,0.062,4.11255e+06,748.202
2010-09-27,1251,256515,0.0104483,0.0622004,4.124e+06,668.525
2010-09-28,1705,255948,0.0104099,0.0619039,4.1346e+06,439.046
2010-09-29,1203,256481,0.0107504,0.06191,4.1428e+06,1450.79
2010-09-30,640,256891,0.00957051,0.0619,4.1501e+06,488.145
2010-10-01,852,257673,0.0100949,0.0619733,4.1578e+06,106.462
2010-10-02,798,255596,0.00655514,0.0614,4.1628e+06,802.517
2010-10-03,648,254573,0.00799728,0.0610649,4.1689e+06,439.881
2010-10-04,852,255999,0.0100294,0.0612945,4.17655e+06,2079.89
2010-10-05,688,256827,0.00825948,0.0614,4.18285e+06,1699.2
2010-10-06,682,263262,0.0112093,0.06281,4.1914e+06,2091.28
2010-10-07,654,281360,0.0104882,0.067,4.1994e+06,2812.79
2010-10-08,813,355303,0.0100949,0.0844531,4.2071e+06,10784.2
2010-10-09,753,395367,0.0103571,0.0938,4.215e+06,16104.9
2010-10-10,631,410336,0.0116682,0.0971462,4.2239e+06,4889.35
2010-10-11,632,402026,0.0104227,0.095,4.23185e+06,1395.23
2010-10-12,643,402338,0.0105175,0.0949,4.2396e+06,2396.82
2010-10-13,929,445511,0.0120564,0.104866,4.2484e+06,4558.52
2010-10-14,626,434382,0.0140429,0.102,4.25865e+06,3701.65
2010-10-15,582,448088,0.0121249,0.105,4.2675e+06,2554.91
2010-10-16,933,432320,0.0176736,0.101,4.2804e+06,633.631
2010-10-17,751,437978,0.0184956,0.102,4.2939e+06,1857.8
2010-10-18,947,440970,0.017057,0.1024,4.30635e+06,2591.64
2010-10-19,1411,421311,0.0175366,0.0975449,4.31915e+06,623.337
2010-10-20,1218,428903,0.0180846,0.099,4.33235e+06,3221.08
2010-10-21,983,464557,0.018337,0.107,4.34165e+06,4616.85
2010-10-22,958,445808,0.0164516,0.1025,4.34935e+06,3665.43
2010-10-23,838,455667,0.018695,0.104556,4.3581e+06,481.515
2010-10-24,848,502404,0.0218998,0.11501,4.36835e+06,1560.61
2010-10-25,763,609131,0.0216862,0.139119,4.3785e+06,4450
2010-10-26,900,662973,0.0257457,0.151,4.39055e+06,2995.09
2010-10-27,1075,826105,0.0227545,0.1877,4.4012e+06,11594
2010-10-28,1012,763743,0.0233954,0.1731,4.41215e+06,4009.67
2010-10-29,829,840427,0.0238227,0.19,4.4233e+06,5380.49
2010-10-30,657,876581,0.0276237,0.197611,4.4359e+06,5112.03
2010-10-31,609,855634,0.0275107,0.1925,4.44485e+06,7829.46
2010-11-01,565,866356,0.0272033,0.194525,4.4537e+06,4049.75
2010-11-02,446,864832,0.0270496,0.1938,4.4625e+06,1121.34
2010-11-03,578,863543,0.0292013,0.1931,4.472e+06,11769.6
2010-11-04,632,1.02762e+06,0.0308919,0.229275,4.48205e+06,6229.16
2010-11-05,828,1.16419e+06,0.0336583,0.259112,4.493e+06,8757.15
2010-11-06,588,1.80598e+06,0.0335047,0.400982,4.5039e+06,9396.96
2010-11-07,688,1.53542e+06,0.0370395,0.34,4.51595e+06,27937.7
2010-11-08,1570,1.10155e+06,0.042265,0.243185,4.5297e+06,38339.3
2010-11-09,651,986538,0.0399577,0.217273,4.54055e+06,12808.3
2010-11-10,655,1.04461e+06,0.0457772,0.22955,4.5507e+06,6110.13
2010-11-11,594,1.0177e+06,0.0493852,0.2231,4.56165e+06,1111.55
2010-11-12,457,1.2257e+06,0.0381101,0.2682,4.5701e+06,10494.5
2010-11-13,587,1.26442e+06,0.0502873,0.276,4.58125e+06,6351.58
2010-11-14,945,1.2819e+06,0.0577289,0.27904,4.59395e+06,4793.81
2010-11-15,4487,1.236e+06,0.0451007,0.268465,4.60395e+06,2337.5
2010-11-16,3228,1.0381e+06,0.0444242,0.225,4.6138e+06,8609.67
2010-11-17,674,1.11925e+06,0.0556993,0.241939,4.62615e+06,8662.61
2010-11-18,651,1.24816e+06,0.0633994,0.269058,4.639e+06,10253.3
2010-11-19,635,1.29307e+06,0.0512033,0.27829,4.6465e+06,583.446
2010-11-20,783,1.31668e+06,0.0395972,0.283016,4.6523e+06,4119.07
2010-11-21,768,1.28946e+06,0.0477898,0.27675,4.6593e+06,212.671
2010-11-22,651,1.33022e+06,0.0556409,0.285,4.66745e+06,7818.64
2010-11-23,627,1.32264e+06,0.0477898,0.28295,4.67445e+06,1361.82
2010-11-24,960,1.32493e+06,0.0604199,0.282906,4.6833e+06,710.241
2010-11-25,927,1.31386e+06,0.0617853,0.28,4.69235e+06,469.993
2010-11-26,1177,1.33726e+06,0.0662229,0.2844,4.70205e+06,9510.98
2010-11-27,828,1.33323e+06,0.061444,0.283,4.71105e+06,515.898
2010-11-28,707,1.28072e+06,0.0587131,0.271359,4.71965e+06,5746.3
2010-11-29,905,1.09057e+06,0.0713433,0.230559,4.7301e+06,8802.06
2010-11-30,817,986910,0.0722656,0.2082,4.7402e+06,4570.58
2010-12-01,1127,1.08053e+06,0.075495,0.2275,4.7496e+06,1752.72
2010-12-02,770,1.21354e+06,0.075495,0.255,4.759e+06,4800.55
2010-12-03,887,1.19717e+06,0.0758966,0.25106,4.76845e+06,633.785
2010-12-04,731,979882,0.0919594,0.205001,4.7799e+06,6673.4
2010-12-05,685,972027,0.0959751,0.20285,4.79185e+06,1178.03
2010-12-06,742,979996,0.0967782,0.204,4.8039e+06,863.02
2010-12-07,1138,1.12412e+06,0.0959751,0.23342,4.81585e+06,5411.8
2010-12-08,903,1.15287e+06,0.0955735,0.2388,4.82775e+06,789.864
2010-12-09,857,967740,0.0922472,0.199992,4.8389e+06,4411.94
2010-12-10,644,988635,0.0895304,0.204,4.84625e+06,328.165
2010-12-11,1052,1.10694e+06,0.106584,0.228,4.855e+06,1267.2
2010-12-12,1220,1.06927e+06,0.104148,0.219854,4.86355e+06,418.804
2010-12-13,1685,1.10857e+06,0.0858761,0.227605,4.8706e+06,1425.92
2010-12-14,1103,1.20364e+06,0.104148,0.24669,4.87915e+06,2403.83
2010-12-15,1081,1.17335e+06,0.119374,0.24,4.88895e+06,901.148
2010-12-16,954,1.2242e+06,0.105366,0.24996,4.8976e+06,3522.62
2010-12-17,795,1.19045e+06,0.101102,0.242656,4.9059e+06,130.185
2010-12-18,879,1.18426e+06,0.0980571,0.241,4.91395e+06,41.6706
2010-12-19,1089,1.18205e+06,0.112065,0.2401,4.92315e+06,487.494
2010-12-20,1460,1.3166e+06,0.096839,0.267,4.9311e+06,2769.88
2010-12-21,1083,1.19291e+06,0.123479,0.241436,4.9409e+06,2291.81
2010-12-22,1237,1.23719e+06,0.113042,0.25,4.94875e+06,949.376
2010-12-23,1002,1.23885e+06,0.104402,0.24997,4.956e+06,2160.74
2010-12-24,845,1.23092e+06,0.106562,0.248,4.9634e+06,1252.05
2010-12-25,1076,1.24245e+06,0.120962,0.2499,4.9718e+06,175.442
2010-12-26,1032,1.31926e+06,0.104402,0.264962,4.97905e+06,4203.03
2010-12-27,1151,1.32058e+06,0.119522,0.264785,4.98735e+06,1270.15
2010-12-28,1015,1.40382e+06,0.121682,0.281,4.9958e+06,4238.98
2010-12-29,1042,1.50122e+06,0.118802,0.3,5.00405e+06,5363.75
2010-12-30,1049,1.50375e+06,0.121682,0.3,5.0125e+06,759.917
2010-12-31,876,1.50618e+06,0.116642,0.3,5.0206e+06,428.441
2011-01-01,1071,1.5089e+06,0.130322,0.3,5.02965e+06,841.95
2011-01-02,1097,1.51137e+06,0.126002,0.29997,5.0384e+06,1584.66
2011-01-03,1405,1.48863e+06,0.123832,0.295,5.0462e+06,420.85
2011-01-04,1111,1.51067e+06,0.114301,0.29895,5.05325e+06,548.33
2011-01-05,1497,1.5128e+06,0.12484,0.298916,5.06095e+06,106.194
2011-01-06,1166,1.51026e+06,0.114301,0.298,5.068e+06,1031.28
2011-01-07,1269,1.62438e+06,0.132946,0.32,5.0762e+06,13152.1
2011-01-08,1439,1.64185e+06,0.13781,0.3229,5.0847e+06,512.037
2011-01-09,1390,1.64499e+06,0.132135,0.323,5.09285e+06,546.184
2011-01-10,1458,1.66592e+06,0.131325,0.32659,5.10095e+06,3360.65
2011-01-11,1564,1.66873e+06,0.139431,0.32659,5.10955e+06,1578.66
2011-01-12,1248,1.63158e+06,0.135378,0.3188,5.1179e+06,10508.2
2011-01-13,1700,1.62843e+06,0.152402,0.3176,5.1273e+06,7147.03
2011-01-14,1622,2.05449e+06,0.146727,0.39999,5.13635e+06,10691.1
2011-01-15,1425,1.98566e+06,0.13479,0.386,5.1442e+06,591.15
2011-01-16,1501,1.99309e+06,0.159478,0.38679,5.1529e+06,1085.16
2011-01-17,1356,1.8041e+06,0.165894,0.3495,5.16195e+06,6360.69
2011-01-18,1462,1.61785e+06,0.129232,0.31299,5.169e+06,4950.51
2011-01-19,1523,1.62049e+06,0.154895,0.31299,5.17745e+06,2247.62
2011-01-20,1474,2.02283e+06,0.170476,0.39,5.18675e+06,6900.05
2011-01-21,1931,2.18162e+06,0.159478,0.41991,5.19545e+06,3351.62
2011-01-22,2184,2.28981e+06,0.151229,0.440036,5.2037e+06,4513.91
2011-01-23,1918,2.30588e+06,0.155812,0.4424,5.2122e+06,505.827
2011-01-24,2090,2.19255e+06,0.17231,0.4199,5.2216e+06,4516.68
2011-01-25,1410,2.14405e+06,0.14298,0.41,5.2294e+06,901.254
2011-01-26,1771,2.17438e+06,0.164977,0.415085,5.2384e+06,6315.95
2011-01-27,1472,2.20978e+06,0.164239,0.4212,5.2464e+06,12086.9
2011-01-28,1790,2.33545e+06,0.17289,0.444484,5.2543e+06,2301.77
2011-01-29,2012,2.31017e+06,0.176173,0.439,5.26235e+06,643.634
2011-01-30,3365,2.51461e+06,0.170702,0.477142,5.27015e+06,4775.81
2011-01-31,2089,2.77201e+06,0.186021,0.525137,5.27865e+06,32708.4
2011-02-01,1901,3.7405e+06,0.179456,0.70751,5.28685e+06,23264.2
2011-02-02,1491,3.841e+06,0.17289,0.725435,5.29475e+06,4126.02
2011-02-03,1273,3.67957e+06,0.175079,0.693898,5.30275e+06,6064.12
2011-02-04,1505,4.30818e+06,0.212283,0.810959,5.31245e+06,33965.7
2011-02-05,1514,4.85137e+06,0.195869,0.911671,5.3214e+06,13634.2
2011-02-06,1345,4.78656e+06,0.193681,0.898,5.33025e+06,7608.77
2011-02-07,1389,4.74987e+06,0.222131,0.889421,5.3404e+06,1949.54
2011-02-08,1472,4.9102e+06,0.209786,0.918,5.3488e+06,6306.77
2011-02-09,2127,5.4444e+06,0.248133,1.01605,5.3584e+06,47455
2011-02-10,3556,5.25848e+06,0.240379,0.979653,5.3677e+06,25568.8
2011-02-11,4302,5.66773e+06,0.240379,1.05407,5.377e+06,13213.5
2011-02-12,3312,5.81076e+06,0.253303,1.0787,5.3868e+06,4353.79
2011-02-13,3244,5.66654e+06,0.255888,1.05,5.3967e+06,3398.3
2011-02-14,4141,5.78502e+06,0.253303,1.07001,5.4065e+06,7532.41
2011-02-15,3347,5.68864e+06,0.290781,1.05,5.41775e+06,9085.5
2011-02-16,2995,5.60139e+06,0.299828,1.03169,5.42935e+06,7465.03
2011-02-17,3527,5.65812e+06,0.298536,1.03992,5.4409e+06,4184.96
2011-02-18,3589,4.90066e+06,0.361872,0.898956,5.4515e+06,32719.8
2011-02-19,2904,5.15397e+06,0.291801,0.944028,5.45955e+06,3454.72
2011-02-20,3176,4.73107e+06,0.358861,0.865,5.46945e+06,8503.38
2011-02-21,3317,4.57919e+06,0.351612,0.835747,5.47915e+06,1435.86
2011-02-22,3759,4.8147e+06,0.382423,0.877042,5.4897e+06,10650.3
2011-02-23,3811,4.95166e+06,0.440421,0.9,5.50185e+06,6057.77
2011-02-24,3644,5.45209e+06,0.375173,0.989095,5.5122e+06,12708.1
2011-02-25,3465,5.05203e+06,0.407797,0.914652,5.52345e+06,4276.3
2011-02-26,3482,5.30469e+06,0.500231,0.958,5.53725e+06,4452.63
2011-02-27,3685,4.96694e+06,0.548738,0.895033,5.54945e+06,21576.8
2011-02-28,3029,4.7802e+06,0.414505,0.860221,5.55695e+06,4108.6
2011-03-01,5342,5.12448e+06,0.359238,0.921097,5.56345e+06,21413.4
2011-03-02,3528,5.23698e+06,0.464246,0.9399,5.57185e+06,2533.96
2011-03-03,4893,5.24111e+06,0.513987,0.939073,5.58115e+06,2520.58
2011-03-04,3311,5.03913e+06,0.610705,0.9011,5.5922e+06,2469.56
2011-03-05,3547,5.0894e+06,0.765453,0.907841,5.60605e+06,11115
2011-03-06,3340,4.97219e+06,0.757163,0.884771,5.61975e+06,10775.1
2011-03-07,3410,4.94106e+06,0.583071,0.877584,5.6303e+06,13527.3
2011-03-08,3893,4.88434e+06,0.51675,0.866072,5.63965e+06,3931.42
2011-03-09,3353,4.85698e+06,0.50359,0.86,5.64765e+06,3881.22
2011-03-10,2916,5.20469e+06,0.416631,0.92067,5.65315e+06,7895.07
2011-03-11,3072,4.98049e+06,0.492382,0.88,5.65965e+06,3301.73
2011-03-12,3286,5.20094e+06,0.530258,0.917816,5.66665e+06,4319.6
2011-03-13,2864,5.06265e+06,0.443144,0.89249,5.6725e+06,595.421
2011-03-14,2899,5.0758e+06,0.424206,0.893925,5.6781e+06,4676.62
2011-03-15,3265,4.95755e+06,0.424206,0.87224,5.6837e+06,2405.41
2011-03-16,3221,4.84382e+06,0.515108,0.851212,5.6905e+06,6761.32
2011-03-17,3133,4.70287e+06,0.534045,0.82542,5.69755e+06,6042.77
2011-03-18,3336,4.57401e+06,0.454507,0.801959,5.70355e+06,10971.3
2011-03-19,2955,4.36761e+06,0.435569,0.765,5.7093e+06,7457.83
2011-03-20,4447,4.23853e+06,0.518895,0.7415,5.71615e+06,4502.62
2011-03-21,4824,4.344e+06,0.560558,0.75897,5.72355e+06,2780.45
2011-03-22,3967,4.63591e+06,0.450719,0.80913,5.7295e+06,9499.24
2011-03-23,6561,4.87508e+06,0.594646,0.84971,5.73735e+06,11029.3
2011-03-24,4450,5.01175e+06,0.575708,0.872374,5.74495e+06,12259.8
2011-03-25,4172,5.08486e+06,0.596787,0.88377,5.7536e+06,4225.53
2011-03-26,4838,4.92638e+06,0.473189,0.8552,5.7605e+06,10251
2011-03-27,4933,4.74101e+06,0.490333,0.822,5.76765e+06,4439.07
2011-03-28,5444,4.59046e+06,0.576056,0.794741,5.77605e+06,10141.7
2011-03-29,4473,4.58404e+06,0.558911,0.79251,5.7842e+06,3312.3
2011-03-30,3574,4.57398e+06,0.534909,0.789706,5.792e+06,2532.13
2011-03-31,4121,4.55235e+06,0.68921,0.78461,5.80205e+06,5429.16
2011-04-01,3259,4.49824e+06,0.603487,0.77411,5.81085e+06,2483.69
2011-04-02,3350,4.55106e+06,0.617203,0.78199,5.81985e+06,1965.23
2011-04-03,3571,4.54048e+06,0.600058,0.779,5.8286e+06,3074.76
2011-04-04,4753,3.9695e+06,0.610345,0.68,5.8375e+06,21652.7
2011-04-05,4246,4.18479e+06,0.677833,0.715692,5.8472e+06,6522.71
2011-04-06,3806,4.3324e+06,0.605827,0.74,5.8546e+06,6264.04
2011-04-07,3454,4.41874e+06,0.601733,0.7538,5.86195e+06,8178.14
2011-04-08,3674,4.40263e+06,0.679508,0.74999,5.87025e+06,13854.7
2011-04-09,3584,4.31484e+06,0.638574,0.734061,5.87805e+06,8940.96
2011-04-10,3547,4.31587e+06,0.708162,0.733157,5.8867e+06,3946.44
2011-04-11,4109,4.53971e+06,0.667228,0.770114,5.89485e+06,11256
2011-04-12,4258,5.08474e+06,0.667228,0.861382,5.903e+06,41333.1
2011-04-13,4764,5.5007e+06,0.794124,0.93032,5.9127e+06,40467.7
2011-04-14,6169,5.91259e+06,0.654948,0.99863,5.9207e+06,29643.6
2011-04-15,4150,5.83072e+06,0.556706,0.983673,5.9275e+06,50488.9
2011-04-16,5128,6.21297e+06,0.708162,1.04663,5.93615e+06,30097.2
2011-04-17,4418,6.5285e+06,0.736816,1.09812,5.94515e+06,26085.2
2011-04-18,5632,6.84206e+06,0.660519,1.14943,5.95255e+06,31552.5
2011-04-19,6311,7.06386e+06,0.706956,1.18516,5.96025e+06,14782.1
2011-04-20,5358,6.81558e+06,0.66105,1.14213,5.96745e+06,24691.9
2011-04-21,4042,7.21361e+06,0.674822,1.20734,5.9748e+06,46345.3
2011-04-22,4237,8.404e+06,0.80795,1.40451,5.9836e+06,50929.9
2011-04-23,4979,1.09588e+07,0.789587,1.82885,5.9922e+06,103243
2011-04-24,4821,9.79239e+06,0.743681,1.63198,6.0003e+06,36076
2011-04-25,5053,9.40239e+06,0.8814,1.56448,6.0099e+06,21226.9
2011-04-26,6053,1.06598e+07,0.895172,1.77084,6.01965e+06,40211.2
2011-04-27,7488,1.14739e+07,0.840084,1.90318,6.0288e+06,62403.4
2011-04-28,6130,1.3799e+07,0.752862,2.28574,6.037e+06,203392
2011-04-29,6915,1.72376e+07,0.918125,2.85061,6.047e+06,148954
2011-04-30,8113,2.11976e+07,1.01574,3.5,6.05645e+06,214977
2011-05-01,7423,1.87677e+07,0.97586,3.09423,6.0654e+06,143522
2011-05-02,5974,1.94408e+07,1.07399,3.2,6.07525e+06,59421.7
2011-05-03,6123,2.04493e+07,1.06854,3.36059,6.08505e+06,56187.5
2011-05-04,6335,2.07755e+07,1.07399,3.40867,6.0949e+06,59434.1
2011-05-05,7151,2.04164e+07,1.19393,3.34374,6.10585e+06,52331.4
2011-05-06,6956,2.11338e+07,1.18848,3.45508,6.11675e+06,80064
2011-05-07,7114,2.23117e+07,1.16667,3.64126,6.12745e+06,64359.7
2011-05-08,6630,2.36247e+07,1.19393,3.84867,6.1384e+06,79620.8
2011-05-09,7510,2.33965e+07,1.38366,3.80409,6.15035e+06,43805.9
2011-05-10,7096,3.48114e+07,1.43201,5.65167,6.1595e+06,266467
2011-05-11,7122,3.35581e+07,1.49462,5.43975,6.16905e+06,281497
2011-05-12,7283,3.91337e+07,1.32246,6.33488,6.1775e+06,184840
2011-05-13,9457,5.03631e+07,1.61982,8.13903,6.18785e+06,478840
2011-05-14,9075,4.34446e+07,1.8937,7.00724,6.19995e+06,435571
2011-05-15,8414,4.30104e+07,1.72155,6.92492,6.21095e+06,123256
2011-05-16,11803,4.90716e+07,1.93283,7.88514,6.2233e+06,343050
2011-05-17,10384,4.5257e+07,2.01108,7.2572,6.23615e+06,265869
2011-05-18,13150,4.22735e+07,2.34847,6.76316,6.25055e+06,181331
2011-05-19,11783,4.31261e+07,2.07507,6.89014,6.2591e+06,170135
2011-05-20,11699,3.5226e+07,2.66968,5.6181,6.2701e+06,278992
2011-05-21,10592,3.82192e+07,2.66968,6.0848,6.2811e+06,185640
2011-05-22,10846,4.2243e+07,3.05799,6.71196,6.2937e+06,154433
2011-05-23,12217,4.45676e+07,3.47058,7.06526,6.308e+06,250601
2011-05-24,13132,4.68067e+07,3.62833,7.40266,6.32295e+06,211827
2011-05-25,14760,5.43147e+07,3.72541,8.56929,6.3383e+06,510905
2011-05-26,14268,5.57939e+07,4.13246,8.78216,6.3531e+06,244820
2011-05-27,10903,5.42546e+07,3.61018,8.52866,6.36145e+06,125149
2011-05-28,11552,5.31782e+07,3.35077,8.34927,6.3692e+06,103464
2011-05-29,11521,5.3583e+07,3.89121,8.40095,6.3782e+06,62138.9
2011-05-30,12585,5.6064e+07,3.32915,8.77934,6.3859e+06,154259
2011-05-31,13982,5.57605e+07,3.24268,8.72158,6.3934e+06,406882
2011-06-01,14043,6.16191e+07,4.06416,9.62378,6.4028e+06,400564
2011-06-02,15459,6.86293e+07,4.10739,10.7028,6.4123e+06,415113
2011-06-03,17741,9.16133e+07,4.36681,14.2646,6.4224e+06,954514
2011-06-04,19728,1.17817e+08,4.8424,18.3127,6.4336e+06,729671
2011-06-05,17662,1.06605e+08,4.49651,16.5433,6.444e+06,420612
2011-06-06,21083,1.18798e+08,5.64244,18.4021,6.45565e+06,1.01693e+06
2011-06-07,19206,1.50213e+08,4.79385,23.2379,6.46415e+06,1.0689e+06
2011-06-08,27266,1.87922e+08,5.21684,29.0299,6.4734e+06,2.85882e+06
2011-06-09,26219,1.86692e+08,6.2602,28.7905,6.4845e+06,1.86159e+06
2011-06-10,24275,1.56216e+08,6.2884,24.0494,6.49565e+06,2.27479e+06
2011-06-11,23839,9.5995e+07,7.10618,14.7497,6.50825e+06,2.14659e+06
2011-06-12,27257,1.22901e+08,6.5704,18.8501,6.5199e+06,2.45113e+06
2011-06-13,25165,1.27636e+08,6.4012,19.5423,6.53125e+06,1.47624e+06
2011-06-14,29777,1.26015e+08,6.96518,19.2577,6.5436e+06,696004
2011-06-15,27660,1.27637e+08,9.62253,19.4641,6.55755e+06,545336
2011-06-16,28666,1.17734e+08,7.84686,17.9294,6.56655e+06,927743
2011-06-17,26437,1.01507e+08,8.10842,15.4364,6.57585e+06,1.68435e+06
2011-06-18,25899,1.11136e+08,8.58795,16.8754,6.5857e+06,569949
2011-06-19,27866,1.15516e+08,9.72138,17.5107,6.59685e+06,536267
2011-06-20,25564,1.1572e+08,10.2009,17.5107,6.60855e+06,0
2011-06-21,25256,1.15942e+08,11.0292,17.5107,6.6212e+06,0
2011-06-22,26804,1.1617e+08,11.3343,17.5107,6.6342e+06,0
2011-06-23,24185,1.1638e+08,10.4625,17.5107,6.6462e+06,0
2011-06-24,25503,1.16569e+08,11.5883,17.5107,6.657e+06,0
2011-06-25,22622,1.16694e+08,9.80408,17.5107,6.66415e+06,0
2011-06-26,24127,1.09156e+08,10.2154,16.3613,6.6716e+06,234622
2011-06-27,30134,1.11906e+08,11.5866,16.7523,6.68005e+06,535096
2011-06-28,25862,1.13442e+08,10.9696,16.9618,6.68805e+06,413032
2011-06-29,24405,1.12869e+08,11.7923,16.8546,6.69665e+06,355303
2011-06-30,23228,1.08542e+08,13.095,16.1853,6.7062e+06,577146
2011-07-01,30344,1.03545e+08,11.8609,15.4204,6.71485e+06,529197
2011-07-02,32077,1.03423e+08,11.5866,15.3828,6.7233e+06,302135
2011-07-03,22031,1.04053e+08,11.3124,15.4576,6.73155e+06,259876
2011-07-04,23834,9.33685e+07,11.6552,13.8528,6.74005e+06,756914
2011-07-05,23645,8.74736e+07,9.52984,12.9648,6.747e+06,1.07631e+06
2011-07-06,26601,9.93962e+07,11.0198,14.7148,6.75485e+06,1.65532e+06
2011-07-07,22643,1.0005e+08,10.1785,14.7973,6.7614e+06,825452
2011-07-08,24961,9.67995e+07,12.8203,14.299,6.76965e+06,500143
2011-07-09,22376,9.74649e+07,11.5771,14.3815,6.7771e+06,171329
2011-07-10,29298,9.92013e+07,10.6447,14.6229,6.78395e+06,682903
2011-07-11,25407,9.71917e+07,12.1987,14.3102,6.7918e+06,706458
2011-07-12,23335,9.53285e+07,10.9555,14.0213,6.79885e+06,372987
2011-07-13,27138,9.51233e+07,14.8404,13.9715,6.8084e+06,145032
2011-07-14,28840,9.54046e+07,11.1886,13.998,6.8156e+06,245982
2011-07-15,24887,9.42107e+07,12.5872,13.8064,6.8237e+06,344982
2011-07-16,23706,9.36816e+07,12.1987,13.7131,6.83155e+06,235143
2011-07-17,24647,9.06863e+07,13.2088,13.2581,6.84005e+06,458510
2011-07-18,27778,9.33493e+07,13.2088,13.6305,6.84855e+06,988903
2011-07-19,25356,9.4778e+07,11.2112,13.8248,6.85565e+06,948486
2011-07-20,25461,9.38758e+07,12.5242,13.6783,6.8631e+06,317332
2011-07-21,25378,9.35227e+07,12.7763,13.6118,6.8707e+06,341666
2011-07-22,24428,9.4222e+07,12.6923,13.6985,6.87825e+06,207044
2011-07-23,21547,9.42062e+07,12.272,13.6817,6.88555e+06,306380
2011-07-24,23903,9.64623e+07,13.9531,13.9925,6.89385e+06,369042
2011-07-25,26768,9.68601e+07,13.8691,14.0334,6.9021e+06,448277
2011-07-26,23317,9.59097e+07,14.7937,13.878,6.9109e+06,233585
2011-07-27,23742,9.60318e+07,14.6256,13.8782,6.9196e+06,160646
2011-07-28,25905,9.3461e+07,13.0285,13.4916,6.92735e+06,445691
2011-07-29,22490,9.37153e+07,13.785,13.5123,6.93555e+06,98020.7
2011-07-30,19350,9.40122e+07,12.7763,13.5403,6.94315e+06,82590.4
2011-07-31,24519,9.29671e+07,14.7096,13.3729,6.9519e+06,618136
2011-08-01,24432,9.0615e+07,14.8725,13.0191,6.96015e+06,286373
2011-08-02,20824,8.51064e+07,14.4594,12.2142,6.96785e+06,709463
2011-08-03,18614,6.47788e+07,14.7411,9.28636,6.9757e+06,943628
2011-08-04,19254,7.51873e+07,12.1121,10.7685,6.98215e+06,529876
2011-08-05,21833,6.80055e+07,13.1449,9.73015,6.98915e+06,315867
2011-08-06,19507,4.87161e+07,11.4548,6.96417,6.99525e+06,801213
2011-08-07,20134,5.95257e+07,11.8304,8.50179,7.00155e+06,693797
2011-08-08,24672,5.44923e+07,12.7693,7.77534,7.00835e+06,263570
2011-08-09,23592,6.87709e+07,13.7082,9.8025,7.01565e+06,1.11212e+06
2011-08-10,19400,7.05925e+07,14.2716,10.0513,7.02325e+06,242598
2011-08-11,18286,6.6353e+07,12.8632,9.43841,7.0301e+06,550578
2011-08-12,17412,6.65174e+07,12.2999,9.45299,7.03665e+06,387476
2011-08-13,19665,7.04598e+07,12.206,10.004,7.04315e+06,291543
2011-08-14,21211,7.61854e+07,12.3938,10.8068,7.04975e+06,468354
2011-08-15,18940,7.85404e+07,12.0832,11.1307,7.0562e+06,431204
2011-08-16,20993,7.76423e+07,13.195,10.992,7.06355e+06,169358
2011-08-17,20652,7.75191e+07,12.2076,10.964,7.07035e+06,249105
2011-08-18,20917,7.68514e+07,12.9257,10.8585,7.07755e+06,89515.3
2011-08-19,21995,8.26748e+07,11.7588,11.6705,7.0841e+06,384312
2011-08-20,21238,8.1269e+07,13.6438,11.4597,7.0917e+06,113881
2011-08-21,22424,8.06134e+07,14.3619,11.3545,7.0997e+06,99222
2011-08-22,25255,7.76274e+07,15.1698,10.9209,7.10815e+06,407895
2011-08-23,22523,7.7686e+07,13.9131,10.9172,7.1159e+06,141019
2011-08-24,22638,7.74258e+07,12.0281,10.8704,7.1226e+06,85542.5
2011-08-25,23091,6.80574e+07,12.1179,9.54609,7.12935e+06,555243
2011-08-26,21283,5.79994e+07,13.195,8.12692,7.1367e+06,718310
2011-08-27,21244,6.14031e+07,10.9509,8.5965,7.1428e+06,189777
2011-08-28,18378,6.45581e+07,10.4124,9.03087,7.1486e+06,216711
2011-08-29,18823,6.41216e+07,12.3871,8.96116,7.1555e+06,193412
2011-08-30,17324,6.31039e+07,12.9345,8.80995,7.1628e+06,103599
2011-08-31,17149,5.87924e+07,13.6979,8.19915,7.17055e+06,164298
2011-09-01,16589,5.90974e+07,11.4002,8.23428,7.177e+06,99192.7
2011-09-02,16363,6.19432e+07,13.7863,8.62142,7.1848e+06,142808
2011-09-03,14319,6.07703e+07,12.8142,8.44965,7.19205e+06,59308.2
2011-09-04,17822,5.90547e+07,11.8421,8.20347,7.19875e+06,160840
2011-09-05,18193,5.47506e+07,13.7863,7.59733,7.20655e+06,237001
2011-09-06,18872,4.93916e+07,13.3444,6.84653,7.2141e+06,566466
2011-09-07,16855,5.17231e+07,12.0188,7.16297,7.2209e+06,352780
2011-09-08,15832,4.82655e+07,11.4002,6.67818,7.22735e+06,220138
2011-09-09,18354,3.60796e+07,13.6095,4.98678,7.23505e+06,1.16976e+06
2011-09-10,16167,3.43463e+07,11.7537,4.74285,7.2417e+06,225315
2011-09-11,15739,4.24216e+07,11.0467,5.8529,7.24795e+06,878957
2011-09-12,15899,4.41851e+07,11.7537,6.09063,7.2546e+06,392392
2011-09-13,14959,4.21362e+07,12.4546,5.80252,7.2617e+06,145962
2011-09-14,15192,4.06877e+07,12.7403,5.59743,7.269e+06,254058
2011-09-15,15482,3.54217e+07,13.613,4.86776,7.2768e+06,453721
2011-09-16,14476,3.51842e+07,10.3843,4.83117,7.28275e+06,159170
2011-09-17,12903,3.48092e+07,11.6932,4.77529,7.28945e+06,100445
2011-09-18,14196,3.82143e+07,13.7875,5.23673,7.29735e+06,239136
2011-09-19,16499,4.03192e+07,11.0824,5.52038,7.3037e+06,276344
2011-09-20,21500,4.49364e+07,12.2168,6.14667,7.3107e+06,781994
2011-09-21,18297,4.09593e+07,12.7403,5.59707,7.318e+06,398925
2011-09-22,17486,4.01069e+07,12.9149,5.47505,7.3254e+06,188153
2011-09-23,19216,4.07913e+07,11.6059,5.56342,7.33205e+06,317411
2011-09-24,19656,4.00527e+07,11.2569,5.45789,7.3385e+06,99330.9
2011-09-25,19723,3.92327e+07,11.955,5.34115,7.34535e+06,53125.5
2011-09-26,17623,3.58326e+07,11.6932,4.87383,7.35205e+06,287285
2011-09-27,18461,3.61397e+07,11.5764,4.91116,7.3587e+06,129686
2011-09-28,13766,3.50876e+07,12.3447,4.76342,7.36605e+06,161561
2011-09-29,12324,3.52223e+07,10.4972,4.77766,7.3723e+06,71997.3
2011-09-30,13620,3.79522e+07,10.2452,5.14369,7.3784e+06,215251
2011-10-01,13286,3.71794e+07,12.0087,5.03407,7.38555e+06,121610
2011-10-02,11856,3.70102e+07,10.1612,5.00706,7.3916e+06,53016.8
2011-10-03,14031,3.71633e+07,12.1767,5.02284,7.39885e+06,88792.7
2011-10-04,13371,3.67024e+07,9.40545,4.95681,7.40445e+06,86323.9
2011-10-05,13475,3.62067e+07,12.1767,4.88507,7.4117e+06,93208.8
2011-10-06,14660,3.50888e+07,10.7491,4.73017,7.4181e+06,270025
2011-10-07,13622,3.17496e+07,11.5889,4.27604,7.425e+06,464323
2011-10-08,12331,2.95845e+07,9.99329,3.98125,7.43095e+06,163572
2011-10-09,12398,3.05795e+07,10.6651,4.11163,7.4373e+06,161005
2011-10-10,13498,3.03318e+07,10.3292,4.07496,7.44345e+06,74148.2
2011-10-11,13852,2.98589e+07,7.80989,4.00892,7.4481e+06,171217
2011-10-12,13370,3.10555e+07,10.0773,4.16624,7.4541e+06,291130
2011-10-13,11340,3.01116e+07,8.1458,4.03698,7.45895e+06,89174.3
2011-10-14,14662,2.97612e+07,10.1668,3.98628,7.4659e+06,88198.2
2011-10-15,13000,2.86749e+07,9.77991,3.83734,7.4726e+06,169869
2011-10-16,11949,2.69956e+07,8.68514,3.60974,7.47855e+06,137008
2011-10-17,14480,1.93192e+07,8.61216,2.58125,7.48445e+06,649180
2011-10-18,12586,1.81439e+07,8.75813,2.42227,7.49045e+06,239363
2011-10-19,12283,1.6623e+07,9.70692,2.21725,7.4971e+06,247167
2011-10-20,11014,1.76776e+07,8.3932,2.35612,7.50285e+06,130997
2011-10-21,11937,1.92986e+07,8.83111,2.57009,7.5089e+06,212239
2011-10-22,12833,2.37097e+07,7.15247,3.15549,7.5138e+06,399776
2011-10-23,13144,2.36686e+07,7.88231,3.14775,7.5192e+06,125224
2011-10-24,13637,1.89865e+07,9.26902,2.52294,7.52555e+06,278027
2011-10-25,12817,2.11041e+07,9.41499,2.80192,7.532e+06,330047
2011-10-26,12848,2.09364e+07,8.53917,2.77751,7.53785e+06,92002.1
2011-10-27,11685,2.29711e+07,7.29844,3.04541,7.54285e+06,184030
2011-10-28,11948,2.40002e+07,7.66336,3.17964,7.5481e+06,174531
2011-10-29,13153,2.69608e+07,8.24724,3.56919,7.55375e+06,293834
2011-10-30,10844,2.46237e+07,8.10127,3.2574,7.5593e+06,181850
2011-10-31,12167,2.47032e+07,7.98176,3.2651,7.56585e+06,102501
2011-11-01,12935,2.40152e+07,8.97366,3.17101,7.57335e+06,136011
2011-11-02,13426,2.46824e+07,9.21296,3.2558,7.58105e+06,109853
2011-11-03,13257,2.4039e+07,7.47805,3.16832,7.5873e+06,96873.1
2011-11-04,15306,2.36962e+07,8.79419,3.12012,7.59465e+06,133407
2011-11-05,13380,2.26372e+07,8.73436,2.97782,7.60195e+06,165463
2011-11-06,11361,2.25438e+07,8.61472,2.96272,7.60915e+06,53666.7
2011-11-07,13062,2.29825e+07,7.89682,3.01776,7.61575e+06,81775.3
2011-11-08,13485,2.33008e+07,8.91384,3.05657,7.6232e+06,194046
2011-11-09,14843,2.22799e+07,9.63173,2.91957,7.63125e+06,171744
2011-11-10,13935,2.18203e+07,8.43524,2.8567,7.6383e+06,103236
2011-11-11,12393,2.34515e+07,7.11911,3.06786,7.64425e+06,150092
2011-11-12,11482,2.31495e+07,8.55489,3.02552,7.6514e+06,65964.3
2011-11-13,13104,2.28714e+07,8.61472,2.98637,7.6586e+06,30256.4
2011-11-14,13220,1.70503e+07,8.4993,2.22422,7.66575e+06,992686
2011-11-15,14691,1.7822e+07,9.7811,2.32238,7.674e+06,182304
2011-11-16,13106,1.95612e+07,8.00272,2.54678,7.68075e+06,118893
2011-11-17,12268,1.7521e+07,8.23983,2.2791,7.6877e+06,275509
2011-11-18,12265,1.61971e+07,7.88416,2.10507,7.69435e+06,221061
2011-11-19,10174,1.69677e+07,7.29136,2.20346,7.7005e+06,171115
2011-11-20,11013,1.69722e+07,8.47695,2.20199,7.70765e+06,186675
2011-11-21,10444,1.7586e+07,6.99497,2.27988,7.71355e+06,97890.8
2011-11-22,11489,1.79307e+07,8.29911,2.32246,7.72055e+06,88828.2
2011-11-23,11364,1.8007e+07,7.94344,2.33032,7.72725e+06,100928
2011-11-24,10972,1.88596e+07,6.69857,2.43888,7.7329e+06,225387
2011-11-25,11514,1.93194e+07,8.00272,2.49616,7.73965e+06,125388
2011-11-26,10255,1.91457e+07,7.11353,2.4718,7.74565e+06,92066
2011-11-27,10815,1.92045e+07,6.75785,2.47756,7.75135e+06,59946
2011-11-28,12645,1.97142e+07,7.52848,2.54124,7.7577e+06,112845
2011-11-29,14735,2.14124e+07,7.8618,2.7577,7.7646e+06,526811
2011-11-30,15161,2.30542e+07,8.7836,2.96604,7.7727e+06,371144
2011-12-01,14223,2.39881e+07,9.868,3.08259,7.7818e+06,212079
2011-12-02,12915,2.41493e+07,7.91609,3.1004,7.7891e+06,189571
2011-12-03,13099,2.18608e+07,8.24141,2.80386,7.7967e+06,374242
2011-12-04,11618,2.20035e+07,7.37389,2.81969,7.8035e+06,270250
2011-12-05,13358,2.24562e+07,8.56672,2.8748,7.8114e+06,100167
2011-12-06,15120,2.36582e+07,9.27158,3.02536,7.81995e+06,176137
2011-12-07,13108,2.33671e+07,7.48233,2.9855,7.82685e+06,192283
2011-12-08,14099,2.34415e+07,8.89204,2.99188,7.83505e+06,134067
2011-12-09,11646,2.31805e+07,7.97031,2.95579,7.8424e+06,113161
2011-12-10,11990,2.40902e+07,7.80765,3.06898,7.8496e+06,231234
2011-12-11,11902,2.55302e+07,8.24141,3.24927,7.8572e+06,370484
2011-12-12,11460,2.50638e+07,6.96905,3.18734,7.86355e+06,134937
2011-12-13,11933,2.55079e+07,7.57908,3.24109,7.87015e+06,114949
2011-12-14,12005,2.48551e+07,8.78484,3.15509,7.8778e+06,238906
2011-12-15,10405,2.52516e+07,6.43073,3.20314,7.8834e+06,104801
2011-12-16,10534,2.53179e+07,6.77524,3.20914,7.8893e+06,108298
2011-12-17,9958,2.52109e+07,8.61259,3.19254,7.8968e+06,58175.6
2011-12-18,9955,2.52455e+07,8.26809,3.19401,7.904e+06,36385.5
2011-12-19,12637,2.78957e+07,9.12935,3.52577,7.91195e+06,515055
2011-12-20,13868,3.12989e+07,7.69391,3.95255,7.91865e+06,759873
2011-12-21,11719,3.08245e+07,8.55517,3.88899,7.9261e+06,203855
2011-12-22,12176,3.09649e+07,8.49776,3.90306,7.9335e+06,226514
2011-12-23,11732,3.12698e+07,8.15325,3.93797,7.9406e+06,109463
2011-12-24,10318,3.13099e+07,8.3255,3.93942,7.94785e+06,59692.3
2011-12-25,11829,3.3687e+07,9.9906,4.23387,7.95655e+06,350540
2011-12-26,12271,3.18546e+07,10.1743,3.99912,7.9654e+06,364751
2011-12-27,11605,3.26521e+07,8.36076,4.09552,7.97265e+06,142737
2011-12-28,11047,3.35759e+07,8.93736,4.2073,7.9804e+06,152117
2011-12-29,11125,3.33338e+07,7.95714,4.17335,7.9873e+06,231609
2011-12-30,10437,3.44609e+07,8.18778,4.31064,7.9944e+06,189583
2011-12-31,10983,3.77236e+07,8.70672,4.71431,8.00195e+06,605406
2012-01-01,11474,4.24096e+07,8.82204,5.29484,8.0096e+06,565219
2012-01-02,12094,4.17283e+07,8.70672,5.20488,8.01715e+06,369601
2012-01-03,12934,3.90863e+07,9.168,4.87051,8.0251e+06,633367
2012-01-04,12763,4.48675e+07,8.5914,5.58571,8.03255e+06,709809
2012-01-05,15378,5.52663e+07,8.47608,6.874,8.0399e+06,1.16626e+06
2012-01-06,14524,5.37903e+07,9.85993,6.68332,8.04845e+06,1.52565e+06
2012-01-07,13829,5.47616e+07,10.6095,6.79623,8.05765e+06,333932
2012-01-08,14549,5.72402e+07,9.57474,7.09665,8.0658e+06,409236
2012-01-09,15286,5.07737e+07,10.1968,6.28854,8.074e+06,987736
2012-01-10,15541,5.27569e+07,8.76675,6.52847,8.08105e+06,726659
2012-01-11,16961,5.57241e+07,9.51285,6.88913,8.0887e+06,713570
2012-01-12,14087,5.48418e+07,9.6372,6.77356,8.09645e+06,971580
2012-01-13,14317,5.23027e+07,8.70457,6.45437,8.10345e+06,414813
2012-01-14,14683,5.4844e+07,9.32633,6.76173,8.11095e+06,970268
2012-01-15,13421,5.72062e+07,8.6424,7.04692,8.1179e+06,441748
2012-01-16,14860,5.45754e+07,10.8807,6.71561,8.12665e+06,865167
2012-01-17,14887,4.55501e+07,9.76155,5.59962,8.1345e+06,1.35315e+06
2012-01-18,14263,4.80332e+07,7.95846,5.90023,8.1409e+06,1.38283e+06
2012-01-19,15211,5.14629e+07,9.32633,6.31571,8.1484e+06,743777
2012-01-20,14105,5.30239e+07,9.01545,6.50149,8.15565e+06,448946
2012-01-21,13487,5.04572e+07,10.1968,6.18057,8.16385e+06,429573
2012-01-22,11492,5.14993e+07,8.79571,6.30297,8.17065e+06,292551
2012-01-23,13508,5.21411e+07,11.0513,6.37488,8.17915e+06,121789
2012-01-24,15215,5.13635e+07,9.03605,6.27448,8.1861e+06,248171
2012-01-25,16707,4.7608e+07,9.62111,5.81047,8.1935e+06,824200
2012-01-26,13823,4.40134e+07,8.97104,5.36723,8.2004e+06,709439
2012-01-27,14379,4.35252e+07,9.16606,5.30314,8.20745e+06,637351
2012-01-28,13257,4.64935e+07,9.42609,5.6598,8.21469e+06,514039
2012-01-29,14267,4.43339e+07,10.8563,5.39143,8.22304e+06,267012
2012-01-30,13370,4.53027e+07,11.1813,5.50348,8.23164e+06,239286
2012-01-31,15858,4.56302e+07,9.75113,5.53822,8.23914e+06,282568
2012-02-01,15161,5.00975e+07,9.16606,6.07523,8.24619e+06,691688
2012-02-02,15694,5.03467e+07,10.3362,6.09957,8.25414e+06,351600
2012-02-03,17088,4.91725e+07,10.2712,5.95161,8.26204e+06,369846
2012-02-04,16038,4.87544e+07,10.5244,5.89541,8.26989e+06,126709
2012-02-05,14720,4.69977e+07,9.73874,5.67812,8.27699e+06,710362
2012-02-06,14174,4.542e+07,10.0131,5.48266,8.28429e+06,531983
2012-02-07,14474,4.69447e+07,9.39582,5.66203,8.29114e+06,428943
2012-02-08,14819,4.66247e+07,9.94448,5.61853,8.29839e+06,1.3647e+06
2012-02-09,14871,4.84692e+07,9.94448,5.8357,8.30564e+06,529973
2012-02-10,16819,4.93585e+07,9.46441,5.93783,8.31254e+06,252396
2012-02-11,14944,4.66932e+07,10.2874,5.61213,8.32004e+06,413016
2012-02-12,14056,4.59627e+07,10.8361,5.5191,8.32794e+06,478088
2012-02-13,16556,4.45774e+07,9.39582,5.34835,8.33479e+06,927974
2012-02-14,18756,3.74013e+07,9.46441,4.48365,8.34169e+06,1.45839e+06
2012-02-15,18243,3.61111e+07,9.19007,4.32552,8.34839e+06,826212
2012-02-16,17722,3.55538e+07,9.46441,4.25524,8.35529e+06,723718
2012-02-17,14218,3.6726e+07,10.4246,4.39154,8.36289e+06,622442
2012-02-18,14337,3.57467e+07,11.7103,4.27008,8.37144e+06,323607
2012-02-19,13197,3.67815e+07,10.8098,4.38955,8.37934e+06,278941
2012-02-20,14828,3.66075e+07,9.57829,4.36514,8.38634e+06,176501
2012-02-21,14362,3.62159e+07,8.82571,4.31512,8.39279e+06,247382
2012-02-22,16120,3.71255e+07,10.8782,4.41931,8.40074e+06,490825
2012-02-23,18129,4.23775e+07,11.3571,5.03952,8.40904e+06,809196
2012-02-24,16256,4.2298e+07,10.194,5.02561,8.41649e+06,470194
2012-02-25,14844,4.02076e+07,11.2887,4.77257,8.42474e+06,438074
2012-02-26,13193,4.15408e+07,10.2625,4.92642,8.43224e+06,354824
2012-02-27,15336,4.17989e+07,10.5361,4.95252,8.43994e+06,154289
2012-02-28,16054,4.10338e+07,10.9466,4.85726,8.44794e+06,332439
2012-02-29,15562,4.12083e+07,12.2465,4.87275,8.45689e+06,152085
2012-03-01,16097,4.16626e+07,10.3309,4.92207,8.46444e+06,240001
2012-03-02,17925,3.99399e+07,9.6597,4.71482,8.47114e+06,641445
2012-03-03,12413,3.92322e+07,8.40892,4.62819,8.47679e+06,198461
2012-03-04,14600,4.10111e+07,10.1949,4.83414,8.48364e+06,299843
2012-03-05,16264,4.2305e+07,10.7902,4.98239,8.49089e+06,345731
2012-03-06,15360,4.23854e+07,10.1949,4.98784,8.49774e+06,249416
2012-03-07,15193,4.20944e+07,11.4599,4.94911,8.50544e+06,241583
2012-03-08,15555,4.20127e+07,11.6088,4.93498,8.51324e+06,305777
2012-03-09,15970,4.152e+07,12.5018,4.8723,8.52164e+06,178607
2012-03-10,13042,4.12968e+07,12.2785,4.84142,8.52989e+06,153265
2012-03-11,12053,4.17612e+07,9.97164,4.89203,8.53659e+06,212916
2012-03-12,15290,4.19626e+07,12.3529,4.91084,8.54489e+06,119582
2012-03-13,16216,4.52523e+07,11.9064,5.29088,8.55289e+06,687687
2012-03-14,16391,4.61417e+07,10.1949,5.39054,8.55974e+06,367177
2012-03-15,14920,4.57484e+07,9.00424,5.34082,8.56579e+06,245395
2012-03-16,16092,4.57785e+07,11.3929,5.33957,8.57344e+06,200357
2012-03-17,16492,4.49351e+07,12.6617,5.236,8.58194e+06,218146
2012-03-18,13966,4.52703e+07,11.9169,5.27015,8.58994e+06,130702
2012-03-19,15579,4.0223e+07,10.6507,4.67867,8.59709e+06,969574
2012-03-20,15537,4.15697e+07,11.9169,4.83083,8.60509e+06,348329
2012-03-21,16079,4.14908e+07,11.7679,4.81723,8.61299e+06,244818
2012-03-22,15782,4.07734e+07,11.7679,4.72961,8.62089e+06,305757
2012-03-23,14184,4.04757e+07,9.38456,4.69164,8.62719e+06,278474
2012-03-24,13792,4.01764e+07,13.7044,4.65199,8.63639e+06,196237
2012-03-25,14501,3.93509e+07,11.6935,4.55227,8.64424e+06,344868
2012-03-26,16361,4.00813e+07,11.2466,4.63272,8.65179e+06,343768
2012-03-27,15179,4.16642e+07,11.619,4.81134,8.65959e+06,376731
2012-03-28,15846,4.15205e+07,11.1721,4.79059,8.66709e+06,207777
2012-03-29,17441,4.15844e+07,11.2031,4.79407,8.67414e+06,200505
2012-03-30,15053,4.2206e+07,12.4519,4.86141,8.68184e+06,206347
2012-03-31,14120,4.24938e+07,13.7456,4.88978,8.69034e+06,188105
2012-04-01,12842,4.16897e+07,11.4816,4.79333,8.69744e+06,185613
2012-04-02,14925,4.33686e+07,9.37934,4.98305,8.70324e+06,413147
2012-04-03,18598,4.31682e+07,10.7539,4.95623,8.70989e+06,414024
2012-04-04,16652,4.28676e+07,11.0773,4.91784,8.71674e+06,273751
2012-04-05,16870,4.29226e+07,9.4602,4.92085,8.72259e+06,185605
2012-04-06,15543,4.32027e+07,10.9965,4.94911,8.72939e+06,318704
2012-04-07,14271,4.11433e+07,10.4305,4.70971,8.73584e+06,403088
2012-04-08,13664,4.17828e+07,12.1285,4.77882,8.74334e+06,203915
2012-04-09,15395,4.24629e+07,11.805,4.85255,8.75064e+06,196501
2012-04-10,17407,4.24011e+07,11.8859,4.84142,8.75799e+06,269640
2012-04-11,18806,4.30824e+07,11.4008,4.91525,8.76504e+06,361188
2012-04-12,18394,4.299e+07,10.1745,4.90116,8.77139e+06,245107
2012-04-13,16330,4.3312e+07,9.64794,4.93441,8.77754e+06,479006
2012-04-14,17049,4.35391e+07,10.903,4.95636,8.78449e+06,327040
2012-04-15,16157,4.36117e+07,8.39292,4.9616,8.78984e+06,170682
2012-04-16,18862,4.35536e+07,11.7658,4.95076,8.79734e+06,167872
2012-04-17,18828,4.37453e+07,10.5892,4.96874,8.80409e+06,193126
2012-04-18,19340,4.51488e+07,10.197,5.12438,8.81059e+06,450724
2012-04-19,17558,4.52466e+07,12.3148,5.13091,8.81844e+06,277157
2012-04-20,19264,4.73656e+07,12.0795,5.36652,8.82614e+06,583957
2012-04-21,16495,4.66652e+07,12.0795,5.28255,8.83384e+06,344144
2012-04-22,14447,4.59335e+07,10.9814,5.19561,8.84084e+06,209624
2012-04-23,17264,4.5219e+07,10.5892,5.11089,8.84759e+06,278674
2012-04-24,17187,4.50505e+07,10.8245,5.08787,8.85449e+06,416252
2012-04-25,17264,4.56228e+07,9.96169,5.14882,8.86084e+06,208850
2012-04-26,19928,4.52069e+07,12.158,5.09742,8.86859e+06,324863
2012-04-27,16191,4.52277e+07,10.2377,5.09589,8.87534e+06,160981
2012-04-28,15943,4.41548e+07,11.3988,4.97074,8.88294e+06,496691
2012-04-29,16232,4.35934e+07,13.4236,4.90261,8.89189e+06,115320
2012-04-30,18877,4.3989e+07,13.4236,4.94212,8.90084e+06,286797
2012-05-01,20427,4.44321e+07,12.7487,4.98714,8.90934e+06,216688
2012-05-02,19907,4.50607e+07,11.2489,5.05344,8.91684e+06,507364
2012-05-03,22009,4.56844e+07,11.7738,5.11887,8.92469e+06,207003
2012-05-04,22962,4.54275e+07,12.0738,5.08551,8.93274e+06,247491
2012-05-05,19627,4.52119e+07,12.5237,5.05664,8.94109e+06,113330
2012-05-06,22444,4.51742e+07,12.2988,5.0478,8.94929e+06,119634
2012-05-07,25802,4.53941e+07,12.7487,5.06756,8.95779e+06,250199
2012-05-08,23419,4.50434e+07,13.1987,5.02347,8.96659e+06,356161
2012-05-09,25272,4.52452e+07,13.3085,5.04131,8.97489e+06,239144
2012-05-10,22041,4.42555e+07,11.1144,4.92749,8.98134e+06,384222
2012-05-11,24667,4.46163e+07,12.3206,4.96371,8.98849e+06,350284
2012-05-12,22910,4.44935e+07,11.0283,4.94653,8.99489e+06,128109
2012-05-13,20661,4.45125e+07,12.0621,4.9448,9.00189e+06,82853.9
2012-05-14,32619,4.51472e+07,11.976,5.01144,9.00884e+06,281262
2012-05-15,27730,4.538e+07,11.2006,5.03364,9.01534e+06,257179
2012-05-16,25132,4.58989e+07,10.4251,5.08778,9.02139e+06,378572
2012-05-17,22883,4.59453e+07,9.99435,5.08966,9.02719e+06,160295
2012-05-18,26196,4.6241e+07,12.4929,5.1183,9.03444e+06,325836
2012-05-19,32917,4.62271e+07,12.8376,5.11255,9.04189e+06,141425
2012-05-20,28225,4.60964e+07,11.8898,5.0942,9.04879e+06,113780
2012-05-21,30487,4.61286e+07,10.8559,5.09422,9.05509e+06,191685
2012-05-22,27919,4.61119e+07,9.90819,5.08914,9.06084e+06,283722
2012-05-23,28839,4.65051e+07,11.2006,5.12886,9.06734e+06,310892
2012-05-24,28799,4.64491e+07,10.5225,5.11916,9.07359e+06,186146
2012-05-25,30265,4.66446e+07,9.57022,5.13728,9.07964e+06,142364
2012-05-26,24989,4.63785e+07,11.2312,5.10398,9.08674e+06,104919
2012-05-27,26493,4.66977e+07,12.5757,5.13462,9.09469e+06,97210.1
2012-05-28,29737,4.67498e+07,11.2312,5.13633,9.10179e+06,167648
2012-05-29,34480,4.68927e+07,9.96569,5.14847,9.10809e+06,374812
2012-05-30,28755,4.68334e+07,10.3612,5.13826,9.11464e+06,249220
2012-05-31,28044,4.72645e+07,10.9148,5.18164,9.12154e+06,228847
2012-06-01,28549,4.80827e+07,12.0221,5.26694,9.12914e+06,257579
2012-06-02,21002,4.79119e+07,12.6548,5.24364,9.13714e+06,91493.8
2012-06-03,31043,4.76691e+07,12.1012,5.2127,9.14479e+06,93803.5
2012-06-04,42162,4.81311e+07,12.2594,5.25877,9.15254e+06,314030
2012-06-05,39781,4.97017e+07,11.6266,5.42601,9.15989e+06,489988
2012-06-06,25187,4.9928e+07,12.1012,5.44617,9.16754e+06,249333
2012-06-07,34826,5.12594e+07,10.9794,5.58717,9.17449e+06,320247
2012-06-08,28664,5.16235e+07,11.0967,5.62253,9.18154e+06,350023
2012-06-09,31108,5.10694e+07,13.4577,5.557,9.19009e+06,238118
2012-06-10,33266,5.02038e+07,13.0642,5.45789,9.19839e+06,151211
2012-06-11,32475,5.14305e+07,11.018,5.587,9.20539e+06,244006
2012-06-12,24995,5.27685e+07,12.2772,5.72749,9.21319e+06,532446
2012-06-13,46530,5.44878e+07,11.805,5.9093,9.22069e+06,411692
2012-06-14,49894,5.50205e+07,12.2772,5.96202,9.22849e+06,292765
2012-06-15,49687,6.02528e+07,12.5133,6.52338,9.23644e+06,465695
2012-06-16,39061,5.95713e+07,12.2772,6.44416,9.24424e+06,545114
2012-06-17,39723,5.73648e+07,12.9068,6.19997,9.25244e+06,360823
2012-06-18,36797,5.84459e+07,13.7725,6.31084,9.26119e+06,340067
2012-06-19,36392,6.01976e+07,11.5689,6.49483,9.26854e+06,335684
2012-06-20,32748,6.2088e+07,11.7465,6.69355,9.27579e+06,503203
2012-06-21,29558,6.19359e+07,11.6726,6.67226,9.28259e+06,413217
2012-06-22,28511,6.0974e+07,11.8443,6.56376,9.28949e+06,431382
2012-06-23,30627,5.99472e+07,14.0758,6.44754,9.29769e+06,160931
2012-06-24,28191,5.90865e+07,11.2435,6.35049,9.30424e+06,234648
2012-06-25,34552,5.88279e+07,13.2175,6.31747,9.31194e+06,434037
2012-06-26,36059,5.99503e+07,12.7884,6.43286,9.31939e+06,386611
2012-06-27,38748,6.17083e+07,13.99,6.61571,9.32754e+06,378395
2012-06-28,33425,6.15142e+07,11.7584,6.59006,9.33439e+06,359577
2012-06-29,33393,6.22042e+07,12.5309,6.65878,9.34169e+06,276939
2012-06-30,31588,6.24506e+07,11.3293,6.68043,9.34829e+06,162985
2012-07-01,32067,6.19969e+07,12.1876,6.62686,9.35539e+06,167639
2012-07-02,36621,6.31391e+07,13.0459,6.74348,9.36299e+06,249518
2012-07-03,33766,6.04428e+07,13.7325,6.44999,9.37099e+06,543157
2012-07-04,31437,6.10993e+07,12.9794,6.51484,9.37849e+06,276323
2012-07-05,28191,6.23435e+07,12.5374,6.6424,9.38569e+06,350925
2012-07-06,29504,6.26747e+07,13.4951,6.67218,9.39344e+06,329350
2012-07-07,31952,6.40096e+07,14.4528,6.80827,9.40174e+06,301366
2012-07-08,26508,6.39492e+07,13.321,6.79632,9.40939e+06,153613
2012-07-09,32749,6.62279e+07,14.1916,7.0324,9.41754e+06,485573
2012-07-10,37181,6.76584e+07,13.0598,7.17858,9.42504e+06,603639
2012-07-11,34994,6.77684e+07,11.6667,7.18515,9.43174e+06,354955
2012-07-12,34534,7.13223e+07,13.0598,7.55594,9.43924e+06,574577
2012-07-13,31537,7.20923e+07,14.1916,7.63092,9.44739e+06,598437
2012-07-14,29266,7.16735e+07,14.0175,7.58013,9.45544e+06,147402
2012-07-15,30708,7.21723e+07,12.1891,7.62723,9.46244e+06,215891
2012-07-16,36788,8.0432e+07,13.0598,8.49341,9.46994e+06,906908
2012-07-17,40504,8.2956e+07,15.3752,8.75198,9.47854e+06,1.91124e+06
2012-07-18,34020,8.62796e+07,14.3807,9.09519,9.48629e+06,1.07533e+06
2012-07-19,36644,8.42938e+07,12.5251,8.87953,9.49304e+06,568703
2012-07-20,35675,8.1062e+07,13.7313,8.53245,9.50044e+06,1.46543e+06
2012-07-21,36149,8.43851e+07,13.0818,8.87565,9.50749e+06,1.32502e+06
2012-07-22,40800,8.0942e+07,14.3807,8.50656,9.51524e+06,309035
2012-07-23,40413,8.12367e+07,13.0818,8.53121,9.52229e+06,1.33989e+06
2012-07-24,38712,8.17187e+07,14.9374,8.57459,9.53034e+06,417196
2012-07-25,30961,8.3645e+07,14.8446,8.76935,9.53834e+06,672603
2012-07-26,30559,8.47351e+07,15.6796,8.87577,9.54679e+06,346466
2012-07-27,32339,8.4964e+07,16.5146,8.89146,9.55569e+06,286184
2012-07-28,38741,8.45644e+07,14.1952,8.84256,9.56334e+06,212003
2012-07-29,35848,8.37297e+07,15.4013,8.74768,9.57164e+06,130594
2012-07-30,36116,8.70701e+07,17.1078,9.08832,9.58044e+06,551742
2012-07-31,59564,8.93599e+07,13.1617,9.321,9.58694e+06,769443
2012-08-01,40578,9.17921e+07,13.5666,9.56802,9.59364e+06,747484
2012-08-02,42075,1.0131e+08,16.7052,10.551,9.60189e+06,1.42534e+06
2012-08-03,35901,1.04901e+08,16.4014,10.9159,9.60999e+06,760482
2012-08-04,36278,1.05024e+08,15.794,10.9197,9.61779e+06,638006
2012-08-05,37911,1.03996e+08,14.0728,10.8051,9.62474e+06,835672
2012-08-06,42822,1.04692e+08,14.1741,10.8694,9.63174e+06,683403
2012-08-07,39049,1.05473e+08,16.6039,10.9413,9.63994e+06,580847
2012-08-08,51432,1.0681e+08,16.8064,11.0704,9.64824e+06,453273
2012-08-09,40939,1.07226e+08,17.2114,11.1037,9.65674e+06,1.35338e+06
2012-08-10,38295,1.10635e+08,15.794,11.4476,9.66454e+06,857260
2012-08-11,38485,1.1165e+08,17.0089,11.5425,9.67294e+06,270044
2012-08-12,39111,1.12226e+08,16.7492,11.5926,9.68089e+06,399925
2012-08-13,48601,1.16121e+08,17.4254,11.985,9.68889e+06,838180
2012-08-14,43606,1.18175e+08,17.0986,12.1871,9.69674e+06,695396
2012-08-15,51932,1.27817e+08,18.1877,13.1701,9.70509e+06,866755
2012-08-16,60615,1.30645e+08,16.7719,13.4508,9.71279e+06,1.41615e+06
2012-08-17,57279,1.17385e+08,15.0294,12.077,9.71969e+06,3.38481e+06
2012-08-18,51215,1.12617e+08,16.4452,11.5775,9.72724e+06,1.19836e+06
2012-08-19,57927,7.62416e+07,19.8214,7.83062,9.73634e+06,2.37672e+06
2012-08-20,48984,9.72543e+07,18.9501,9.97988,9.74504e+06,2.02875e+06
2012-08-21,55539,9.65906e+07,18.8412,9.90298,9.75369e+06,897703
2012-08-22,47300,9.53947e+07,16.9897,9.77255,9.76149e+06,932944
2012-08-23,43521,9.85636e+07,17.9699,10.0887,9.76974e+06,689430
2012-08-24,44584,1.03579e+08,16.1185,10.594,9.77714e+06,1.07914e+06
2012-08-25,36374,1.03551e+08,16.6684,10.5837,9.78404e+06,497716
2012-08-26,35110,1.03272e+08,21.7172,10.5455,9.79299e+06,344729
2012-08-27,38660,1.06826e+08,17.5921,10.9004,9.80024e+06,2.16487e+06
2012-08-28,41047,1.07228e+08,18.3201,10.933,9.80779e+06,701564
2012-08-29,37982,1.0668e+08,20.3826,10.8678,9.81619e+06,751050
2012-08-30,34760,1.05388e+08,18.6841,10.7277,9.82389e+06,430608
2012-08-31,49678,9.93157e+07,16.9855,10.1024,9.83089e+06,823254
2012-09-01,43598,9.84537e+07,19.5333,10.0065,9.83894e+06,279315
2012-09-02,34468,1.00698e+08,19.8973,10.2261,9.84714e+06,319919
2012-09-03,33612,1.03449e+08,19.048,10.4971,9.85499e+06,283747
2012-09-04,45525,1.02216e+08,18.5627,10.364,9.86264e+06,472133
2012-09-05,41507,1.0884e+08,21.8385,11.0255,9.87164e+06,767209
2012-09-06,47563,1.10271e+08,21.2379,11.1608,9.88019e+06,850486
2012-09-07,43748,1.09527e+08,22.4989,11.0761,9.88859e+06,475890
2012-09-08,34331,1.09282e+08,19.4187,11.0433,9.89584e+06,317140
2012-09-09,39703,1.09557e+08,21.2936,11.0621,9.90379e+06,205636
2012-09-10,37639,1.10266e+08,20.0883,11.1253,9.91129e+06,527194
2012-09-11,45390,1.11763e+08,19.4187,11.2681,9.91854e+06,979055
2012-09-12,33567,1.12319e+08,20.7579,11.3153,9.92629e+06,754820
2012-09-13,35024,1.13038e+08,17.4098,11.3803,9.93279e+06,345570
2012-09-14,38529,1.16608e+08,21.6953,11.7301,9.94089e+06,613958
2012-09-15,30133,1.16576e+08,19.2847,11.7184,9.94809e+06,249806
2012-09-16,31184,1.18348e+08,21.5614,11.8869,9.95614e+06,419380
2012-09-17,33989,1.18661e+08,22.4989,11.9083,9.96454e+06,375289
2012-09-18,37898,1.22264e+08,22.3649,12.2597,9.97289e+06,654264
2012-09-19,42928,1.24798e+08,19.0352,12.5049,9.97994e+06,663477
2012-09-20,47916,1.23518e+08,21.6413,12.3672,9.98754e+06,506802
2012-09-21,38617,1.23287e+08,24.0617,12.3337,9.99599e+06,537410
2012-09-22,27311,1.22184e+08,22.3532,12.2137,1.00038e+07,228098
2012-09-23,28683,1.21797e+08,22.4956,12.1655,1.00117e+07,551532
2012-09-24,33444,1.21371e+08,21.7837,12.1136,1.00194e+07,439218
2012-09-25,45705,1.22145e+08,19.7904,12.1824,1.00263e+07,360080
2012-09-26,46624,1.23609e+08,19.9328,12.3198,1.00333e+07,367939
2012-09-27,41321,1.23697e+08,22.9227,12.3188,1.00414e+07,320786
2012-09-28,51687,1.24425e+08,22.4956,12.3815,1.00493e+07,407426
2012-09-29,36991,1.24763e+08,23.9194,12.4048,1.00577e+07,236232
2012-09-30,35060,1.2473e+08,22.638,12.3916,1.00656e+07,125653
2012-10-01,38102,1.24788e+08,18.6514,12.3894,1.00722e+07,389403
2012-10-02,53731,1.2909e+08,20.7871,12.8072,1.00795e+07,767714
2012-10-03,51360,1.3067e+08,20.1293,12.9554,1.00861e+07,585969
2012-10-04,50714,1.29816e+08,19.8919,12.8624,1.00927e+07,601725
2012-10-05,43691,1.28791e+08,20.6511,12.7522,1.00995e+07,491650
2012-10-06,39632,1.26392e+08,23.5362,12.5051,1.01072e+07,383839
2012-10-07,43095,1.20088e+08,18.9808,11.874,1.01135e+07,881244
2012-10-08,47823,1.18769e+08,27.0287,11.7333,1.01224e+07,1.23928e+06
2012-10-09,52626,1.19818e+08,21.5622,11.8287,1.01295e+07,676195
2012-10-10,47176,1.2275e+08,22.6251,12.1092,1.01369e+07,416519
2012-10-11,40995,1.22411e+08,20.9548,12.0676,1.01438e+07,334519
2012-10-12,44701,1.221e+08,22.6251,12.0281,1.01513e+07,347140
2012-10-13,39129,1.21161e+08,22.4733,11.9268,1.01587e+07,161616
2012-10-14,38974,1.18429e+08,19.2845,11.6506,1.0165e+07,307488
2012-10-15,47015,1.21149e+08,25.662,11.9083,1.01735e+07,432111
2012-10-16,41834,1.20628e+08,23.5467,11.848,1.01812e+07,600485
2012-10-17,46053,1.21439e+08,21.6871,11.9194,1.01883e+07,355836
2012-10-18,51219,1.21599e+08,23.978,11.9259,1.01962e+07,352618
2012-10-19,44078,1.19961e+08,20.618,11.7575,1.02029e+07,461350
2012-10-20,42836,1.19409e+08,24.1307,11.6944,1.02108e+07,294228
2012-10-21,39296,1.19126e+08,24.5889,11.6574,1.02189e+07,167898
2012-10-22,42021,1.20073e+08,23.978,11.7411,1.02267e+07,500594
2012-10-23,41375,1.19809e+08,19.8544,11.7078,1.02332e+07,822752
2012-10-24,42251,1.19151e+08,24.7416,11.6344,1.02413e+07,335312
2012-10-25,38643,1.10208e+08,21.8398,10.7536,1.02485e+07,1.0812e+06
2012-10-26,37471,1.03907e+08,25.1998,10.1306,1.02567e+07,1.165e+06
2012-10-27,29910,1.07358e+08,26.727,10.4582,1.02655e+07,563958
2012-10-28,27816,1.10032e+08,25.3525,10.71,1.02738e+07,267886
2012-10-29,35981,1.09302e+08,24.1884,10.6307,1.02817e+07,516750
2012-10-30,34928,1.1173e+08,23.4892,10.8593,1.02888e+07,360909
2012-10-31,31390,1.1476e+08,23.6535,11.1461,1.0296e+07,526774
2012-11-01,32135,1.0935e+08,22.5037,10.6135,1.03029e+07,627843
2012-11-02,33393,1.0857e+08,23.4892,10.5305,1.031e+07,329204
2012-11-03,32511,1.09887e+08,23.982,10.6507,1.03173e+07,207547
2012-11-04,30976,1.1148e+08,25.7889,10.7969,1.03252e+07,220064
2012-11-05,37460,1.10987e+08,26.2817,10.7408,1.03332e+07,329699
2012-11-06,42954,1.12377e+08,22.1752,10.8682,1.03399e+07,409421
2012-11-07,41756,1.13351e+08,25.7889,10.9541,1.03478e+07,446858
2012-11-08,37595,1.12799e+08,25.2961,10.8927,1.03555e+07,382821
2012-11-09,36800,1.12086e+08,24.9676,10.8159,1.03631e+07,232715
2012-11-10,34669,1.12655e+08,23.6535,10.8633,1.03703e+07,178478
2012-11-11,30394,1.12513e+08,24.1463,10.8418,1.03776e+07,154970
2012-11-12,31528,1.14552e+08,21.8105,11.0313,1.03842e+07,582508
2012-11-13,32074,1.14283e+08,23.4447,10.998,1.03912e+07,246812
2012-11-14,39530,1.13955e+08,23.9471,10.959,1.03984e+07,331161
2012-11-15,45873,1.16279e+08,22.7749,11.1751,1.04052e+07,464543
2012-11-16,48826,1.21878e+08,24.282,11.705,1.04124e+07,857983
2012-11-17,52322,1.22429e+08,23.4447,11.75,1.04194e+07,264601
2012-11-18,44044,1.21635e+08,24.4495,11.6656,1.04267e+07,228574
2012-11-19,41117,1.22605e+08,24.4495,11.7505,1.0434e+07,490620
2012-11-20,44744,1.22156e+08,24.617,11.6992,1.04414e+07,439455
2012-11-21,43803,1.22558e+08,25.4543,11.7291,1.0449e+07,324036
2012-11-22,41584,1.28527e+08,24.1146,12.292,1.04562e+07,905022
2012-11-23,36519,1.28505e+08,27.2964,12.2803,1.04643e+07,283180
2012-11-24,36089,1.2999e+08,25.2868,12.4132,1.04719e+07,294107
2012-11-25,35940,1.31301e+08,24.4495,12.5297,1.04792e+07,354027
2012-11-26,42639,1.27781e+08,26.5705,12.1846,1.0487e+07,662519
2012-11-27,37535,1.27605e+08,25.3005,12.1593,1.04944e+07,505153
2012-11-28,44590,1.295e+08,29.4032,12.3317,1.05014e+07,513535
2012-11-29,41205,1.31295e+08,28.3775,12.4977,1.05056e+07,469420
2012-11-30,37930,1.32264e+08,21.3686,12.5861,1.05087e+07,413754
2012-12-01,33858,1.32382e+08,28.5485,12.5924,1.05129e+07,251781
2012-12-02,28210,1.31434e+08,24.4457,12.4979,1.05165e+07,230856
2012-12-03,30532,1.33153e+08,25.1295,12.657,1.05201e+07,449823
2012-12-04,43912,1.40687e+08,19.1463,13.3696,1.05229e+07,1.09284e+06
2012-12-05,44654,1.4013e+08,20.8558,13.3128,1.0526e+07,508799
2012-12-06,38984,1.41915e+08,23.42,13.4779,1.05294e+07,765355
2012-12-07,42135,1.41951e+08,22.0524,13.4773,1.05326e+07,621614
2012-12-08,37725,1.42237e+08,23.591,13.5,1.05361e+07,224512
2012-12-09,37568,1.40662e+08,21.5396,13.3465,1.05392e+07,430605
2012-12-10,36630,1.42246e+08,24.3125,13.4923,1.05428e+07,528110
2012-12-11,37496,1.43594e+08,24.1247,13.6154,1.05464e+07,491817
2012-12-12,43207,1.44195e+08,21.7792,13.6682,1.05497e+07,657047
2012-12-13,45680,1.45158e+08,21.9468,13.7553,1.05529e+07,511002
2012-12-14,41691,1.43566e+08,17.7585,13.6009,1.05556e+07,1.23219e+06
2012-12-15,35878,1.42866e+08,19.4338,13.5309,1.05585e+07,258247
2012-12-16,35213,1.40812e+08,18.5961,13.3329,1.05613e+07,633849
2012-12-17,41616,1.40721e+08,22.4494,13.3201,1.05646e+07,1.11951e+06
2012-12-18,47617,1.40255e+08,20.9416,13.272,1.05677e+07,434105
2012-12-19,45631,1.4312e+08,23.7896,13.5385,1.05713e+07,652885
2012-12-20,38978,1.43489e+08,17.7585,13.57,1.05739e+07,599919
2012-12-21,45877,1.42039e+08,21.1091,13.429,1.05771e+07,459451
2012-12-22,54007,1.42072e+08,25.6325,13.4272,1.05809e+07,259408
2012-12-23,41727,1.40958e+08,20.439,13.3181,1.0584e+07,342094
2012-12-24,39081,1.42152e+08,22.1143,13.4267,1.05873e+07,301209
2012-12-25,30567,1.41546e+08,20.774,13.3656,1.05904e+07,268608
2012-12-26,38979,1.42542e+08,24.2663,13.4547,1.05942e+07,291933
2012-12-27,36158,1.42007e+08,23.1065,13.3993,1.05981e+07,343667
2012-12-28,42277,1.4266e+08,25.032,13.4555,1.06023e+07,451481
2012-12-29,41463,1.41844e+08,21.3291,13.374,1.06059e+07,401809
2012-12-30,43096,1.42653e+08,24.5877,13.445,1.06101e+07,187743
2012-12-31,36527,1.43773e+08,23.4027,13.5456,1.0614e+07,239547
2013-01-01,38733,1.41554e+08,23.9952,13.3314,1.06181e+07,420324
2013-01-02,40911,1.41065e+08,22.6621,13.2806,1.06219e+07,302619
2013-01-03,52539,1.42219e+08,23.9952,13.3841,1.0626e+07,312153
2013-01-04,46781,1.42989e+08,22.6621,13.4517,1.06298e+07,524306
2013-01-05,53959,1.43118e+08,20.8847,13.4594,1.06333e+07,390474
2013-01-06,42382,1.43647e+08,21.4772,13.5045,1.06369e+07,219309
2013-01-07,54059,1.44252e+08,24.8839,13.5561,1.06411e+07,509514
2013-01-08,56753,1.46684e+08,20.6792,13.7804,1.06445e+07,826867
2013-01-09,54910,1.47162e+08,20.9997,13.821,1.06477e+07,515174
2013-01-10,60507,1.50431e+08,23.7458,14.1232,1.06514e+07,914508
2013-01-11,61989,1.51586e+08,18.8997,14.2276,1.06543e+07,675720
2013-01-12,49915,1.51487e+08,19.7074,14.2143,1.06574e+07,465176
2013-01-13,55725,1.50964e+08,21.4843,14.1608,1.06607e+07,596062
2013-01-14,44616,1.52696e+08,25.3611,14.318,1.06646e+07,398803
2013-01-15,59643,1.52693e+08,19.5459,14.3136,1.06676e+07,994873
2013-01-16,55537,1.56946e+08,21.1612,14.7078,1.06709e+07,909309
2013-01-17,59029,1.66495e+08,17.9305,15.5986,1.06737e+07,1.32765e+06
2013-01-18,57683,1.67793e+08,19.5459,15.7158,1.06767e+07,1.09221e+06
2013-01-19,49445,1.6649e+08,24.8765,15.5881,1.06806e+07,608328
2013-01-20,45027,1.67945e+08,20.9997,15.7196,1.06838e+07,483570
2013-01-21,47104,1.79341e+08,21.3228,16.781,1.06871e+07,1.30186e+06
2013-01-22,51489,1.84951e+08,23.2612,17.3002,1.06907e+07,1.33278e+06
2013-01-23,48584,1.87532e+08,19.8929,17.5364,1.06939e+07,1.08442e+06
2013-01-24,59644,1.80804e+08,23.0223,16.9011,1.06978e+07,3.8471e+06
2013-01-25,51061,1.86278e+08,20.2183,17.4072,1.07012e+07,1.72394e+06
2013-01-26,55140,1.87913e+08,23.0223,17.5536,1.07051e+07,712470
2013-01-27,48552,1.9131e+08,22.2844,17.8646,1.07089e+07,505862
2013-01-28,54409,2.01334e+08,21.6941,18.7943,1.07125e+07,1.33548e+06
2013-01-29,54460,2.09129e+08,23.3174,19.5147,1.07165e+07,2.10906e+06
2013-01-30,45601,2.11592e+08,22.5795,19.7374,1.07203e+07,1.09276e+06
2013-01-31,48166,2.1999e+08,28.4827,20.5116,1.07251e+07,2.62272e+06
2013-02-01,61865,2.1933e+08,21.6941,20.4431,1.07288e+07,1.25949e+06
2013-02-02,57947,2.10745e+08,22.5795,19.6359,1.07326e+07,2.01656e+06
2013-02-03,56035,2.20962e+08,27.4496,20.5789,1.07373e+07,816156
2013-02-04,59362,2.19559e+08,24.2029,20.4405,1.07414e+07,1.43838e+06
2013-02-05,60191,2.21996e+08,25.9415,20.6593,1.07456e+07,813850
2013-02-06,53114,2.27975e+08,23.7723,21.2086,1.07492e+07,1.34571e+06
2013-02-07,60065,2.37834e+08,25.0749,22.1178,1.07531e+07,1.79491e+06
2013-02-08,61292,2.4512e+08,24.5865,22.7874,1.07568e+07,1.42134e+06
2013-02-09,55866,2.55386e+08,23.2839,23.7339,1.07604e+07,1.10764e+06
2013-02-10,56414,2.57273e+08,26.2147,23.9003,1.07644e+07,1.57563e+06
2013-02-11,53214,2.63797e+08,25.8891,24.4973,1.07684e+07,1.04351e+06
2013-02-12,52230,2.69079e+08,22.6326,24.9797,1.07719e+07,2.5541e+06
2013-02-13,51607,2.65542e+08,27.8429,24.6417,1.07762e+07,2.8507e+06
2013-02-14,52507,2.94103e+08,24.5865,27.2824,1.07799e+07,4.4503e+06
2013-02-15,49480,2.93026e+08,29.1455,27.1713,1.07844e+07,1.78168e+06
2013-02-16,47477,2.95042e+08,30.7738,27.3462,1.07891e+07,686207
2013-02-17,46362,2.90648e+08,30.611,26.9273,1.07938e+07,2.50819e+06
2013-02-18,46855,2.90774e+08,29.2203,26.9289,1.07979e+07,1.07481e+06
2013-02-19,49090,3.17721e+08,28.8574,29.4136,1.08018e+07,3.50864e+06
2013-02-20,50898,3.22253e+08,35.0281,29.8198,1.08067e+07,1.46798e+06
2013-02-21,51627,3.22365e+08,31.9427,29.8181,1.08111e+07,1.35163e+06
2013-02-22,54361,3.29571e+08,30.8538,30.4727,1.08153e+07,2.65024e+06
2013-02-23,51159,3.22488e+08,29.7648,29.8065,1.08194e+07,2.56979e+06
2013-02-24,52275,3.23431e+08,28.3129,29.8828,1.08233e+07,939739
2013-02-25,56529,3.28664e+08,37.0245,30.352,1.08284e+07,1.05237e+06
2013-02-26,58302,3.37494e+08,30.1278,31.1555,1.08326e+07,1.82316e+06
2013-02-27,55511,3.38563e+08,35.0281,31.2403,1.08374e+07,1.27182e+06
2013-02-28,59466,3.61841e+08,30.4908,33.3753,1.08416e+07,5.09431e+06
2013-03-01,62746,3.75318e+08,29.2261,34.6063,1.08454e+07,1.99072e+06
2013-03-02,49881,3.70424e+08,31.4836,34.1435,1.0849e+07,1.48201e+06
2013-03-03,44647,3.73906e+08,34.9577,34.4517,1.0853e+07,612535
2013-03-04,54208,3.94956e+08,38.866,36.3763,1.08575e+07,2.33414e+06
2013-03-05,56444,4.41749e+08,30.1808,40.673,1.0861e+07,4.36945e+06
2013-03-06,70524,4.70286e+08,33.6549,43.285,1.08649e+07,7.83109e+06
2013-03-07,67349,4.55921e+08,34.7405,41.9474,1.08689e+07,8.60299e+06
2013-03-08,56370,4.77351e+08,34.7405,43.9029,1.08729e+07,2.74401e+06
2013-03-09,53106,5.10011e+08,36.6947,46.8886,1.08771e+07,2.6499e+06
2013-03-10,56596,5.01275e+08,39.7345,46.066,1.08817e+07,2.10057e+06
2013-03-11,53342,5.25511e+08,35.609,48.2751,1.08858e+07,2.5644e+06
2013-03-12,61248,4.83625e+08,29.3123,44.4135,1.08891e+07,1.01214e+07
2013-03-13,62068,5.1215e+08,34.0891,47.0162,1.08931e+07,3.00961e+06
2013-03-14,61917,5.11373e+08,41.6325,46.9256,1.08975e+07,2.67394e+06
2013-03-15,63245,5.11324e+08,41.4482,46.9025,1.09018e+07,1.30173e+06
2013-03-16,50966,5.14305e+08,42.1711,47.157,1.09062e+07,1.02579e+06
2013-03-17,52184,5.16477e+08,50.3644,47.3335,1.09114e+07,925979
2013-03-18,59594,5.60715e+08,45.7858,51.3654,1.09162e+07,4.22355e+06
2013-03-19,67946,6.49751e+08,40.9662,59.4986,1.09204e+07,8.09281e+06
2013-03-20,62822,6.95831e+08,50.8463,63.6875,1.09257e+07,7.55719e+06
2013-03-21,70563,7.75211e+08,52.5332,70.9175,1.09312e+07,8.96078e+06
2013-03-22,74587,7.63899e+08,55.1839,69.8461,1.09369e+07,7.02322e+06
2013-03-23,67002,7.045e+08,52.2922,64.3831,1.09423e+07,1.23373e+07
2013-03-24,69595,7.84798e+08,52.8947,71.6904,1.0947e+07,3.64528e+06
2013-03-25,64715,8.13787e+08,47.9306,74.3141,1.09506e+07,8.32962e+06
2013-03-26,74037,8.61173e+08,50.2606,78.6142,1.09544e+07,6.43413e+06
2013-03-27,72482,9.73614e+08,43.6035,88.8521,1.09577e+07,8.86888e+06
2013-03-28,94934,9.61097e+08,60.9118,87.6732,1.09623e+07,1.66691e+07
2013-03-29,81683,9.90238e+08,57.9161,90.2957,1.09666e+07,1.00093e+07
2013-03-30,79925,1.01141e+09,57.5833,92.19,1.09709e+07,4.33296e+06
2013-03-31,63898,1.03056e+09,56.2519,93.8992,1.09752e+07,2.67749e+06
2013-04-01,76869,1.13732e+09,65.9046,103.58,1.09801e+07,1.15656e+07
2013-04-02,90297,1.28169e+09,60.2461,116.68,1.09846e+07,1.21727e+07
2013-04-03,109240,1.44379e+09,58.249,131.385,1.0989e+07,2.73073e+07
2013-04-04,107866,1.46213e+09,51.2591,133.007,1.09929e+07,1.57588e+07
2013-04-05,99406,1.56843e+09,55.2622,142.626,1.09968e+07,1.30563e+07
2013-04-06,78563,1.57403e+09,62.1726,143.082,1.10009e+07,4.28425e+06
2013-04-07,78312,1.79219e+09,62.554,162.852,1.1005e+07,1.2863e+07
2013-04-08,112858,2.05151e+09,59.1212,186.351,1.10089e+07,2.90307e+07
2013-04-09,113921,2.54057e+09,67.1311,230.683,1.10133e+07,3.16476e+07
2013-04-10,132897,1.77603e+09,72.8525,161.193,1.1018e+07,5.14581e+07
2013-04-11,124532,9.13745e+08,61.0283,82.9016,1.1022e+07,2.97741e+07
2013-04-12,102302,1.22918e+09,65.9869,111.476,1.10264e+07,6.23716e+07
2013-04-13,80991,1.07668e+09,63.6983,97.6091,1.10305e+07,3.47945e+07
2013-04-14,73989,9.8053e+08,58.3583,88.8615,1.10344e+07,2.03349e+07
2013-04-15,100211,8.92732e+08,62.554,80.8747,1.10385e+07,2.70891e+07
2013-04-16,98394,7.54043e+08,67.5126,68.2831,1.10429e+07,4.75173e+07
2013-04-17,105380,1.02588e+09,68.6525,92.864,1.10472e+07,3.68429e+07
2013-04-18,85564,1.20043e+09,65.5789,108.628,1.10508e+07,2.18536e+07
2013-04-19,102489,1.31559e+09,61.1177,119.012,1.10543e+07,4.10168e+07
2013-04-20,73497,1.41774e+09,68.7017,128.208,1.10581e+07,1.19313e+07
2013-04-21,72721,1.31072e+09,78.5162,118.483,1.10625e+07,1.7348e+07
2013-04-22,90723,1.39784e+09,68.2555,126.314,1.10663e+07,9.8612e+06
2013-04-23,91871,1.57343e+09,74.9473,142.127,1.10705e+07,2.18442e+07
2013-04-24,103533,1.70696e+09,72.2706,154.133,1.10746e+07,4.6326e+07
2013-04-25,89506,1.56222e+09,76.7317,141.009,1.10789e+07,3.60691e+07
2013-04-26,86571,1.52072e+09,76.2856,137.21,1.10832e+07,2.24655e+07
2013-04-27,76128,1.42163e+09,65.5789,128.227,1.10868e+07,1.05774e+07
2013-04-28,119432,1.49315e+09,78.9623,134.624,1.10913e+07,5.8282e+06
2013-04-29,88358,1.59566e+09,77.624,143.81,1.10956e+07,1.39553e+07
2013-04-30,76703,1.54425e+09,73.2639,139.13,1.10993e+07,1.30279e+07
2013-05-01,83664,1.28922e+09,75.6352,116.114,1.11031e+07,3.10565e+07
2013-05-02,82318,1.18107e+09,67.12,106.341,1.11065e+07,3.36358e+07
2013-05-03,82210,1.07007e+09,68.6226,96.3168,1.11099e+07,3.06327e+07
2013-05-04,70341,1.25028e+09,79.6423,112.498,1.11139e+07,1.88796e+07
2013-05-05,72046,1.29512e+09,82.6477,116.489,1.1118e+07,1.34493e+07
2013-05-06,84314,1.247e+09,83.1486,112.119,1.11221e+07,2.25114e+07
2013-05-07,111196,1.2418e+09,84.1504,111.609,1.11263e+07,1.95195e+07
2013-05-08,101126,1.25926e+09,82.6477,113.136,1.11305e+07,1.06153e+07
2013-05-09,82877,1.24679e+09,82.1468,111.975,1.11346e+07,4.82813e+06
2013-05-10,84004,1.31094e+09,86.154,117.691,1.11389e+07,1.25295e+07
2013-05-11,81104,1.28706e+09,91.1629,115.5,1.11434e+07,4.55131e+06
2013-05-12,69104,1.2807e+09,86.3042,114.886,1.11476e+07,3.35222e+06
2013-05-13,82986,1.30929e+09,96.7652,117.404,1.1152e+07,4.3365e+06
2013-05-14,84579,1.20333e+09,85.6427,107.866,1.11558e+07,1.41667e+07
2013-05-15,83911,1.21622e+09,78.4131,108.987,1.11593e+07,1.67359e+07
2013-05-16,84369,1.26051e+09,82.306,112.918,1.1163e+07,7.54409e+06
2013-05-17,78514,1.30972e+09,89.5356,117.285,1.11671e+07,1.33759e+07
2013-05-18,68752,1.32005e+09,82.8621,118.17,1.11708e+07,4.16205e+06
2013-05-19,63144,1.30782e+09,86.755,117.034,1.11747e+07,3.50533e+06
2013-05-20,72183,1.31697e+09,71.7397,117.819,1.11779e+07,3.49248e+06
2013-05-21,82257,1.31108e+09,83.9744,117.252,1.11817e+07,2.91841e+06
2013-05-22,75632,1.33084e+09,86.755,118.978,1.11856e+07,3.99733e+06
2013-05-23,82761,1.38449e+09,96.7652,123.726,1.11899e+07,5.20416e+06
2013-05-24,83234,1.44372e+09,93.9845,128.971,1.11942e+07,1.06059e+07
2013-05-25,69552,1.44284e+09,94.1615,128.845,1.11983e+07,3.63618e+06
2013-05-26,69609,1.45808e+09,98.4763,130.159,1.12024e+07,4.37482e+06
2013-05-27,74785,1.41646e+09,106.33,126.393,1.12068e+07,8.97918e+06
2013-05-28,77841,1.41148e+09,95.4556,125.905,1.12107e+07,4.73269e+06
2013-05-29,79692,1.45306e+09,101.497,129.565,1.12149e+07,4.9888e+06
2013-05-30,77410,1.4194e+09,108.143,126.513,1.12194e+07,5.52488e+06
2013-05-31,75957,1.43458e+09,105.726,127.816,1.12238e+07,3.55157e+06
2013-06-01,66565,1.44621e+09,128.684,128.791,1.12291e+07,1.59674e+06
2013-06-02,66768,1.3776e+09,120.226,122.627,1.12341e+07,1.72489e+07
2013-06-03,79951,1.38187e+09,128.684,122.949,1.12394e+07,6.12326e+06
2013-06-04,78923,1.3515e+09,128.684,120.19,1.12447e+07,5.25142e+06
2013-06-05,78551,1.3597e+09,124.034,120.87,1.12493e+07,3.24735e+06
2013-06-06,73112,1.33981e+09,140.413,119.054,1.12538e+07,4.04302e+06
2013-06-07,74130,1.24059e+09,124.897,110.198,1.12579e+07,1.21691e+07
2013-06-08,57561,1.22961e+09,140.413,109.179,1.12624e+07,3.18558e+06
2013-06-09,56850,1.12555e+09,123.346,99.9036,1.12664e+07,2.20282e+07
2013-06-10,61027,1.17618e+09,134.982,104.358,1.12707e+07,9.94053e+06
2013-06-11,66039,1.21217e+09,139.637,107.508,1.12752e+07,3.15836e+06
2013-06-12,64507,1.19998e+09,157.479,106.378,1.12803e+07,3.75812e+06
2013-06-13,67482,1.14343e+09,144.291,101.324,1.12849e+07,5.56606e+06
2013-06-14,74179,1.12006e+09,139.637,99.2132,1.12894e+07,5.83575e+06
2013-06-15,53859,1.12797e+09,134.207,99.875,1.12938e+07,3.45172e+06
2013-06-16,49113,1.11897e+09,147.599,99.0384,1.12984e+07,1.53907e+06
2013-06-17,57059,1.13163e+09,139.397,100.126,1.1302e+07,2.59279e+06
2013-06-18,63396,1.17904e+09,134.59,104.289,1.13055e+07,9.09062e+06
2013-06-19,69066,1.18084e+09,130.745,104.417,1.13089e+07,3.11836e+06
2013-06-20,69393,1.18019e+09,148.049,104.323,1.13128e+07,7.03886e+06
2013-06-21,67982,1.14773e+09,161.508,101.417,1.1317e+07,7.14031e+06
2013-06-22,58423,1.13258e+09,169.199,100.04,1.13214e+07,1.46105e+06
2013-06-23,51312,1.13611e+09,158.624,100.315,1.13255e+07,1.65377e+06
2013-06-24,65308,1.12211e+09,144.204,99.0457,1.13292e+07,4.99222e+06
2013-06-25,61404,1.10876e+09,150.933,97.8328,1.13332e+07,1.12135e+07
2013-06-26,66298,1.11847e+09,167.277,98.6517,1.13375e+07,2.44188e+06
2013-06-27,59748,1.09792e+09,160.547,96.8039,1.13417e+07,2.45885e+06
2013-06-28,69884,1.0146e+09,162.47,89.4245,1.13459e+07,8.28404e+06
2013-06-29,60173,1.00786e+09,170.011,88.7973,1.13501e+07,3.41826e+06
2013-06-30,49735,1.01596e+09,162.269,89.4809,1.1354e+07,1.2772e+06
2013-07-01,68318,9.41201e+08,166.512,82.8676,1.13579e+07,8.11627e+06
2013-07-02,64222,9.97746e+08,162.269,87.8165,1.13617e+07,4.24833e+06
2013-07-03,65913,8.83064e+08,195.148,77.6913,1.13663e+07,9.95062e+06
2013-07-04,60723,8.99798e+08,174.997,79.1349,1.13704e+07,8.34847e+06
2013-07-05,60477,7.67223e+08,197.269,67.4476,1.13751e+07,1.1051e+07
2013-07-06,55911,7.54953e+08,198.329,66.3417,1.13798e+07,5.10905e+06
2013-07-07,49774,8.20925e+08,197.269,72.1095,1.13844e+07,4.3118e+06
2013-07-08,63707,8.42672e+08,203.632,73.9886,1.13892e+07,7.37457e+06
2013-07-09,67007,8.53306e+08,196.208,74.8919,1.13938e+07,4.65729e+06
2013-07-10,65740,9.69047e+08,207.534,85.0137,1.13987e+07,8.81129e+06
2013-07-11,73389,9.9774e+08,226.298,87.4975,1.14031e+07,5.72181e+06
2013-07-12,79838,1.02716e+09,200.287,90.0467,1.14069e+07,1.58041e+07
2013-07-13,61884,1.04515e+09,204.188,91.5926,1.14108e+07,4.46884e+06
2013-07-14,46805,1.02613e+09,223.697,89.8923,1.14151e+07,2.03461e+06
2013-07-15,63555,1.07108e+09,213.292,93.7962,1.14192e+07,5.51099e+06
2013-07-16,67361,1.04845e+09,213.292,91.781,1.14233e+07,3.47502e+06
2013-07-17,62286,1.0403e+09,239.304,91.0314,1.14279e+07,3.17345e+06
2013-07-18,62207,9.71279e+08,209.391,84.9617,1.1432e+07,8.77314e+06
2013-07-19,58937,9.86248e+08,222.396,86.2388,1.14362e+07,3.9651e+06
2013-07-20,53871,9.71456e+08,241.905,84.9109,1.14409e+07,1.49293e+06
2013-07-21,49487,9.80503e+08,258.812,85.6644,1.14459e+07,1.36822e+06
2013-07-22,60370,9.80681e+08,224.216,85.649,1.145e+07,1.97055e+06
2013-07-23,65040,9.96193e+08,219.085,86.9771,1.14535e+07,4.62793e+06
2013-07-24,65575,1.01e+09,247.053,88.1517,1.14575e+07,2.68367e+06
2013-07-25,66060,1.03341e+09,226.854,90.1661,1.14611e+07,3.90355e+06
2013-07-26,63241,1.03169e+09,254.822,89.984,1.14652e+07,2.03539e+06
2013-07-27,51388,1.01123e+09,281.236,88.1653,1.14698e+07,1.96224e+06
2013-07-28,50927,1.06416e+09,261.037,92.7458,1.1474e+07,5.8529e+06
2013-07-29,66163,1.07092e+09,276.575,93.2987,1.14784e+07,4.30348e+06
2013-07-30,71863,1.10997e+09,306.097,96.6596,1.14833e+07,5.22738e+06
2013-07-31,80412,1.12611e+09,295.22,98.0244,1.14881e+07,8.5322e+06
2013-08-01,113593,1.10981e+09,275.021,96.568,1.14925e+07,2.96631e+06
2013-08-02,75758,1.1046e+09,298.328,96.0745,1.14973e+07,5.48007e+06
2013-08-03,58781,1.09848e+09,290.071,95.5067,1.15016e+07,1.66478e+06
2013-08-04,61806,1.10879e+09,332.726,96.3655,1.1506e+07,1.19822e+06
2013-08-05,71751,1.12261e+09,351.314,97.5271,1.15108e+07,3.77669e+06
2013-08-06,71609,1.12473e+09,353.173,97.6712,1.15155e+07,2.85007e+06
2013-08-07,76654,1.11808e+09,345.738,97.0542,1.15202e+07,1.96109e+06
2013-08-08,71239,1.08634e+09,381.055,94.2573,1.15253e+07,4.53208e+06
2013-08-09,65764,1.06623e+09,362.467,92.4728,1.15302e+07,3.31798e+06
2013-08-10,57919,1.07618e+09,390.349,93.2936,1.15354e+07,896122
2013-08-11,54441,1.08797e+09,401.502,94.2713,1.15408e+07,1.23322e+06
2013-08-12,104031,1.10205e+09,401.502,95.4465,1.15462e+07,3.3362e+06
2013-08-13,76972,1.12919e+09,365.507,97.7591,1.15508e+07,4.0425e+06
2013-08-14,76346,1.14535e+09,424.334,99.1213,1.1555e+07,9.84278e+06
2013-08-15,74632,1.13403e+09,429.385,98.1063,1.15592e+07,3.13046e+06
2013-08-16,82397,1.13658e+09,424.334,98.291,1.15634e+07,2.9216e+06
2013-08-17,62108,1.15254e+09,479.901,99.6305,1.15682e+07,2.33611e+06
2013-08-18,57869,1.14779e+09,490.004,99.178,1.1573e+07,1.86106e+06
2013-08-19,77962,1.18998e+09,447.066,102.784,1.15775e+07,1.0617e+07
2013-08-20,79492,1.21034e+09,479.901,104.5,1.15822e+07,5.18543e+06
2013-08-21,85074,1.28387e+09,495.056,110.802,1.15871e+07,8.18466e+06
2013-08-22,81577,1.26965e+09,545.572,109.523,1.15925e+07,3.79892e+06
2013-08-23,81517,1.24901e+09,495.056,107.698,1.15974e+07,4.25899e+06
2013-08-24,63858,1.26326e+09,514.207,108.883,1.1602e+07,2.04527e+06
2013-08-25,69624,1.31241e+09,493.536,113.083,1.16058e+07,2.83022e+06
2013-08-26,75443,1.30168e+09,542.563,112.118,1.16099e+07,3.59764e+06
2013-08-27,95082,1.36768e+09,552.369,117.76,1.16141e+07,1.18614e+07
2013-08-28,84528,1.37468e+09,581.785,118.317,1.16186e+07,3.7944e+06
2013-08-29,74770,1.38126e+09,617.738,118.836,1.16233e+07,2.99771e+06
2013-08-30,88736,1.45222e+09,670.033,124.885,1.16284e+07,1.13696e+07
2013-08-31,87612,1.49355e+09,728.865,128.378,1.1634e+07,9.91028e+06
2013-09-01,57043,1.51938e+09,722.328,130.536,1.16395e+07,4.00559e+06
2013-09-02,63738,1.50878e+09,702.717,129.565,1.16449e+07,4.28399e+06
2013-09-03,72441,1.50495e+09,634.08,129.183,1.16498e+07,5.21573e+06
2013-09-04,75781,1.42794e+09,667.543,122.529,1.16538e+07,8.30945e+06
2013-09-05,70530,1.42663e+09,773.542,122.37,1.16583e+07,7.45476e+06
2013-09-06,75818,1.37461e+09,799.471,117.861,1.16629e+07,6.00766e+06
2013-09-07,60406,1.39783e+09,626.612,119.815,1.16666e+07,3.64372e+06
2013-09-08,55602,1.37779e+09,678.47,118.057,1.16705e+07,2.14075e+06
2013-09-09,75151,1.41577e+09,877.257,121.259,1.16756e+07,8.12645e+06
2013-09-10,70346,1.42752e+09,825.4,122.216,1.16803e+07,3.32367e+06
2013-09-11,74178,1.48507e+09,864.293,127.088,1.16853e+07,1.00432e+07
2013-09-12,78649,1.48215e+09,920.472,126.781,1.16907e+07,5.76965e+06
2013-09-13,65832,1.49013e+09,881.579,127.408,1.16958e+07,5.08837e+06
2013-09-14,53427,1.45503e+09,951.02,124.348,1.17012e+07,2.91614e+06
2013-09-15,54408,1.46411e+09,1013.38,125.076,1.17057e+07,1.98338e+06
2013-09-16,70731,1.4778e+09,862.215,126.205,1.17096e+07,3.16164e+06
2013-09-17,73646,1.48648e+09,1002.18,126.897,1.17141e+07,3.05207e+06
2013-09-18,77986,1.48708e+09,923.801,126.904,1.17182e+07,3.75079e+06
2013-09-19,80008,1.45577e+09,1063.77,124.181,1.17229e+07,5.76496e+06
2013-09-20,75867,1.44162e+09,1119.76,122.922,1.17279e+07,3.7633e+06
2013-09-21,66018,1.44908e+09,1058.17,123.508,1.17327e+07,1.40735e+06
2013-09-22,64347,1.44521e+09,1136.56,123.125,1.17377e+07,1.75515e+06
2013-09-23,80171,1.44281e+09,1175.75,122.866,1.1743e+07,2.18392e+06
2013-09-24,78410,1.45441e+09,1186.94,123.797,1.17483e+07,2.97486e+06
2013-09-25,79801,1.45289e+09,1297.28,123.614,1.17534e+07,3.07945e+06
2013-09-26,77792,1.46599e+09,1198.45,124.686,1.17575e+07,2.17459e+06
2013-09-27,77735,1.48912e+09,1316.82,126.605,1.17619e+07,6.79156e+06
2013-09-28,68961,1.49193e+09,1309.42,126.797,1.17664e+07,3.3625e+06
2013-09-29,70490,1.49615e+09,1257.63,127.109,1.17706e+07,4.5439e+06
2013-09-30,80461,1.48467e+09,1205.85,126.09,1.17747e+07,4.63049e+06
2013-10-01,91102,1.50276e+09,1383.4,127.575,1.17794e+07,2.93544e+06
2013-10-02,104703,1.22679e+09,1412.99,104.105,1.17841e+07,2.84926e+07
2013-10-03,90980,1.38611e+09,1472.17,117.575,1.17891e+07,9.43435e+06
2013-10-04,76881,1.438e+09,1331.61,121.93,1.17936e+07,5.62757e+06
2013-10-05,65561,1.43233e+09,1620.13,121.393,1.17991e+07,1.3221e+06
2013-10-06,61903,1.44566e+09,1519.45,122.475,1.18037e+07,1.42277e+06
2013-10-07,78360,1.46304e+09,1467.84,123.907,1.18076e+07,3.44262e+06
2013-10-08,75010,1.4737e+09,1524.29,124.767,1.18117e+07,3.32594e+06
2013-10-09,79805,1.48804e+09,1674.84,125.934,1.18161e+07,6.43305e+06
2013-10-10,81804,1.49776e+09,1806.57,126.705,1.18209e+07,3.75866e+06
2013-10-11,78192,1.50486e+09,1740.71,127.255,1.18255e+07,2.57468e+06
2013-10-12,76060,1.51259e+09,2013.57,127.851,1.18309e+07,3.2467e+06
2013-10-13,77953,1.56733e+09,2079.44,132.416,1.18364e+07,5.71923e+06
2013-10-14,83416,1.60278e+09,2352.31,135.339,1.18427e+07,1.04834e+07
2013-10-15,86235,1.67658e+09,2446.4,141.494,1.18492e+07,7.70292e+06
2013-10-16,92582,1.6398e+09,2315.22,138.328,1.18544e+07,1.43483e+07
2013-10-17,82808,1.70464e+09,2222.6,143.747,1.18586e+07,6.21241e+06
2013-10-18,84996,1.81244e+09,2555.33,152.776,1.18634e+07,1.1122e+07
2013-10-19,96934,1.96755e+09,2967.91,165.773,1.1869e+07,2.25384e+07
2013-10-20,69040,1.97701e+09,2648.49,166.5,1.18739e+07,3.99084e+06
2013-10-21,97064,2.1372e+09,2808.2,179.911,1.18792e+07,1.3818e+07
2013-10-22,110677,2.263e+09,3260.7,190.403,1.18853e+07,1.94798e+07
2013-10-23,108316,2.43288e+09,2941.29,204.6,1.18909e+07,1.8538e+07
2013-10-24,111952,2.31275e+09,2861.43,194.41,1.18962e+07,4.30279e+07
2013-10-25,100894,2.20955e+09,3127.61,185.644,1.19021e+07,1.79058e+07
2013-10-26,72893,2.14092e+09,3408.23,179.808,1.19067e+07,5.51743e+06
2013-10-27,66108,2.31727e+09,3478.54,194.546,1.19111e+07,6.33454e+06
2013-10-28,86585,2.33871e+09,3400.81,196.275,1.19155e+07,6.20136e+06
2013-10-29,86798,2.43668e+09,3109.31,204.428,1.19195e+07,7.49992e+06
2013-10-30,96056,2.35984e+09,3789.47,197.901,1.19244e+07,1.18405e+07
2013-10-31,95791,2.42511e+09,4100.4,203.284,1.19297e+07,5.28834e+06
2013-11-01,86825,2.42322e+09,4042.1,203.037,1.19349e+07,2.83072e+06
2013-11-02,78835,2.44521e+09,3925.5,204.793,1.19399e+07,3.4975e+06
2013-11-03,81991,2.51168e+09,3731.17,210.275,1.19447e+07,6.91778e+06
2013-11-04,102736,2.73396e+09,3789.47,228.791,1.19496e+07,1.40662e+07
2013-11-05,118752,2.91248e+09,3596.12,243.642,1.19539e+07,2.96776e+07
2013-11-06,133026,3.14746e+09,4139.95,263.21,1.1958e+07,2.96518e+07
2013-11-07,129067,3.47035e+09,3657.38,290.124,1.19616e+07,5.53098e+07
2013-11-08,131772,3.99331e+09,3403.39,333.751,1.1965e+07,3.88046e+07
2013-11-09,129648,3.96224e+09,3758.97,331.051,1.19687e+07,4.86952e+07
2013-11-10,114440,3.92184e+09,4343.14,327.559,1.19729e+07,5.9933e+07
2013-11-11,115536,4.1047e+09,4749.51,342.698,1.19776e+07,2.02322e+07
2013-11-12,116498,4.24959e+09,5105.09,354.645,1.19826e+07,2.18208e+07
2013-11-13,125199,4.72886e+09,4266.94,394.504,1.19868e+07,3.83299e+07
2013-11-14,132404,4.9969e+09,4647.92,416.706,1.19914e+07,3.76356e+07
2013-11-15,119399,4.89897e+09,4216.14,408.399,1.19956e+07,3.61694e+07
2013-11-16,103125,5.22976e+09,4927.3,435.798,1.20004e+07,2.27569e+07
2013-11-17,109082,5.8265e+09,5042.55,485.337,1.20051e+07,3.33581e+07
2013-11-18,171380,7.89924e+09,4726.42,657.779,1.2009e+07,1.02032e+08
2013-11-19,205240,6.56964e+09,4877.91,546.878,1.2013e+07,1.54101e+08
2013-11-20,161122,7.15424e+09,4968.8,595.339,1.20171e+07,1.10077e+08
2013-11-21,192640,8.66419e+09,4544.63,720.764,1.20208e+07,6.74501e+07
2013-11-22,168639,9.65519e+09,5211.18,802.917,1.20251e+07,5.61085e+07
2013-11-23,146167,1.00361e+10,5150.58,834.295,1.20294e+07,4.88714e+07
2013-11-24,123964,9.71311e+09,5089.99,807.167,1.20336e+07,4.9805e+07
2013-11-25,143350,9.82587e+09,5241.48,816.243,1.20379e+07,5.14933e+07
2013-11-26,187706,1.10315e+10,4817.31,916.097,1.20419e+07,7.06339e+07
2013-11-27,192515,1.15994e+10,5241.48,962.911,1.20462e+07,8.72096e+07
2013-11-28,201832,1.21398e+10,5483.86,1007.39,1.20507e+07,1.00884e+08
2013-11-29,188994,1.36069e+10,5480,1128.73,1.20551e+07,8.75837e+07
2013-11-30,163385,1.34981e+10,6189.12,1119.3,1.20595e+07,4.14188e+07
2013-12-01,164939,1.16359e+10,6857.26,964.486,1.20643e+07,1.87994e+08
2013-12-02,179818,1.25608e+10,5591.31,1040.81,1.20683e+07,8.84954e+07
2013-12-03,173471,1.27207e+10,7033.09,1053.62,1.20733e+07,4.52977e+07
2013-12-04,186429,1.37072e+10,6013.29,1134.93,1.20776e+07,4.78293e+07
2013-12-05,185882,1.2413e+10,5978.13,1027.41,1.20818e+07,1.53878e+08
2013-12-06,165974,9.96675e+09,7314.41,824.582,1.2087e+07,1.32967e+08
2013-12-07,148012,8.50967e+09,6857.26,703.748,1.20919e+07,1.72316e+08
2013-12-08,115670,9.47872e+09,6857.26,783.573,1.20968e+07,5.69263e+07
2013-12-09,156514,1.08436e+10,6189.12,896.079,1.21012e+07,7.67838e+07
2013-12-10,157623,1.18296e+10,7450.99,977.165,1.2106e+07,5.91404e+07
2013-12-11,151130,1.0602e+10,7450.47,875.464,1.21101e+07,6.96086e+07
2013-12-12,129116,1.05796e+10,7360.16,873.325,1.21142e+07,3.22056e+07
2013-12-13,146944,1.06541e+10,7856.86,879.156,1.21185e+07,4.03075e+07
2013-12-14,147850,1.03396e+10,8940.56,852.856,1.21235e+07,2.11619e+07
2013-12-15,141277,1.04793e+10,7992.32,864.062,1.21279e+07,3.42097e+07
2013-12-16,180233,8.22485e+09,9076.03,677.894,1.21329e+07,1.03554e+08
2013-12-17,156115,8.28573e+09,9166.34,682.627,1.2138e+07,7.34197e+07
2013-12-18,181410,6.38868e+09,8985.72,526.121,1.2143e+07,1.90399e+08
2013-12-19,157818,8.3282e+09,10204.9,685.525,1.21486e+07,9.4215e+07
2013-12-20,158569,7.29449e+09,8037.48,600.217,1.21531e+07,7.23108e+07
2013-12-21,124307,7.2582e+09,8611.27,597.034,1.21571e+07,3.04139e+07
2013-12-22,124146,7.47938e+09,9920.98,615.013,1.21613e+07,2.88855e+07
2013-12-23,151062,8.00408e+09,10038.4,657.927,1.21656e+07,2.51908e+07
2013-12-24,132367,7.91849e+09,9920.98,650.665,1.21698e+07,2.11919e+07
2013-12-25,127600,8.25743e+09,9510.05,678.29,1.21739e+07,1.1619e+07
2013-12-26,124049,9.13375e+09,10566.7,749.997,1.21784e+07,5.52187e+07
2013-12-27,128876,8.80307e+09,10801.5,722.571,1.2183e+07,3.32677e+07
2013-12-28,112555,8.72391e+09,8805.6,715.852,1.21867e+07,3.17771e+07
2013-12-29,129208,8.86612e+09,9862.27,727.271,1.21909e+07,1.97886e+07
2013-12-30,152090,8.97257e+09,10155.8,735.742,1.21953e+07,2.11872e+07
2013-12-31,118420,8.9005e+09,10801.5,729.558,1.21999e+07,2.36587e+07
2014-01-01,96516,9.18309e+09,12034.3,752.405,1.2205e+07,2.5911e+07
2014-01-02,138928,9.583e+09,9425.14,784.955,1.22083e+07,3.62193e+07
2014-01-03,143832,9.8581e+09,11352.6,807.223,1.22124e+07,3.48655e+07
2014-01-04,116229,1.01221e+10,9942.35,828.602,1.22159e+07,3.3036e+07
2014-01-05,134802,1.1029e+10,13609,902.487,1.22207e+07,6.74482e+07
2014-01-06,179999,1.11796e+10,13115.4,914.46,1.22254e+07,7.68356e+07
2014-01-07,141665,9.82482e+09,12480.8,803.352,1.22298e+07,7.80335e+07
2014-01-08,146348,1.00408e+10,13609,820.69,1.22346e+07,5.35883e+07
2014-01-09,134908,1.01754e+10,14596.2,831.335,1.22398e+07,5.01687e+07
2014-01-10,128371,1.04482e+10,13185.9,853.299,1.22445e+07,2.51634e+07
2014-01-11,130495,1.08968e+10,14807.7,889.556,1.22497e+07,3.64199e+07
2014-01-12,115119,1.03577e+10,14596.2,845.191,1.22549e+07,3.14326e+07
2014-01-13,153853,1.00877e+10,14628.2,822.877,1.22591e+07,3.85827e+07
2014-01-14,129226,9.99808e+09,14411.3,815.294,1.22632e+07,1.66727e+07
2014-01-15,135647,1.03183e+10,16368.4,841.09,1.22678e+07,2.40603e+07
2014-01-16,130689,1.00125e+10,16457.4,815.855,1.22724e+07,1.5892e+07
2014-01-17,128915,9.73293e+09,13521.7,792.83,1.22762e+07,3.46412e+07
2014-01-18,106009,9.94458e+09,15478.8,809.784,1.22805e+07,1.37733e+07
2014-01-19,108623,1.02999e+10,15034,838.428,1.22848e+07,2.08688e+07
2014-01-20,180527,1.01867e+10,17347,828.885,1.22896e+07,2.24406e+07
2014-01-21,160288,1.01278e+10,14767.2,823.818,1.22938e+07,1.61375e+07
2014-01-22,150333,1.00723e+10,17080.1,818.976,1.22986e+07,1.4979e+07
2014-01-23,149895,9.97679e+09,15745.7,810.922,1.2303e+07,1.09478e+07
2014-01-24,144338,9.61287e+09,18340.7,781.043,1.23077e+07,2.8931e+07
2014-01-25,125411,9.9037e+09,17994.4,804.403,1.23119e+07,2.0371e+07
2014-01-26,125376,1.00311e+10,16576.6,814.499,1.23157e+07,3.08594e+07
2014-01-27,171032,9.15009e+09,18975.9,742.701,1.232e+07,4.2391e+07
2014-01-28,158602,9.73803e+09,16794.7,790.176,1.23239e+07,3.81994e+07
2014-01-29,142119,9.78058e+09,16576.6,793.384,1.23277e+07,1.59657e+07
2014-01-30,151474,9.85917e+09,19194,799.474,1.23321e+07,2.3606e+07
2014-01-31,146489,9.90927e+09,20066.4,803.238,1.23367e+07,1.38723e+07
2014-02-01,138630,1.00363e+10,20611.7,813.22,1.23414e+07,1.5867e+07
2014-02-02,132242,1.00557e+10,20284.6,814.491,1.2346e+07,8.54002e+06
2014-02-03,175731,9.96687e+09,19739.3,806.997,1.23506e+07,1.04027e+07
2014-02-04,166548,9.88486e+09,18757.8,800.078,1.23549e+07,1.45073e+07
2014-02-05,156535,9.69536e+09,20723.2,784.474,1.23591e+07,1.90399e+07
2014-02-06,162066,9.44048e+09,23716.6,763.569,1.23636e+07,5.22449e+07
2014-02-07,169400,8.80035e+09,20198.2,711.571,1.23675e+07,1.2218e+08
2014-02-08,144461,8.38431e+09,23716.6,677.682,1.2372e+07,3.62365e+07
2014-02-09,130842,8.50699e+09,17982.9,687.406,1.23755e+07,3.52567e+07
2014-02-10,170337,8.48555e+09,20328.5,685.457,1.23794e+07,1.03892e+08
2014-02-11,155297,8.32046e+09,21371,671.9,1.23835e+07,6.55797e+07
2014-02-12,212833,8.09881e+09,23195.3,653.766,1.23879e+07,3.32898e+07
2014-02-13,167617,7.59552e+09,23195.3,612.918,1.23924e+07,4.65739e+07
2014-02-14,175329,8.29108e+09,24889.3,668.789,1.23972e+07,1.08391e+08
2014-02-15,151828,8.11548e+09,24368.1,654.377,1.24018e+07,4.29701e+07
2014-02-16,135691,7.73249e+09,25486.4,623.25,1.24067e+07,5.97558e+07
2014-02-17,173737,7.83523e+09,24113.6,631.335,1.24106e+07,4.50247e+07
2014-02-18,154278,7.78737e+09,25358.2,627.272,1.24147e+07,3.35476e+07
2014-02-19,181354,7.74416e+09,31114.4,623.54,1.24197e+07,2.14478e+07
2014-02-20,179241,7.00431e+09,27536.2,563.769,1.24241e+07,5.78663e+07
2014-02-21,180043,7.21221e+09,23646.9,580.324,1.24279e+07,4.61836e+07
2014-02-22,152477,7.54801e+09,28002.9,607.125,1.24324e+07,3.51396e+07
2014-02-23,162703,7.58734e+09,26136.1,610.082,1.24366e+07,3.74871e+07
2014-02-24,217723,6.74654e+09,29714.2,542.267,1.24414e+07,7.2647e+07
2014-02-25,209042,6.6422e+09,25047.1,533.708,1.24454e+07,1.07719e+08
2014-02-26,198825,7.31535e+09,28625.2,587.579,1.245e+07,5.14729e+07
2014-02-27,186867,7.2909e+09,29247.5,585.394,1.24547e+07,1.77983e+07
2014-02-28,202531,6.8687e+09,31126,551.295,1.24592e+07,2.24763e+07
2014-03-01,174849,7.07307e+09,27314,567.534,1.24628e+07,1.31683e+07
2014-03-02,161296,6.96278e+09,26555.3,558.528,1.24663e+07,5.69036e+06
2014-03-03,239106,8.43604e+09,28072.7,676.506,1.247e+07,7.56273e+07
2014-03-04,230183,8.41368e+09,28262.4,674.511,1.24737e+07,3.80655e+07
2014-03-05,204980,8.36425e+09,29590.2,670.339,1.24776e+07,1.49215e+07
2014-03-06,191203,8.33437e+09,32814.8,667.713,1.2482e+07,1.23762e+07
2014-03-07,181365,7.88836e+09,31487,631.77,1.24861e+07,2.57101e+07
2014-03-08,171767,7.76303e+09,31866.4,621.524,1.24903e+07,1.32671e+07
2014-03-09,172480,8.0039e+09,33952.8,640.579,1.24948e+07,1.16823e+07
2014-03-10,209703,7.85096e+09,28262.4,628.151,1.24985e+07,1.61732e+07
2014-03-11,192707,7.92339e+09,31866.4,633.734,1.25027e+07,8.58539e+06
2014-03-12,201998,7.9377e+09,34521.9,634.647,1.25073e+07,1.36636e+07
2014-03-13,198172,8.05018e+09,34076.1,643.432,1.25113e+07,6.97224e+06
2014-03-14,185902,7.86306e+09,28100.2,628.309,1.25146e+07,9.61709e+06
2014-03-15,146037,7.96467e+09,34861.1,636.219,1.25188e+07,2.91563e+06
2014-03-16,141737,7.94172e+09,36128.8,634.169,1.2523e+07,3.58502e+06
2014-03-17,187013,7.80136e+09,34016,622.76,1.25271e+07,8.70212e+06
2014-03-18,145860,7.69774e+09,30846.8,614.31,1.25307e+07,1.5042e+07
2014-03-19,162108,7.65258e+09,33804.7,610.511,1.25347e+07,7.53878e+06
2014-03-20,170768,7.35555e+09,37396.5,586.608,1.25391e+07,1.22894e+07
2014-03-21,185393,7.14613e+09,39298,569.695,1.25438e+07,2.52825e+07
2014-03-22,171832,7.08588e+09,35917.5,564.7,1.2548e+07,1.20466e+07
2014-03-23,149492,7.01683e+09,45213.8,558.959,1.25534e+07,6.46561e+06
2014-03-24,189786,7.34677e+09,40096.7,585.023,1.25581e+07,1.3955e+07
2014-03-25,171509,7.33334e+09,39076.1,583.771,1.2562e+07,8.22857e+06
2014-03-26,166155,7.27877e+09,39573.9,579.244,1.2566e+07,1.13222e+07
2014-03-27,186843,6.07352e+09,43058.4,483.164,1.25703e+07,4.9462e+07
2014-03-28,178365,6.2705e+09,43307.3,498.661,1.25747e+07,3.68903e+07
2014-03-29,146650,6.15765e+09,43556.2,489.517,1.2579e+07,6.44595e+06
2014-03-30,164718,5.77496e+09,34844.9,458.966,1.25825e+07,2.77544e+07
2014-03-31,172497,5.73158e+09,44800.6,455.355,1.2587e+07,2.0845e+07
2014-04-01,180851,6.03135e+09,42560.6,479.008,1.25913e+07,2.18882e+07
2014-04-02,176078,5.52989e+09,49031.8,439.011,1.25962e+07,3.03568e+07
2014-04-03,173295,5.66356e+09,50774,449.441,1.26013e+07,2.36852e+07
2014-04-04,177264,5.66927e+09,48534,449.72,1.26062e+07,1.22628e+07
2014-04-05,151868,5.82195e+09,47539.5,461.675,1.26105e+07,5.37365e+06
2014-04-06,185666,5.78532e+09,45936.2,458.633,1.26143e+07,4.10502e+06
2014-04-07,159482,5.66115e+09,45936.2,448.655,1.2618e+07,6.65775e+06
2014-04-08,166019,5.715e+09,40764.6,452.803,1.26214e+07,5.4584e+06
2014-04-09,176284,5.59101e+09,48978.3,442.838,1.26254e+07,6.11914e+06
2014-04-10,185474,4.63384e+09,47153.1,366.912,1.26293e+07,3.96333e+07
2014-04-11,166924,5.33063e+09,51412,421.944,1.26335e+07,3.34799e+07
2014-04-12,131975,5.36178e+09,48978.3,424.274,1.26375e+07,9.80787e+06
2014-04-13,172422,5.26374e+09,56887.9,416.362,1.26422e+07,9.39674e+06
2014-04-14,183076,5.83165e+09,58713.2,461.108,1.2647e+07,3.03324e+07
2014-04-15,201397,6.59926e+09,55366.8,521.615,1.26516e+07,3.06536e+07
2014-04-16,182765,6.7262e+09,48369.9,531.482,1.26556e+07,3.38087e+07
2014-04-17,159399,6.32784e+09,53376.6,499.838,1.26598e+07,2.08041e+07
2014-04-18,147495,6.11686e+09,55507.2,483.02,1.26638e+07,1.10717e+07
2014-04-19,140534,6.38918e+09,55160.3,504.366,1.26678e+07,1.04972e+07
2014-04-20,162905,6.35584e+09,61751.8,501.557,1.26722e+07,6.0475e+06
2014-04-21,146354,6.31396e+09,59323.3,498.085,1.26765e+07,9.09472e+06
2014-04-22,179152,6.20707e+09,53425.7,489.504,1.26803e+07,6.68398e+06
2014-04-23,159425,6.22342e+09,57241.8,490.633,1.26845e+07,5.70652e+06
2014-04-24,162087,6.38589e+09,52384.9,503.292,1.26882e+07,7.29148e+06
2014-04-25,180567,5.92025e+09,63139.5,466.426,1.26928e+07,3.12258e+07
2014-04-26,132791,5.83074e+09,56548,459.227,1.26969e+07,8.53053e+06
2014-04-27,170979,5.57217e+09,61404.9,438.709,1.27013e+07,8.43546e+06
2014-04-28,168952,5.6099e+09,52731.9,441.548,1.27051e+07,1.56531e+07
2014-04-29,168752,5.69011e+09,59983.8,447.71,1.27094e+07,1.06254e+07
2014-04-30,166313,5.70646e+09,54488.4,448.876,1.27128e+07,8.82164e+06
2014-05-01,154174,5.85238e+09,69999.7,460.195,1.27172e+07,7.53281e+06
2014-05-02,143085,5.75304e+09,64033.8,452.24,1.27212e+07,6.23525e+06
2014-05-03,116433,5.5859e+09,56477,438.979,1.27248e+07,7.31111e+06
2014-05-04,159490,5.55824e+09,60056.6,436.675,1.27285e+07,4.58878e+06
2014-05-05,144154,5.50438e+09,49715.7,432.338,1.27317e+07,6.5963e+06
2014-05-06,166298,5.47833e+09,77158.7,430.128,1.27365e+07,7.23102e+06
2014-05-07,162643,5.63363e+09,63238.4,442.183,1.27405e+07,1.17974e+07
2014-05-08,165833,5.61279e+09,66420.2,440.403,1.27447e+07,5.11443e+06
2014-05-09,161587,5.77141e+09,67613.3,452.698,1.27489e+07,6.07374e+06
2014-05-10,134895,5.82519e+09,71192.9,456.756,1.27534e+07,4.19207e+06
2014-05-11,166228,5.60187e+09,60454.3,439.114,1.27572e+07,9.38381e+06
2014-05-12,155388,5.63131e+09,68363.1,441.281,1.27613e+07,4.15629e+06
2014-05-13,147074,5.60406e+09,71297.1,439.006,1.27653e+07,4.24969e+06
2014-05-14,159121,5.68031e+09,66015.9,444.848,1.27691e+07,5.02108e+06
2014-05-15,176226,5.7092e+09,75258.1,446.962,1.27734e+07,4.16361e+06
2014-05-16,156212,5.73398e+09,79659.1,448.742,1.27779e+07,3.30842e+06
2014-05-17,150165,5.74206e+09,76138.3,449.222,1.27822e+07,1.99795e+06
2014-05-18,177463,5.71509e+09,75698.2,446.963,1.27865e+07,2.06477e+06
2014-05-19,181571,5.72263e+09,73937.8,447.405,1.27907e+07,3.65858e+06
2014-05-20,192586,6.27391e+09,77898.7,490.336,1.27951e+07,2.69341e+07
2014-05-21,157311,6.32211e+09,77018.5,493.933,1.27995e+07,8.69331e+06
2014-05-22,162838,6.74523e+09,75698.2,526.814,1.28038e+07,2.04159e+07
2014-05-23,177498,6.70751e+09,72617.4,523.699,1.28079e+07,2.2493e+07
2014-05-24,123811,6.76067e+09,73989.1,527.691,1.28118e+07,6.56883e+06
2014-05-25,187419,7.34747e+09,83680.8,573.312,1.28158e+07,3.2522e+07
2014-05-26,167687,7.49761e+09,82121.6,584.848,1.28198e+07,1.85882e+07
2014-05-27,182860,7.35958e+09,70686.9,573.928,1.28232e+07,2.43821e+07
2014-05-28,183061,7.42949e+09,87838.9,579.189,1.28274e+07,1.12111e+07
2014-05-29,169110,7.3181e+09,73285.7,570.349,1.28309e+07,1.02166e+07
2014-05-30,153948,7.96862e+09,86799.4,620.846,1.28351e+07,3.00788e+07
2014-05-31,144272,8.06136e+09,76404.2,627.892,1.28388e+07,1.16673e+07
2014-06-01,192380,8.09214e+09,90957.4,630.075,1.28431e+07,4.07823e+07
2014-06-02,175430,8.5247e+09,100313,663.506,1.2848e+07,2.92548e+07
2014-06-03,185339,8.64181e+09,92516.7,672.388,1.28524e+07,2.48416e+07
2014-06-04,172746,8.27842e+09,94076,643.887,1.28569e+07,3.15155e+07
2014-06-05,182268,8.50743e+09,80296.3,661.504,1.28607e+07,1.5363e+07
2014-06-06,173007,8.36345e+09,81234.6,650.133,1.28642e+07,9.23117e+06
2014-06-07,143378,8.45176e+09,90585.3,656.8,1.28681e+07,8.90167e+06
2014-06-08,172332,8.46712e+09,79481.3,657.82,1.28715e+07,4.617e+06
2014-06-09,162353,8.34758e+09,91169.7,648.336,1.28754e+07,1.01968e+07
2014-06-10,182372,8.38378e+09,97598.4,650.937,1.28796e+07,9.95825e+06
2014-06-11,173422,8.13561e+09,85325.5,631.489,1.28832e+07,1.57342e+07
2014-06-12,172729,7.62909e+09,100520,591.975,1.28875e+07,3.56967e+07
2014-06-13,173708,7.69686e+09,95260.7,597.045,1.28916e+07,2.30581e+07
2014-06-14,149660,7.42244e+09,104027,575.559,1.2896e+07,2.66798e+07
2014-06-15,177382,7.60791e+09,111040,589.725,1.29008e+07,1.51286e+07
2014-06-16,177312,7.62156e+09,109871,590.567,1.29055e+07,1.73541e+07
2014-06-17,184074,7.86328e+09,107534,609.08,1.29101e+07,1.10021e+07
2014-06-18,165353,7.84696e+09,103872,607.63,1.2914e+07,9.47081e+06
2014-06-19,158405,7.69605e+09,111761,595.751,1.29182e+07,7.36377e+06
2014-06-20,155204,7.64428e+09,124476,591.532,1.29229e+07,1.10746e+07
2014-06-21,152595,7.66297e+09,124476,592.764,1.29275e+07,5.72837e+06
2014-06-22,185446,7.75448e+09,120461,599.635,1.2932e+07,6.53885e+06
2014-06-23,162950,7.62669e+09,117784,589.552,1.29364e+07,7.83901e+06
2014-06-24,174440,7.50551e+09,125815,579.974,1.29411e+07,8.64337e+06
2014-06-25,174070,7.2786e+09,125146,562.237,1.29458e+07,1.19298e+07
2014-06-26,158966,7.52074e+09,114438,580.749,1.29501e+07,7.45894e+06
2014-06-27,166577,7.78126e+09,131838,600.638,1.2955e+07,1.17674e+07
2014-06-28,144471,7.70302e+09,121800,594.39,1.29595e+07,6.3466e+06
2014-06-29,175850,7.78897e+09,121251,600.841,1.29635e+07,3.42724e+06
2014-06-30,181598,8.28506e+09,110359,638.946,1.29668e+07,2.67216e+07
2014-07-01,185615,8.3392e+09,111195,642.957,1.29701e+07,2.16931e+07
2014-07-02,179686,8.44963e+09,114539,651.298,1.29735e+07,1.06212e+07
2014-07-03,158572,8.3885e+09,116211,646.413,1.2977e+07,8.55252e+06
2014-07-04,144187,8.18637e+09,138784,630.636,1.29811e+07,1.14527e+07
2014-07-05,126478,8.18659e+09,127080,630.468,1.29849e+07,4.19375e+06
2014-07-06,184532,8.24344e+09,118719,634.673,1.29885e+07,5.17878e+06
2014-07-07,189077,8.09228e+09,125408,622.855,1.29922e+07,9.96505e+06
2014-07-08,211510,8.12112e+09,125408,624.894,1.2996e+07,4.33853e+06
2014-07-09,187251,8.0853e+09,138784,621.939,1.30001e+07,5.08122e+06
2014-07-10,167058,8.01718e+09,124571,616.523,1.30039e+07,9.56849e+06
2014-07-11,169606,8.25335e+09,130424,634.494,1.30078e+07,8.11924e+06
2014-07-12,156338,8.28746e+09,131517,636.924,1.30117e+07,5.88642e+06
2014-07-13,185975,8.19827e+09,137887,629.876,1.30157e+07,5.23828e+06
2014-07-14,164790,8.06137e+09,116342,619.197,1.30191e+07,6.10246e+06
2014-07-15,176650,8.09948e+09,137025,621.935,1.3023e+07,5.78595e+06
2014-07-16,168305,8.02899e+09,124098,616.352,1.30266e+07,6.80021e+06
2014-07-17,173954,8.13469e+09,148228,624.259,1.30309e+07,6.88277e+06
2014-07-18,168626,8.22198e+09,148228,630.75,1.30352e+07,7.79085e+06
2014-07-19,148917,8.20421e+09,152537,629.173,1.30397e+07,3.02276e+06
2014-07-20,190961,8.15546e+09,133578,625.249,1.30435e+07,2.51313e+06
2014-07-21,161778,8.10643e+09,133578,621.305,1.30474e+07,5.18766e+06
2014-07-22,169127,8.08929e+09,122375,619.823,1.3051e+07,4.41337e+06
2014-07-23,174755,8.0909e+09,125822,619.773,1.30546e+07,5.05552e+06
2014-07-24,176149,7.87252e+09,123236,602.88,1.30582e+07,1.42394e+07
2014-07-25,177347,7.85798e+09,141655,601.579,1.30623e+07,6.56315e+06
2014-07-26,140817,7.77016e+09,124807,594.703,1.30656e+07,5.82078e+06
2014-07-27,182563,7.73156e+09,142503,591.575,1.30694e+07,4.80418e+06
2014-07-28,174637,7.68041e+09,139709,587.493,1.30732e+07,1.46685e+07
2014-07-29,170530,7.63839e+09,138778,584.112,1.30769e+07,6.16688e+06
2014-07-30,180476,7.36361e+09,160200,562.915,1.30812e+07,1.19742e+07
2014-07-31,177455,7.61519e+09,143435,581.976,1.30851e+07,1.45007e+07
2014-08-01,172169,7.80767e+09,146229,596.507,1.3089e+07,1.46834e+07
2014-08-02,141630,7.72173e+09,151817,589.757,1.30931e+07,4.65346e+06
2014-08-03,176087,7.68466e+09,143435,586.754,1.30969e+07,4.16146e+06
2014-08-04,172824,7.69774e+09,119218,587.608,1.31001e+07,6.27796e+06
2014-08-05,203179,7.62468e+09,125738,581.882,1.31035e+07,8.27348e+06
2014-08-06,196452,7.63187e+09,152749,582.248,1.31076e+07,8.60717e+06
2014-08-07,178997,7.684e+09,149023,586.047,1.31116e+07,7.89271e+06
2014-08-08,173005,7.72537e+09,153677,589.024,1.31155e+07,6.50828e+06
2014-08-09,152677,7.72745e+09,178499,588.979,1.31201e+07,2.87878e+06
2014-08-10,202330,7.73524e+09,173596,589.374,1.31245e+07,4.06686e+06
2014-08-11,190879,7.52875e+09,178499,573.441,1.31291e+07,1.04362e+07
2014-08-12,204689,7.46382e+09,170653,568.308,1.31334e+07,9.97809e+06
2014-08-13,195738,7.20396e+09,142211,548.37,1.3137e+07,2.71478e+07
2014-08-14,202135,6.63789e+09,176538,505.107,1.31415e+07,3.68425e+07
2014-08-15,200423,6.57708e+09,161826,500.323,1.31457e+07,2.04668e+07
2014-08-16,173929,6.86078e+09,154961,521.748,1.31496e+07,1.6045e+07
2014-08-17,201320,6.54753e+09,166730,497.765,1.31539e+07,1.39959e+07
2014-08-18,193767,6.17093e+09,194192,468.958,1.31588e+07,3.57799e+07
2014-08-19,187448,6.4079e+09,189173,486.794,1.31635e+07,2.29599e+07
2014-08-20,186763,6.78295e+09,200320,515.12,1.31677e+07,2.85248e+07
2014-08-21,193528,6.84023e+09,195579,519.308,1.31718e+07,2.01627e+07
2014-08-22,182975,6.80078e+09,186096,516.159,1.31757e+07,1.60199e+07
2014-08-23,151274,6.55201e+09,192023,497.126,1.31798e+07,1.0788e+07
2014-08-24,208310,6.70287e+09,173057,508.431,1.31834e+07,6.92695e+06
2014-08-25,181249,6.61467e+09,162390,501.61,1.31869e+07,8.23249e+06
2014-08-26,188274,6.75194e+09,205061,511.852,1.31912e+07,1.11671e+07
2014-08-27,189509,6.7318e+09,200320,510.162,1.31954e+07,9.76896e+06
2014-08-28,191762,6.68283e+09,205061,506.285,1.31997e+07,7.78745e+06
2014-08-29,165055,6.71907e+09,201505,508.867,1.3204e+07,7.52757e+06
2014-08-30,167970,6.62112e+09,215729,501.276,1.32085e+07,5.24683e+06
2014-08-31,191406,6.32269e+09,224266,478.511,1.32132e+07,1.47417e+07
2014-09-01,190403,6.27184e+09,185434,474.541,1.32166e+07,9.65709e+06
2014-09-02,191326,6.27212e+09,200432,474.431,1.32203e+07,9.48146e+06
2014-09-03,169050,6.26789e+09,230429,473.959,1.32245e+07,4.93356e+06
2014-09-04,180670,6.47608e+09,215431,489.555,1.32285e+07,1.17017e+07
2014-09-05,188565,6.33487e+09,197705,478.75,1.32321e+07,6.11221e+06
2014-09-06,152934,6.36207e+09,244064,480.642,1.32366e+07,2.91116e+06
2014-09-07,232778,6.33378e+09,211340,478.366,1.32405e+07,3.02401e+06
2014-09-08,196424,6.21114e+09,196342,468.975,1.32441e+07,1.58152e+07
2014-09-09,243692,6.27295e+09,199069,473.512,1.32477e+07,1.00372e+07
2014-09-10,221162,6.33135e+09,214067,477.778,1.32516e+07,1.15839e+07
2014-09-11,171772,6.32665e+09,231792,477.271,1.32559e+07,7.37752e+06
2014-09-12,166122,6.28508e+09,209977,473.997,1.32597e+07,5.77412e+06
2014-09-13,152145,6.3398e+09,250730,477.961,1.32643e+07,7.70764e+06
2014-09-14,240833,6.311e+09,234289,475.648,1.32682e+07,4.39973e+06
2014-09-15,190655,6.27316e+09,234289,472.656,1.32722e+07,6.82651e+06
2014-09-16,225014,6.16263e+09,253566,464.178,1.32764e+07,6.90913e+06
2014-09-17,191063,6.06069e+09,275809,456.34,1.32811e+07,1.19616e+07
2014-09-18,190890,5.67134e+09,265429,426.88,1.32856e+07,2.97297e+07
2014-09-19,172255,5.23479e+09,253566,393.894,1.32898e+07,2.856e+07
2014-09-20,169941,5.46448e+09,260981,411.041,1.32942e+07,2.33841e+07
2014-09-21,200712,5.32472e+09,243186,400.405,1.32983e+07,1.54237e+07
2014-09-22,206729,5.33274e+09,249118,400.882,1.33025e+07,9.82314e+06
2014-09-23,195635,5.8347e+09,222427,438.492,1.33063e+07,3.10046e+07
2014-09-24,189719,5.63953e+09,231324,423.7,1.33102e+07,1.43584e+07
2014-09-25,201394,5.45279e+09,261294,409.538,1.33145e+07,1.42793e+07
2014-09-26,180341,5.3977e+09,230886,405.298,1.33178e+07,1.03794e+07
2014-09-27,167251,5.33646e+09,230886,400.599,1.33212e+07,6.00788e+06
2014-09-28,234946,5.00399e+09,223994,375.55,1.33244e+07,1.52969e+07
2014-09-29,198246,4.97215e+09,236055,373.065,1.33279e+07,1.76472e+07
2014-09-30,217696,5.18955e+09,263623,389.264,1.33317e+07,1.37192e+07
2014-10-01,212669,5.10631e+09,267069,382.909,1.33356e+07,1.02292e+07
2014-10-02,183913,4.96913e+09,237778,372.526,1.3339e+07,9.46414e+06
2014-10-03,177578,4.77221e+09,251562,357.666,1.33427e+07,1.65502e+07
2014-10-04,172315,4.38868e+09,265346,328.826,1.33465e+07,2.48081e+07
2014-10-05,247567,4.30997e+09,291192,322.826,1.33507e+07,4.80995e+07
2014-10-06,193513,4.36438e+09,277408,326.804,1.33548e+07,4.31363e+07
2014-10-07,200932,4.45587e+09,230886,333.57,1.33581e+07,1.84774e+07
2014-10-08,189881,4.73549e+09,248116,354.407,1.33617e+07,2.31412e+07
2014-10-09,188877,4.83449e+09,255805,361.716,1.33654e+07,4.26095e+07
2014-10-10,196627,4.79811e+09,269697,358.89,1.33693e+07,2.04129e+07
2014-10-11,164418,4.83976e+09,250558,361.908,1.33729e+07,1.06545e+07
2014-10-12,250261,5.05463e+09,257517,377.871,1.33766e+07,1.42197e+07
2014-10-13,207310,5.24506e+09,269697,391.994,1.33805e+07,2.85556e+07
2014-10-14,222532,5.36529e+09,229678,400.881,1.33838e+07,3.16513e+07
2014-10-15,205441,5.28307e+09,262737,394.626,1.33875e+07,2.10987e+07
2014-10-16,184416,5.11976e+09,257517,382.321,1.33912e+07,2.23309e+07
2014-10-17,180122,5.1195e+09,247078,382.201,1.33948e+07,1.04844e+07
2014-10-18,176676,5.24289e+09,285357,391.293,1.33989e+07,8.67078e+06
2014-10-19,236855,5.20923e+09,231418,388.684,1.34022e+07,4.24652e+06
2014-10-20,201790,5.11011e+09,238378,381.191,1.34056e+07,1.31858e+07
2014-10-21,206733,5.16539e+09,266217,385.205,1.34095e+07,1.06359e+07
2014-10-22,201731,5.10755e+09,276657,380.779,1.34134e+07,8.28669e+06
2014-10-23,198755,4.79457e+09,267771,357.345,1.34172e+07,2.25977e+07
2014-10-24,196085,4.79792e+09,284428,357.488,1.34212e+07,1.27205e+07
2014-10-25,202433,4.64254e+09,277273,345.811,1.34251e+07,1.5182e+07
2014-10-26,214842,4.74125e+09,223607,353.082,1.34282e+07,9.22419e+06
2014-10-27,225066,4.70147e+09,284428,350.016,1.34322e+07,9.92261e+06
2014-10-28,205248,4.76499e+09,246862,354.654,1.34356e+07,5.307e+06
2014-10-29,200016,4.48341e+09,277273,333.599,1.34395e+07,1.52467e+07
2014-10-30,205736,4.63284e+09,304105,344.609,1.34437e+07,2.57217e+07
2014-10-31,203137,4.53458e+09,336305,337.183,1.34484e+07,1.02769e+07
2014-11-01,173118,4.36358e+09,284428,324.371,1.34524e+07,1.41647e+07
2014-11-02,267793,4.36318e+09,277273,324.249,1.34563e+07,6.74747e+06
2014-11-03,211234,4.37954e+09,302317,325.362,1.34605e+07,9.73252e+06
2014-11-04,209429,4.4387e+09,289795,329.658,1.34646e+07,1.20228e+07
2014-11-05,203229,4.56304e+09,268265,338.806,1.3468e+07,1.58173e+07
2014-11-06,219885,4.71098e+09,303181,349.69,1.34719e+07,1.50311e+07
2014-11-07,221566,4.61046e+09,295306,342.133,1.34756e+07,1.03944e+07
2014-11-08,170855,4.66006e+09,301212,345.716,1.34794e+07,4.76085e+06
2014-11-09,253202,4.90262e+09,295306,363.61,1.34832e+07,1.83064e+07
2014-11-10,214221,4.92948e+09,289400,365.502,1.34869e+07,2.11822e+07
2014-11-11,200922,4.962e+09,253963,367.825,1.34901e+07,7.43374e+06
2014-11-12,229329,5.70235e+09,289400,422.591,1.34938e+07,6.44954e+07
2014-11-13,213181,5.69474e+09,285463,421.914,1.34974e+07,8.87881e+07
2014-11-14,223425,5.37874e+09,303181,398.389,1.35012e+07,3.50461e+07
2014-11-15,174268,5.10471e+09,275619,377.994,1.35047e+07,2.43154e+07
2014-11-16,249080,5.27109e+09,295306,390.206,1.35085e+07,1.45672e+07
2014-11-17,213572,5.23595e+09,283494,387.501,1.35121e+07,3.16507e+07
2014-11-18,208693,5.05313e+09,303874,373.865,1.35159e+07,2.22397e+07
2014-11-19,212316,5.10513e+09,282469,377.613,1.35195e+07,1.16648e+07
2014-11-20,204567,4.81661e+09,276459,356.181,1.35229e+07,1.59162e+07
2014-11-21,196858,4.74426e+09,254422,350.749,1.35261e+07,1.99853e+07
2014-11-22,180131,4.7687e+09,308512,352.456,1.35299e+07,9.22934e+06
2014-11-23,249395,4.97726e+09,284472,367.773,1.35335e+07,9.40558e+06
2014-11-24,211890,5.10343e+09,294489,376.994,1.35372e+07,2.57719e+07
2014-11-25,203972,5.10145e+09,264439,376.756,1.35405e+07,1.95028e+07
2014-11-26,205408,4.97779e+09,274456,367.53,1.35439e+07,1.49534e+07
2014-11-27,208264,5.00618e+09,282469,369.53,1.35474e+07,6.61665e+06
2014-11-28,208778,5.12092e+09,296492,377.897,1.35511e+07,1.92136e+07
2014-11-29,187909,5.09773e+09,314522,376.076,1.3555e+07,1.25354e+07
2014-11-30,277774,5.13468e+09,320532,378.69,1.3559e+07,7.81701e+06
2014-12-01,227571,5.14163e+09,260432,379.112,1.35623e+07,9.07843e+06
2014-12-02,252787,5.19507e+09,300382,382.947,1.3566e+07,8.60849e+06
2014-12-03,226744,5.10078e+09,230699,375.916,1.35689e+07,1.06173e+07
2014-12-04,227387,5.00619e+09,290362,368.846,1.35726e+07,1.15512e+07
2014-12-05,227490,5.13773e+09,310250,378.428,1.35765e+07,1.16874e+07
2014-12-06,186079,5.09434e+09,272463,375.138,1.35799e+07,5.36256e+06
2014-12-07,259501,5.11592e+09,250587,376.64,1.35831e+07,3.55136e+06
2014-12-08,242048,4.93506e+09,324171,363.216,1.35871e+07,1.32631e+07
2014-12-09,225674,4.77178e+09,282407,351.107,1.35907e+07,2.2379e+07
2014-12-10,223236,4.72919e+09,284396,347.881,1.35943e+07,8.17531e+06
2014-12-11,217332,4.74016e+09,294340,348.593,1.3598e+07,2.10124e+07
2014-12-12,217065,4.80392e+09,280418,353.191,1.36015e+07,8.48752e+06
2014-12-13,180986,4.7515e+09,290362,349.243,1.36051e+07,5.89102e+06
2014-12-14,284878,4.84577e+09,280418,356.08,1.36087e+07,6.47577e+06
2014-12-15,248144,4.72473e+09,280418,347.095,1.36122e+07,8.11921e+06
2014-12-16,252332,4.47432e+09,284396,328.613,1.36158e+07,2.00199e+07
2014-12-17,242691,4.36212e+09,251585,320.298,1.3619e+07,2.24197e+07
2014-12-18,238736,4.27072e+09,253027,313.512,1.36222e+07,2.54651e+07
2014-12-19,223509,4.33626e+09,268719,318.243,1.36256e+07,1.51311e+07
2014-12-20,251036,4.49845e+09,262834,330.066,1.3629e+07,1.31596e+07
2014-12-21,237992,4.37586e+09,258912,320.993,1.36323e+07,8.55582e+06
2014-12-22,260678,4.52513e+09,321678,331.843,1.36364e+07,1.29868e+07
2014-12-23,244340,4.58423e+09,294218,336.084,1.36401e+07,8.86384e+06
2014-12-24,186732,4.40743e+09,300102,323.032,1.36439e+07,8.08337e+06
2014-12-25,166473,4.35362e+09,309909,318.996,1.36479e+07,5.22631e+06
2014-12-26,192091,4.49428e+09,298141,329.21,1.36517e+07,8.18434e+06
2014-12-27,210729,4.3147e+09,298141,315.968,1.36555e+07,9.98957e+06
2014-12-28,263683,4.33027e+09,331485,317.01,1.36597e+07,5.72257e+06
2014-12-29,204682,4.27767e+09,321678,313.066,1.36638e+07,6.48954e+06
2014-12-30,204192,4.24303e+09,306495,310.442,1.36677e+07,7.35817e+06
2014-12-31,177886,4.38393e+09,307081,320.662,1.36715e+07,7.02009e+06
2015-01-01,145765,4.30476e+09,333345,314.776,1.36756e+07,3.60325e+06
2015-01-02,212932,4.32201e+09,333345,315.943,1.36797e+07,3.28734e+06
2015-01-03,241755,3.90874e+09,327284,285.647,1.36838e+07,2.25342e+07
2015-01-04,235011,3.60455e+09,347487,263.335,1.36881e+07,3.58975e+07
2015-01-05,242515,3.76535e+09,315163,275.004,1.3692e+07,1.89473e+07
2015-01-06,215554,3.93826e+09,319203,287.55,1.36959e+07,1.21317e+07
2015-01-07,204697,4.07607e+09,282838,297.536,1.36994e+07,1.12976e+07
2015-01-08,230454,3.89638e+09,296980,284.342,1.37031e+07,1.17031e+07
2015-01-09,237524,4.0092e+09,282838,292.501,1.37066e+07,1.29403e+07
2015-01-10,274443,3.7872e+09,296980,276.231,1.37103e+07,1.70499e+07
2015-01-11,249636,3.68576e+09,313142,268.756,1.37142e+07,1.10001e+07
2015-01-12,222808,3.68481e+09,291349,268.617,1.37177e+07,9.9216e+06
2015-01-13,250066,3.07496e+09,277602,224.108,1.37209e+07,5.41555e+07
2015-01-14,257446,2.41054e+09,316947,175.638,1.37245e+07,8.14502e+07
2015-01-15,262427,2.91508e+09,330062,212.341,1.37283e+07,6.08503e+07
2015-01-16,246341,2.85065e+09,303832,207.595,1.37318e+07,2.72817e+07
2015-01-17,272389,2.74464e+09,301646,199.825,1.37352e+07,1.53757e+07
2015-01-18,247184,2.90076e+09,334434,211.133,1.3739e+07,1.96444e+07
2015-01-19,255010,2.98071e+09,314761,216.895,1.37426e+07,1.1342e+07
2015-01-20,234321,2.91296e+09,257929,211.92,1.37456e+07,1.59986e+07
2015-01-21,215260,3.13353e+09,325691,227.904,1.37493e+07,2.01297e+07
2015-01-22,230504,3.21328e+09,295089,233.647,1.37527e+07,2.21583e+07
2015-01-23,216750,3.20693e+09,271045,233.133,1.37558e+07,1.4713e+07
2015-01-24,201529,3.42711e+09,275416,249.082,1.37589e+07,1.51808e+07
2015-01-25,318167,3.50269e+09,273230,254.518,1.37621e+07,2.38494e+07
2015-01-26,263343,3.77102e+09,277602,273.952,1.37652e+07,8.22132e+07
2015-01-27,249279,3.64539e+09,317507,264.754,1.3769e+07,3.00339e+07
2015-01-28,198841,3.24681e+09,336476,235.736,1.37731e+07,3.25138e+07
2015-01-29,217393,3.22327e+09,336476,233.957,1.37772e+07,2.42415e+07
2015-01-30,193117,3.15433e+09,283133,228.896,1.37806e+07,1.98672e+07
2015-01-31,276120,2.99587e+09,340580,217.332,1.37848e+07,1.80626e+07
2015-02-01,250290,3.13156e+09,318011,227.111,1.37886e+07,1.99314e+07
2015-02-02,228409,3.3115e+09,326218,240.092,1.37926e+07,1.98152e+07
2015-02-03,241904,3.14235e+09,260564,227.776,1.37958e+07,2.80497e+07
2015-02-04,228028,3.12953e+09,326218,226.781,1.37998e+07,1.72584e+07
2015-02-05,217016,2.99557e+09,326218,217.011,1.38037e+07,1.42506e+07
2015-02-06,231139,3.07542e+09,363148,222.725,1.38082e+07,1.30077e+07
2015-02-07,195430,3.15811e+09,326218,228.647,1.38121e+07,1.22646e+07
2015-02-08,293810,3.09516e+09,270823,224.036,1.38154e+07,1.07614e+07
2015-02-09,232450,3.0509e+09,340605,220.768,1.38195e+07,1.80783e+07
2015-02-10,227906,3.05335e+09,318224,220.888,1.38231e+07,1.05909e+07
2015-02-11,236742,3.03497e+09,349163,219.496,1.3827e+07,9.97808e+06
2015-02-12,232114,3.07832e+09,262977,222.583,1.383e+07,8.59265e+06
2015-02-13,312759,3.27242e+09,322644,236.555,1.38336e+07,2.68362e+07
2015-02-14,260312,3.56496e+09,353583,257.628,1.38376e+07,3.11665e+07
2015-02-15,342433,3.245e+09,309385,234.446,1.38411e+07,3.99059e+07
2015-02-16,261678,3.25478e+09,346953,235.086,1.38451e+07,1.85435e+07
2015-02-17,272213,3.3778e+09,329274,243.906,1.38488e+07,1.88533e+07
2015-02-18,246403,3.26923e+09,369052,235.995,1.3853e+07,1.68212e+07
2015-02-19,213440,3.35165e+09,366842,241.872,1.38571e+07,1.11521e+07
2015-02-20,249692,3.40332e+09,349163,245.531,1.38611e+07,1.43098e+07
2015-02-21,271126,3.40509e+09,313804,245.596,1.38646e+07,6.98072e+06
2015-02-22,273269,3.28252e+09,334358,236.691,1.38684e+07,1.30419e+07
2015-02-23,253650,3.31631e+09,329538,239.066,1.38719e+07,1.09698e+07
2015-02-24,232088,3.32823e+09,299369,239.869,1.38752e+07,8.69455e+06
2015-02-25,226574,3.30651e+09,368990,238.236,1.38791e+07,7.0916e+06
2015-02-26,230216,3.29086e+09,348104,237.044,1.38829e+07,8.93756e+06
2015-02-27,247223,3.54273e+09,352745,255.117,1.38867e+07,3.14491e+07
2015-02-28,281000,3.5413e+09,329538,254.948,1.38902e+07,8.68451e+06
2015-03-01,272256,3.62142e+09,324897,260.651,1.38937e+07,1.84781e+07
2015-03-02,286476,3.84025e+09,366669,276.323,1.38977e+07,3.04897e+07
2015-03-03,266412,3.93008e+09,366669,282.706,1.39016e+07,3.68731e+07
2015-03-04,240738,3.80233e+09,324897,273.448,1.39051e+07,3.12638e+07
2015-03-05,249736,3.84247e+09,306331,276.269,1.39084e+07,2.68038e+07
2015-03-06,235826,3.80244e+09,343463,273.318,1.39121e+07,1.75502e+07
2015-03-07,254894,3.84633e+09,324897,276.403,1.39156e+07,1.05486e+07
2015-03-08,276241,3.83258e+09,363358,275.338,1.39195e+07,7.26403e+06
2015-03-09,260611,4.03952e+09,339500,290.13,1.39231e+07,2.81708e+07
2015-03-10,242733,4.07113e+09,358361,292.32,1.39269e+07,3.26219e+07
2015-03-11,259958,4.13317e+09,363076,296.693,1.39308e+07,1.48621e+07
2015-03-12,237787,4.1217e+09,308850,295.8,1.39341e+07,1.57637e+07
2015-03-13,243732,3.98495e+09,344215,285.911,1.39377e+07,2.21768e+07
2015-03-14,261423,3.95378e+09,308850,283.608,1.3941e+07,1.19225e+07
2015-03-15,254579,4.00586e+09,337142,287.27,1.39446e+07,6.75175e+06
2015-03-16,260952,4.06435e+09,327711,291.392,1.3948e+07,1.30292e+07
2015-03-17,226597,3.97957e+09,301777,285.248,1.39512e+07,1.23451e+07
2015-03-18,251725,3.59045e+09,360718,257.286,1.39551e+07,3.87551e+07
2015-03-19,261205,3.65842e+09,322996,262.093,1.39585e+07,3.16971e+07
2015-03-20,236693,3.67151e+09,320639,262.966,1.39619e+07,9.37436e+06
2015-03-21,251472,3.64761e+09,356003,261.184,1.39657e+07,7.83253e+06
2015-03-22,271887,3.75631e+09,334537,268.899,1.39692e+07,9.09962e+06
2015-03-23,255115,3.72765e+09,336740,266.778,1.39728e+07,1.42972e+07
2015-03-24,220798,3.45005e+09,401765,246.835,1.39772e+07,2.7789e+07
2015-03-25,226737,3.44943e+09,376219,246.719,1.39812e+07,2.18019e+07
2015-03-26,232228,3.4897e+09,343707,249.533,1.39849e+07,1.49857e+07
2015-03-27,229847,3.46063e+09,397120,247.379,1.39892e+07,1.06645e+07
2015-03-28,237409,3.54344e+09,343707,253.232,1.39929e+07,8.32112e+06
2015-03-29,283051,3.40075e+09,355318,242.968,1.39967e+07,1.28021e+07
2015-03-30,256087,3.47678e+09,329773,248.337,1.40003e+07,1.43025e+07
2015-03-31,266605,3.42696e+09,348351,244.712,1.4004e+07,1.14796e+07
2015-04-01,274206,3.46241e+09,306549,247.186,1.40073e+07,1.18952e+07
2015-04-02,249771,3.55373e+09,385509,253.63,1.40115e+07,1.30138e+07
2015-04-03,240801,3.57152e+09,339062,254.833,1.40151e+07,1.23413e+07
2015-04-04,243687,3.56005e+09,355318,253.946,1.40189e+07,5.18549e+06
2015-04-05,271639,3.66148e+09,361070,261.112,1.40226e+07,1.01158e+07
2015-04-06,242694,3.59576e+09,309707,256.367,1.40258e+07,1.05006e+07
2015-04-07,269775,3.57519e+09,373615,254.832,1.40296e+07,8.2053e+06
2015-04-08,253258,3.4496e+09,307249,245.825,1.40327e+07,1.78815e+07
2015-04-09,250608,3.42284e+09,326913,243.861,1.4036e+07,1.24993e+07
2015-04-10,250196,3.3116e+09,373615,235.872,1.40398e+07,1.67095e+07
2015-04-11,270860,3.33402e+09,344119,237.409,1.40433e+07,8.27358e+06
2015-04-12,254516,3.33101e+09,314623,237.141,1.40465e+07,5.14595e+06
2015-04-13,276787,3.16845e+09,383447,225.506,1.40504e+07,1.89678e+07
2015-04-14,255342,3.0885e+09,366241,219.757,1.40542e+07,1.79317e+07
2015-04-15,227570,3.13917e+09,299875,223.314,1.40572e+07,1.11139e+07
2015-04-16,225691,3.21277e+09,339203,228.494,1.40607e+07,1.27098e+07
2015-04-17,228675,3.13321e+09,309707,222.785,1.40638e+07,1.08238e+07
2015-04-18,250243,3.14264e+09,358867,223.398,1.40675e+07,5.72503e+06
2015-04-19,276814,3.14185e+09,351846,223.284,1.40711e+07,7.31015e+06
2015-04-20,245521,3.16538e+09,364477,224.895,1.40749e+07,9.12813e+06
2015-04-21,243752,3.30766e+09,362110,234.939,1.40788e+07,1.38555e+07
2015-04-22,265898,3.29282e+09,359744,233.822,1.40826e+07,1.1229e+07
2015-04-23,264221,3.32331e+09,307675,235.933,1.40858e+07,7.5376e+06
2015-04-24,252037,3.261e+09,293475,231.459,1.40889e+07,1.00955e+07
2015-04-25,268305,3.1913e+09,385778,226.446,1.4093e+07,6.52739e+06
2015-04-26,275889,3.10835e+09,340810,220.503,1.40966e+07,1.52791e+07
2015-04-27,253708,3.2053e+09,324243,227.326,1.41e+07,1.5776e+07
2015-04-28,255162,3.18111e+09,362110,225.549,1.41038e+07,9.059e+06
2015-04-29,261510,3.18352e+09,300575,225.669,1.4107e+07,7.83877e+06
2015-04-30,240159,3.33467e+09,317142,236.328,1.41104e+07,1.80452e+07
2015-05-01,225580,3.285e+09,350277,232.747,1.41141e+07,9.3377e+06
2015-05-02,264029,3.32529e+09,347910,235.54,1.41177e+07,5.51964e+06
2015-05-03,247646,3.39566e+09,333776,240.464,1.41213e+07,8.21442e+06
2015-05-04,255868,3.37542e+09,303151,238.977,1.41245e+07,1.15139e+07
2015-05-05,263807,3.33461e+09,364728,236.023,1.41283e+07,1.20001e+07
2015-05-06,270868,3.24311e+09,381307,229.481,1.41323e+07,1.65471e+07
2015-05-07,259340,3.35205e+09,333940,237.131,1.41359e+07,1.29592e+07
2015-05-08,298182,3.45549e+09,355255,244.383,1.41396e+07,1.38308e+07
2015-05-09,235324,3.43255e+09,305519,242.706,1.41428e+07,8.42471e+06
2015-05-10,267176,3.4054e+09,305519,240.731,1.41461e+07,6.07715e+06
2015-05-11,262404,3.42784e+09,374202,242.25,1.415e+07,9.50127e+06
2015-05-12,273959,3.42817e+09,355255,242.209,1.41538e+07,8.10057e+06
2015-05-13,252379,3.34903e+09,383675,236.55,1.41578e+07,1.29943e+07
2015-05-14,241337,3.35559e+09,364728,236.949,1.41617e+07,1.01879e+07
2015-05-15,242013,3.36405e+09,348150,237.485,1.41653e+07,6.73993e+06
2015-05-16,259761,3.34114e+09,312624,235.812,1.41686e+07,3.72466e+06
2015-05-17,263667,3.35847e+09,410257,236.964,1.41729e+07,3.74026e+06
2015-05-18,239338,3.30148e+09,349378,232.884,1.41765e+07,8.39518e+06
2015-05-19,258201,3.28934e+09,315410,231.974,1.41798e+07,5.73849e+06
2015-05-20,251166,3.32161e+09,351804,234.19,1.41834e+07,7.52168e+06
2015-05-21,236381,3.34186e+09,376066,235.554,1.41873e+07,6.3879e+06
2015-05-22,248185,3.41036e+09,334820,240.323,1.41907e+07,1.14721e+07
2015-05-23,222628,3.39173e+09,271738,238.963,1.41935e+07,4.66964e+06
2015-05-24,282015,3.41742e+09,354230,240.712,1.41972e+07,4.04423e+06
2015-05-25,262222,3.36561e+09,342099,237.004,1.42007e+07,5.40851e+06
2015-05-26,274566,3.36352e+09,349378,236.796,1.42043e+07,7.20568e+06
2015-05-27,258192,3.37013e+09,334820,237.204,1.42077e+07,7.05649e+06
2015-05-28,255987,3.3674e+09,320263,236.957,1.4211e+07,5.21464e+06
2015-05-29,301378,3.3639e+09,373640,236.647,1.42149e+07,6.27612e+06
2015-05-30,302015,3.30986e+09,329968,232.789,1.42183e+07,6.96388e+06
2015-05-31,294212,3.26324e+09,356782,229.451,1.4222e+07,6.20625e+06
2015-06-01,316894,3.17626e+09,312271,223.283,1.42253e+07,1.44596e+07
2015-06-02,299987,3.2061e+09,354854,225.321,1.4229e+07,9.29624e+06
2015-06-03,295631,3.20537e+09,335928,225.213,1.42326e+07,8.50391e+06
2015-06-04,270650,3.18234e+09,333562,223.54,1.42361e+07,6.39331e+06
2015-06-05,261364,3.20007e+09,326465,224.731,1.42396e+07,8.87795e+06
2015-06-06,271268,3.20719e+09,421093,225.161,1.4244e+07,3.7229e+06
2015-06-07,255838,3.18311e+09,352488,223.412,1.42477e+07,6.11872e+06
2015-06-08,252632,3.26041e+09,371414,228.774,1.42517e+07,1.21596e+07
2015-06-09,287564,3.26978e+09,357219,229.371,1.42554e+07,8.98783e+06
2015-06-10,354081,3.2596e+09,399802,228.588,1.42597e+07,6.6546e+06
2015-06-11,281625,3.27457e+09,319368,229.584,1.4263e+07,6.30755e+06
2015-06-12,296611,3.27862e+09,335928,229.811,1.42666e+07,6.31107e+06
2015-06-13,282673,3.32526e+09,376145,233.015,1.42706e+07,5.60579e+06
2015-06-14,292633,3.31887e+09,361934,232.507,1.42743e+07,4.29642e+06
2015-06-15,318865,3.38087e+09,355712,236.791,1.42779e+07,1.02717e+07
2015-06-16,276646,3.59066e+09,291486,251.433,1.42808e+07,2.35058e+07
2015-06-17,322275,3.54218e+09,390295,247.969,1.42848e+07,2.27402e+07
2015-06-18,287336,3.55806e+09,385355,249.012,1.42887e+07,1.46865e+07
2015-06-19,291461,3.49881e+09,363123,244.803,1.42923e+07,1.13849e+07
2015-06-20,259541,3.51077e+09,331010,245.583,1.42957e+07,9.62049e+06
2015-06-21,279335,3.4932e+09,306308,244.3,1.42988e+07,4.33089e+06
2015-06-22,264629,3.533e+09,377944,247.018,1.43026e+07,9.04679e+06
2015-06-23,303390,3.49334e+09,345831,244.185,1.43061e+07,7.32717e+06
2015-06-24,267900,3.44087e+09,385355,240.452,1.431e+07,8.48039e+06
2015-06-25,227584,3.46892e+09,375474,242.348,1.43138e+07,6.52911e+06
2015-06-26,294363,3.47873e+09,380414,242.968,1.43177e+07,7.17381e+06
2015-06-27,290296,3.60212e+09,318659,251.529,1.43209e+07,9.93695e+06
2015-06-28,275010,3.56761e+09,346815,249.058,1.43244e+07,8.24847e+06
2015-06-29,290419,3.67726e+09,343810,256.65,1.43279e+07,1.8815e+07
2015-06-30,312364,3.78144e+09,356089,263.854,1.43315e+07,2.56342e+07
2015-07-01,308546,3.69902e+09,331531,258.043,1.43349e+07,1.43592e+07
2015-07-02,317013,3.65276e+09,378191,254.747,1.43388e+07,1.12003e+07
2015-07-03,300150,3.673e+09,395382,256.087,1.43428e+07,8.86414e+06
2015-07-04,271740,3.73742e+09,373280,260.509,1.43466e+07,7.08812e+06
2015-07-05,307522,3.89323e+09,348722,271.302,1.43501e+07,2.51745e+07
2015-07-06,352954,3.86338e+09,444498,269.138,1.43547e+07,2.94772e+07
2015-07-07,321011,3.82598e+09,329076,266.47,1.4358e+07,1.48494e+07
2015-07-08,317005,3.88603e+09,395382,270.576,1.4362e+07,2.03852e+07
2015-07-09,333362,3.87406e+09,326620,269.68,1.43654e+07,1.64684e+07
2015-07-10,319210,4.10326e+09,378191,285.559,1.43692e+07,4.92855e+07
2015-07-11,321077,4.22445e+09,365704,293.917,1.43729e+07,2.18216e+07
2015-07-12,313443,4.47795e+09,342768,311.482,1.43763e+07,3.60672e+07
2015-07-13,299508,4.20829e+09,375775,292.649,1.438e+07,4.12742e+07
2015-07-14,288951,4.13875e+09,365619,287.741,1.43836e+07,1.54652e+07
2015-07-15,268772,4.11369e+09,388470,285.923,1.43874e+07,1.47736e+07
2015-07-16,278082,4.0083e+09,340229,278.533,1.43908e+07,2.85885e+07
2015-07-17,248227,4.03137e+09,373236,280.065,1.43944e+07,1.55322e+07
2015-07-18,251678,3.9934e+09,378314,277.355,1.43982e+07,1.01662e+07
2015-07-19,296139,3.9646e+09,385931,275.282,1.4402e+07,6.37347e+06
2015-07-20,283750,4.02088e+09,396087,279.114,1.44059e+07,9.96399e+06
2015-07-21,313410,3.9863e+09,322456,276.652,1.4409e+07,1.06441e+07
2015-07-22,287455,4.00339e+09,391009,277.764,1.44129e+07,9.27343e+06
2015-07-23,264413,3.99062e+09,355463,276.812,1.44164e+07,7.05222e+06
2015-07-24,264644,4.17197e+09,429094,289.306,1.44206e+07,1.92256e+07
2015-07-25,243324,4.17599e+09,395371,289.508,1.44245e+07,9.19805e+06
2015-07-26,299700,4.23197e+09,374223,293.315,1.44281e+07,7.67158e+06
2015-07-27,283647,4.24911e+09,387217,294.427,1.44318e+07,1.71302e+07
2015-07-28,303847,4.2643e+09,353433,295.41,1.44352e+07,1.19035e+07
2015-07-29,312401,4.18523e+09,395013,289.856,1.4439e+07,1.27201e+07
2015-07-30,278623,4.16281e+09,348235,288.236,1.44423e+07,1.07045e+07
2015-07-31,299579,4.11133e+09,392414,284.597,1.44461e+07,1.20227e+07
2015-08-01,300587,4.07011e+09,402809,281.669,1.445e+07,9.13195e+06
2015-08-02,292502,4.08208e+09,392414,282.423,1.44538e+07,7.8698e+06
2015-08-03,300542,4.07974e+09,408007,282.185,1.44577e+07,1.017e+07
2015-08-04,293826,4.12556e+09,353433,285.287,1.44611e+07,9.85357e+06
2015-08-05,313235,4.08387e+09,345636,282.339,1.44644e+07,8.29865e+06
2015-08-06,295447,4.03651e+09,371624,278.996,1.4468e+07,8.6451e+06
2015-08-07,283150,4.0446e+09,356031,279.489,1.44714e+07,1.14152e+07
2015-08-08,266587,3.78461e+09,420413,261.45,1.44754e+07,1.88744e+07
2015-08-09,262571,3.85636e+09,372001,266.342,1.4479e+07,1.22701e+07
2015-08-10,292834,3.83701e+09,437494,264.929,1.44832e+07,1.03621e+07
2015-08-11,271613,3.93214e+09,424395,271.422,1.44872e+07,1.14225e+07
2015-08-12,278802,3.8855e+09,330085,268.144,1.44904e+07,1.33472e+07
2015-08-13,272849,3.83645e+09,385099,264.692,1.4494e+07,1.39878e+07
2015-08-14,268926,3.86152e+09,372001,266.356,1.44976e+07,1.40677e+07
2015-08-15,272413,3.79835e+09,358902,261.937,1.4501e+07,9.85057e+06
2015-08-16,275996,3.75565e+09,361522,258.931,1.45045e+07,1.62999e+07
2015-08-17,293079,3.74324e+09,385099,258.009,1.45081e+07,1.11546e+07
2015-08-18,293760,3.16189e+09,369381,217.886,1.45117e+07,3.31514e+07
2015-08-19,280796,3.2982e+09,408677,227.218,1.45156e+07,3.3098e+07
2015-08-20,278919,3.41965e+09,392959,235.524,1.45193e+07,1.77104e+07
2015-08-21,281703,3.38107e+09,432254,232.801,1.45234e+07,1.15196e+07
2015-08-22,295137,3.35059e+09,426144,230.639,1.45274e+07,1.36905e+07
2015-08-23,284990,3.32279e+09,361413,228.673,1.45307e+07,1.00408e+07
2015-08-24,309470,3.0807e+09,418052,211.956,1.45346e+07,3.05124e+07
2015-08-25,288148,3.23696e+09,364110,222.655,1.4538e+07,3.62264e+07
2015-08-26,288944,3.28819e+09,434235,226.117,1.4542e+07,1.87344e+07
2015-08-27,270033,3.27185e+09,369504,224.94,1.45454e+07,1.14953e+07
2015-08-28,296413,3.37793e+09,418052,232.171,1.45493e+07,1.849e+07
2015-08-29,290341,3.34473e+09,431538,229.826,1.45533e+07,9.44216e+06
2015-08-30,280853,3.33385e+09,404567,229.02,1.45571e+07,1.00244e+07
2015-08-31,308087,3.35907e+09,423447,230.689,1.4561e+07,1.20541e+07
2015-09-01,308331,3.32014e+09,415355,227.956,1.45648e+07,1.33903e+07
2015-09-02,292511,3.34358e+09,431538,229.502,1.45688e+07,1.18593e+07
2015-09-03,297285,3.30952e+09,393778,227.107,1.45725e+07,1.10338e+07
2015-09-04,260465,3.36973e+09,434445,231.178,1.45764e+07,1.17618e+07
2015-09-05,323127,3.43948e+09,416213,235.903,1.45801e+07,1.22542e+07
2015-09-06,290712,3.51183e+09,407719,240.805,1.45837e+07,1.65644e+07
2015-09-07,318515,3.51023e+09,430370,240.634,1.45875e+07,1.15806e+07
2015-09-08,338676,3.56272e+09,385068,244.175,1.45909e+07,1.60702e+07
2015-09-09,298432,3.48406e+09,421876,238.722,1.45946e+07,1.4464e+07
2015-09-10,283028,3.48549e+09,484166,238.75,1.45989e+07,1.25876e+07
2015-09-11,317585,3.51701e+09,447358,240.845,1.46028e+07,1.15662e+07
2015-09-12,276575,3.4522e+09,382236,236.352,1.46062e+07,1.02607e+07
2015-09-13,317231,3.36831e+09,427538,230.549,1.461e+07,1.10377e+07
2015-09-14,311373,3.37503e+09,430370,230.949,1.46138e+07,1.17466e+07
2015-09-15,324464,3.36791e+09,453021,230.399,1.46178e+07,1.06582e+07
2015-09-16,301627,3.34891e+09,402056,229.043,1.46213e+07,1.15253e+07
2015-09-17,315192,3.41057e+09,410910,233.203,1.46249e+07,1.14939e+07
2015-09-18,320444,3.41102e+09,433588,233.175,1.46286e+07,1.09434e+07
2015-09-19,268056,3.39809e+09,368697,232.242,1.46317e+07,6.41697e+06
2015-09-20,336567,3.38597e+09,377546,231.362,1.46349e+07,6.81953e+06
2015-09-21,357635,3.31956e+09,389344,226.773,1.46382e+07,1.05756e+07
2015-09-22,348545,3.37686e+09,463083,230.626,1.46421e+07,1.4638e+07
2015-09-23,297453,3.37054e+09,466033,230.132,1.46461e+07,8.31886e+06
2015-09-24,295784,3.43269e+09,412941,234.32,1.46496e+07,1.50865e+07
2015-09-25,292649,3.4515e+09,483731,235.538,1.46537e+07,1.22571e+07
2015-09-26,314624,3.4385e+09,433588,234.592,1.46574e+07,7.55568e+06
2015-09-27,324221,3.4196e+09,439487,233.243,1.46611e+07,7.22648e+06
2015-09-28,295867,3.51977e+09,421789,240.017,1.46647e+07,1.37522e+07
2015-09-29,355812,3.48149e+09,513226,237.336,1.4669e+07,1.20105e+07
2015-09-30,334445,3.47362e+09,436537,236.74,1.46727e+07,1.05933e+07
2015-10-01,297034,3.49636e+09,444776,238.23,1.46764e+07,1.11442e+07
2015-10-02,309307,3.49289e+09,417180,237.937,1.46799e+07,1.07261e+07
2015-10-03,252618,3.52016e+09,438341,239.736,1.46835e+07,9.32381e+06
2015-10-04,303522,3.51787e+09,462525,239.517,1.46873e+07,6.89646e+06
2015-10-05,297239,3.54e+09,462525,240.961,1.46912e+07,1.31294e+07
2015-10-06,325721,3.62872e+09,429272,246.94,1.46947e+07,1.68025e+07
2015-10-07,310175,3.58242e+09,402065,243.734,1.4698e+07,1.34624e+07
2015-10-08,301525,3.57291e+09,423226,243.03,1.47015e+07,9.47416e+06
2015-10-09,274941,3.59454e+09,380903,244.449,1.47047e+07,8.04599e+06
2015-10-10,317477,3.61769e+09,483687,245.956,1.47087e+07,8.21086e+06
2015-10-11,296821,3.65643e+09,441364,248.528,1.47123e+07,8.8124e+06
2015-10-12,307438,3.62149e+09,429272,246.094,1.47159e+07,8.30217e+06
2015-10-13,307430,3.68677e+09,414157,250.471,1.47193e+07,1.6953e+07
2015-10-14,317192,3.72704e+09,459502,253.142,1.47231e+07,1.6015e+07
2015-10-15,360598,3.75093e+09,502137,254.693,1.47273e+07,1.41195e+07
2015-10-16,342212,3.87035e+09,435823,262.737,1.47309e+07,2.26988e+07
2015-10-17,375203,4.0067e+09,411611,271.931,1.47343e+07,2.79235e+07
2015-10-18,327671,3.88316e+09,438850,263.482,1.47379e+07,1.31431e+07
2015-10-19,349142,3.89724e+09,499381,264.363,1.4742e+07,1.32521e+07
2015-10-20,403962,3.99348e+09,387399,270.832,1.47452e+07,1.72147e+07
2015-10-21,343508,3.95327e+09,435823,268.04,1.47488e+07,1.42861e+07
2015-10-22,352887,4.06306e+09,447930,275.415,1.47525e+07,2.40839e+07
2015-10-23,361424,4.11128e+09,450956,278.613,1.47562e+07,1.66385e+07
2015-10-24,378880,4.18606e+09,438850,283.611,1.47599e+07,1.46209e+07
2015-10-25,371558,4.22316e+09,469115,286.05,1.47637e+07,2.9799e+07
2015-10-26,371860,4.23399e+09,496354,286.703,1.47678e+07,1.78571e+07
2015-10-27,353786,4.36591e+09,444903,295.563,1.47715e+07,2.88894e+07
2015-10-28,355701,4.49813e+09,420691,304.442,1.4775e+07,3.34136e+07
2015-10-29,385081,4.65353e+09,466068,314.879,1.47788e+07,4.05575e+07
2015-10-30,372016,4.85611e+09,529187,328.492,1.4783e+07,5.39536e+07
2015-10-31,367631,4.64479e+09,454915,314.12,1.47867e+07,3.81696e+07
2015-11-01,393101,4.87872e+09,473483,329.854,1.47905e+07,2.16083e+07
2015-11-02,404897,5.39427e+09,473483,364.617,1.47944e+07,6.19681e+07
2015-11-03,449049,5.93295e+09,479673,400.923,1.47982e+07,1.38448e+08
2015-11-04,498795,6.00198e+09,479673,405.482,1.48021e+07,2.25903e+08
2015-11-05,441656,5.69046e+09,451821,384.341,1.48058e+07,1.19797e+08
2015-11-06,426032,5.52354e+09,448726,372.975,1.48094e+07,7.99716e+07
2015-11-07,365479,5.72536e+09,470389,386.505,1.48132e+07,3.25929e+07
2015-11-08,386676,5.51773e+09,430158,372.4,1.48167e+07,3.09643e+07
2015-11-09,408589,5.63909e+09,461105,380.496,1.48204e+07,3.83124e+07
2015-11-10,399491,5.00801e+09,451821,337.831,1.4824e+07,6.68095e+07
2015-11-11,374115,4.58077e+09,537056,308.922,1.48282e+07,7.37833e+07
2015-11-12,374348,5.00623e+09,527007,337.523,1.48323e+07,4.81864e+07
2015-11-13,358205,5.00396e+09,523734,337.279,1.48363e+07,3.17666e+07
2015-11-14,383137,4.94236e+09,464814,333.047,1.48398e+07,2.43406e+07
2015-11-15,409132,4.74895e+09,523734,319.928,1.48438e+07,2.92452e+07
2015-11-16,404593,4.9167e+09,566287,331.133,1.48481e+07,2.80634e+07
2015-11-17,388743,4.98799e+09,487727,335.85,1.48519e+07,3.19225e+07
2015-11-18,403730,4.98771e+09,500820,335.745,1.48557e+07,2.53529e+07
2015-11-19,345821,4.84751e+09,445173,326.232,1.48591e+07,2.59194e+07
2015-11-20,361600,4.78509e+09,546647,321.94,1.48633e+07,2.92696e+07
2015-11-21,370942,4.84543e+09,569560,325.905,1.48676e+07,1.36537e+07
2015-11-22,379184,4.81429e+09,563014,323.717,1.48719e+07,9.79848e+06
2015-11-23,340771,4.80513e+09,533554,323.013,1.4876e+07,1.25904e+07
2015-11-24,385973,4.76099e+09,560533,319.961,1.48799e+07,1.37982e+07
2015-11-25,364221,4.89611e+09,535030,328.96,1.48836e+07,2.18928e+07
2015-11-26,386928,5.30392e+09,636252,356.255,1.4888e+07,6.45093e+07
2015-11-27,360234,5.34998e+09,480804,359.269,1.48913e+07,2.96375e+07
2015-11-28,410729,5.31113e+09,556721,356.567,1.48952e+07,1.81329e+07
2015-11-29,328208,5.53803e+09,538645,371.708,1.48989e+07,2.119e+07
2015-11-30,490103,5.62422e+09,585641,377.39,1.49029e+07,4.15626e+07
2015-12-01,414541,5.40431e+09,603717,362.532,1.49071e+07,3.56967e+07
2015-12-02,424374,5.35641e+09,582026,359.222,1.49111e+07,2.93261e+07
2015-12-03,359444,5.38733e+09,513340,361.21,1.49147e+07,3.01187e+07
2015-12-04,416094,5.41902e+09,553106,363.242,1.49185e+07,1.69084e+07
2015-12-05,460264,5.81042e+09,632637,389.363,1.49229e+07,3.71009e+07
2015-12-06,425554,5.87102e+09,577650,393.319,1.49269e+07,4.8184e+07
2015-12-07,449269,5.90274e+09,578034,395.347,1.49305e+07,3.43922e+07
2015-12-08,452823,6.18005e+09,688135,413.799,1.49349e+07,3.17552e+07
2015-12-09,493312,6.23906e+09,660610,417.633,1.49391e+07,5.36924e+07
2015-12-10,473257,6.21288e+09,849355,415.73,1.49445e+07,2.70361e+07
2015-12-11,466766,6.78455e+09,629152,453.861,1.49485e+07,7.10396e+07
2015-12-12,527840,6.51716e+09,637017,435.856,1.49526e+07,9.44594e+07
2015-12-13,484886,6.49699e+09,558372,434.403,1.49561e+07,3.10806e+07
2015-12-14,520571,6.62759e+09,766779,442.992,1.4961e+07,1.05428e+08
2015-12-15,495314,6.95327e+09,719593,464.618,1.49656e+07,4.72262e+07
2015-12-16,487898,6.79835e+09,640949,454.142,1.49696e+07,7.4098e+07
2015-12-17,453218,6.83152e+09,609491,456.24,1.49735e+07,2.31051e+07
2015-12-18,459189,6.93732e+09,684510,463.176,1.49777e+07,3.49886e+07
2015-12-19,497028,6.91254e+09,729321,461.4,1.49817e+07,2.89204e+07
2015-12-20,481622,6.62603e+09,766484,442.154,1.49858e+07,4.82772e+07
2015-12-21,505331,6.56001e+09,692158,437.64,1.49895e+07,5.1057e+07
2015-12-22,479097,6.52609e+09,696804,435.268,1.49933e+07,2.89588e+07
2015-12-23,478167,6.63874e+09,729321,442.666,1.49972e+07,2.55379e+07
2015-12-24,456965,6.83847e+09,641059,455.879,1.50006e+07,3.01572e+07
2015-12-25,367825,6.83792e+09,752548,455.719,1.50047e+07,2.13467e+07
2015-12-26,416167,6.27707e+09,794356,418.222,1.5009e+07,8.84416e+07
2015-12-27,408582,6.34654e+09,952299,422.706,1.50141e+07,3.11851e+07
2015-12-28,413657,6.32331e+09,701449,421.053,1.50179e+07,3.16902e+07
2015-12-29,427804,6.47952e+09,738612,431.34,1.50218e+07,2.89501e+07
2015-12-30,397910,6.40172e+09,766484,426.044,1.5026e+07,2.79739e+07
2015-12-31,353317,6.45784e+09,702681,429.677,1.50295e+07,2.80972e+07
2016-01-01,316781,6.53446e+09,697129,434.678,1.50329e+07,2.1093e+07
2016-01-02,417966,6.53246e+09,748768,434.44,1.50365e+07,1.67242e+07
2016-01-03,398443,6.46931e+09,748768,430.136,1.50401e+07,2.35561e+07
2016-01-04,413159,6.52109e+09,934669,433.449,1.50447e+07,2.26472e+07
2016-01-05,435291,6.51106e+09,810735,432.67,1.50486e+07,1.93308e+07
2016-01-06,381359,6.48261e+09,728113,430.678,1.50521e+07,2.00646e+07
2016-01-07,432867,6.91375e+09,759096,459.209,1.50558e+07,5.82603e+07
2016-01-08,405522,6.83931e+09,893358,454.134,1.50601e+07,3.65814e+07
2016-01-09,461784,6.77642e+09,779752,449.845,1.50639e+07,1.77663e+07
2016-01-10,427477,6.75932e+09,903686,448.58,1.50683e+07,2.03644e+07
2016-01-11,452499,6.76806e+09,877866,449.033,1.50725e+07,2.41657e+07
2016-01-12,453665,6.66043e+09,877866,441.768,1.50768e+07,2.70724e+07
2016-01-13,430325,6.51944e+09,813710,432.311,1.50805e+07,3.44725e+07
2016-01-14,427750,6.48336e+09,749438,429.823,1.50838e+07,1.94041e+07
2016-01-15,410879,5.54929e+09,687454,367.823,1.50868e+07,1.02767e+08
2016-01-16,511206,5.85614e+09,800152,388.071,1.50904e+07,6.5871e+07
2016-01-17,521728,5.77325e+09,850866,382.482,1.50942e+07,2.74722e+07
2016-01-18,476975,5.81088e+09,974833,384.865,1.50985e+07,2.71803e+07
2016-01-19,425484,5.71093e+09,749438,378.162,1.51018e+07,2.3301e+07
2016-01-20,623972,6.35377e+09,856501,420.623,1.51056e+07,7.11585e+07
2016-01-21,511702,6.18411e+09,771978,409.298,1.5109e+07,3.43607e+07
2016-01-22,500516,5.75892e+09,991738,381.046,1.51134e+07,5.52514e+07
2016-01-23,466284,5.84112e+09,1.00864e+06,386.371,1.51179e+07,3.27002e+07
2016-01-24,492811,6.101e+09,963563,403.447,1.51222e+07,3.33221e+07
2016-01-25,528904,5.92927e+09,912849,391.986,1.51262e+07,3.4218e+07
2016-01-26,528008,5.91808e+09,928141,391.143,1.51302e+07,3.48872e+07
2016-01-27,531444,5.97234e+09,924868,394.628,1.51341e+07,2.43835e+07
2016-01-28,513308,5.73571e+09,871166,378.901,1.51378e+07,3.35483e+07
2016-01-29,529268,5.73881e+09,1.0084e+06,379,1.5142e+07,5.36849e+07
2016-01-30,490429,5.71427e+09,1.11581e+06,377.263,1.51467e+07,1.71826e+07
2016-01-31,484082,5.55051e+09,1.08001e+06,366.342,1.51512e+07,2.27607e+07
2016-02-01,616260,5.62597e+09,960669,371.223,1.51552e+07,2.93793e+07
2016-02-02,675786,5.65348e+09,1.07404e+06,372.928,1.51597e+07,2.0377e+07
2016-02-03,542654,5.58191e+09,1.06807e+06,368.098,1.51642e+07,2.21515e+07
2016-02-04,459997,5.91147e+09,1.00244e+06,389.723,1.51684e+07,3.73235e+07
2016-02-05,503467,5.83251e+09,1.12178e+06,384.398,1.51731e+07,2.36254e+07
2016-02-06,497975,5.68619e+09,1.19338e+06,374.632,1.51781e+07,3.06605e+07
2016-02-07,516141,5.69577e+09,1.23454e+06,375.154,1.51825e+07,1.98992e+07
2016-02-08,479473,5.63126e+09,1.06028e+06,370.814,1.51862e+07,2.67861e+07
2016-02-09,515267,5.67386e+09,1.26088e+06,373.512,1.51906e+07,2.73429e+07
2016-02-10,487454,5.76004e+09,1.17491e+06,379.083,1.51947e+07,5.05022e+07
2016-02-11,496667,5.73992e+09,1.3755e+06,377.639,1.51995e+07,4.16881e+07
2016-02-12,470121,5.81231e+09,1.22506e+06,382.294,1.52038e+07,3.62122e+07
2016-02-13,448353,5.92488e+09,1.11759e+06,389.598,1.52077e+07,3.50137e+07
2016-02-14,496649,6.17829e+09,1.18924e+06,406.151,1.52118e+07,3.87832e+07
2016-02-15,498129,6.0751e+09,1.08894e+06,399.268,1.52156e+07,4.23203e+07
2016-02-16,481206,6.1947e+09,988641,407.035,1.52191e+07,3.71817e+07
2016-02-17,537228,6.32245e+09,1.11043e+06,415.324,1.52229e+07,4.80727e+07
2016-02-18,496326,6.41505e+09,1.21073e+06,421.29,1.52272e+07,4.34526e+07
2016-02-19,523596,6.39124e+09,1.10621e+06,419.627,1.52308e+07,2.67518e+07
2016-02-20,489626,6.70618e+09,1.21908e+06,440.196,1.52345e+07,5.4515e+07
2016-02-21,531113,6.68508e+09,1.04028e+06,438.719,1.52377e+07,5.19062e+07
2016-02-22,537212,6.66844e+09,1.03216e+06,437.535,1.52409e+07,3.71686e+07
2016-02-23,550408,6.40311e+09,1.1053e+06,420.033,1.52443e+07,5.04315e+07
2016-02-24,466104,6.46476e+09,959011,423.995,1.52473e+07,3.94146e+07
2016-02-25,529925,6.46787e+09,1.25972e+06,424.091,1.52511e+07,4.19709e+07
2016-02-26,476826,6.58638e+09,1.13781e+06,431.762,1.52546e+07,3.25091e+07
2016-02-27,467543,6.60605e+09,1.1947e+06,432.948,1.52583e+07,2.71867e+07
2016-02-28,497556,6.60986e+09,1.08905e+06,433.102,1.52617e+07,3.54359e+07
2016-02-29,563571,6.68264e+09,1.08092e+06,437.776,1.5265e+07,3.69377e+07
2016-03-01,561876,6.60833e+09,1.14594e+06,432.808,1.52685e+07,4.65063e+07
2016-03-02,553815,6.46146e+09,1.27597e+06,423.08,1.52724e+07,4.94499e+07
2016-03-03,575225,6.40467e+09,1.09717e+06,419.269,1.52758e+07,6.51623e+07
2016-03-04,513898,6.23396e+09,1.2572e+06,407.99,1.52797e+07,6.64726e+07
2016-03-05,530671,6.07233e+09,1.18132e+06,397.314,1.52834e+07,1.10956e+08
2016-03-06,409059,6.1715e+09,1.16557e+06,403.705,1.52871e+07,7.36431e+07
2016-03-07,421465,6.31847e+09,1.04744e+06,413.229,1.52905e+07,6.44223e+07
2016-03-08,460732,6.29248e+09,1.21282e+06,411.426,1.52943e+07,5.01895e+07
2016-03-09,504399,6.31126e+09,1.32308e+06,412.541,1.52985e+07,4.81271e+07
2016-03-10,445273,6.37101e+09,1.2207e+06,416.341,1.53024e+07,6.03784e+07
2016-03-11,434658,6.42121e+09,1.26007e+06,419.512,1.53064e+07,4.98728e+07
2016-03-12,374730,6.28114e+09,1.13407e+06,410.264,1.531e+07,7.14888e+07
2016-03-13,421585,6.30611e+09,1.04744e+06,411.806,1.53133e+07,5.80593e+07
2016-03-14,451902,6.35701e+09,1.19707e+06,415.027,1.53171e+07,7.804e+07
2016-03-15,451559,6.36235e+09,1.26795e+06,415.266,1.53211e+07,4.9838e+07
2016-03-16,449250,6.39087e+09,1.19707e+06,417.024,1.53249e+07,4.58557e+07
2016-03-17,482125,6.41658e+09,1.11044e+06,418.605,1.53285e+07,6.5194e+07
2016-03-18,425769,6.26922e+09,1.09953e+06,408.902,1.53319e+07,8.09314e+07
2016-03-19,428645,6.27403e+09,1.11886e+06,409.124,1.53353e+07,4.25067e+07
2016-03-20,430803,6.3205e+09,1.20113e+06,412.057,1.53389e+07,3.15901e+07
2016-03-21,435918,6.31495e+09,1.14354e+06,411.602,1.53424e+07,4.37458e+07
2016-03-22,462080,6.3929e+09,1.21758e+06,416.582,1.53461e+07,4.00791e+07
2016-03-23,438399,6.40668e+09,1.22581e+06,417.378,1.53498e+07,3.69391e+07
2016-03-24,430544,6.34959e+09,1.20935e+06,413.56,1.53535e+07,4.4535e+07
2016-03-25,392195,6.3943e+09,1.20113e+06,416.373,1.53571e+07,2.98413e+07
2016-03-26,471861,6.4028e+09,1.25871e+06,416.823,1.5361e+07,2.36322e+07
2016-03-27,410531,6.5369e+09,1.15999e+06,425.455,1.53645e+07,4.33405e+07
2016-03-28,520539,6.49971e+09,1.39857e+06,422.917,1.53687e+07,4.22397e+07
2016-03-29,674110,6.39293e+09,1.29162e+06,415.864,1.53727e+07,4.69465e+07
2016-03-30,475833,6.34701e+09,1.20935e+06,412.778,1.53763e+07,4.01539e+07
2016-03-31,425668,6.39718e+09,1.02013e+06,415.957,1.53794e+07,3.42226e+07
2016-04-01,498916,6.41791e+09,1.26686e+06,417.201,1.53833e+07,2.74532e+07
2016-04-02,486983,6.45878e+09,1.1529e+06,419.763,1.53867e+07,2.17063e+07
2016-04-03,456249,6.46505e+09,1.17778e+06,420.074,1.53903e+07,1.64095e+07
2016-04-04,486496,6.45859e+09,1.37684e+06,419.541,1.53944e+07,2.60655e+07
2016-04-05,464749,6.50581e+09,1.28561e+06,422.501,1.53983e+07,3.65563e+07
2016-04-06,480231,6.49831e+09,1.30219e+06,421.907,1.54022e+07,3.28096e+07
2016-04-07,450348,6.493e+09,1.1529e+06,421.467,1.54057e+07,3.08545e+07
2016-04-08,433298,6.45101e+09,1.19437e+06,418.643,1.54093e+07,3.45843e+07
2016-04-09,428083,6.45448e+09,1.34367e+06,418.759,1.54134e+07,2.93068e+07
2016-04-10,444157,6.50556e+09,1.4349e+06,421.954,1.54177e+07,5.24282e+07
2016-04-11,476122,6.52751e+09,1.26902e+06,423.273,1.54215e+07,3.19772e+07
2016-04-12,504477,6.59316e+09,1.22755e+06,427.428,1.54252e+07,4.66018e+07
2016-04-13,497314,6.55549e+09,1.36025e+06,424.873,1.54293e+07,4.82755e+07
2016-04-14,466772,6.57242e+09,1.42551e+06,425.857,1.54334e+07,2.75174e+07
2016-04-15,439873,6.64904e+09,1.23462e+06,430.724,1.54369e+07,3.59086e+07
2016-04-16,407712,6.67357e+09,1.22574e+06,432.216,1.54403e+07,2.62087e+07
2016-04-17,485493,6.63085e+09,1.40338e+06,429.34,1.54443e+07,3.83429e+07
2016-04-18,473379,6.63718e+09,1.19021e+06,429.657,1.54476e+07,3.66458e+07
2016-04-19,480187,6.76104e+09,1.33232e+06,437.569,1.54514e+07,3.24076e+07
2016-04-20,458038,6.84156e+09,1.46555e+06,442.662,1.54555e+07,4.94084e+07
2016-04-21,481473,6.99014e+09,1.3412e+06,452.165,1.54593e+07,4.35045e+07
2016-04-22,438706,6.92944e+09,1.27015e+06,448.134,1.54629e+07,3.81925e+07
2016-04-23,433938,7.02045e+09,1.27903e+06,453.915,1.54665e+07,3.50923e+07
2016-04-24,456476,7.16842e+09,1.17244e+06,463.383,1.54698e+07,4.93355e+07
2016-04-25,496102,7.1998e+09,1.12803e+06,465.316,1.54729e+07,6.03608e+07
2016-04-26,526580,7.268e+09,1.3412e+06,469.609,1.54767e+07,5.49274e+07
2016-04-27,477617,6.90004e+09,1.1458e+06,445.741,1.54799e+07,6.84892e+07
2016-04-28,459333,6.9839e+09,1.199e+06,451.06,1.54833e+07,5.23215e+07
2016-04-29,513848,7.07783e+09,1.40323e+06,457.01,1.54873e+07,3.22577e+07
2016-04-30,442245,6.96937e+09,1.29666e+06,449.9,1.54909e+07,5.12964e+07
2016-05-01,424418,7.05029e+09,1.37659e+06,455.011,1.54948e+07,2.8514e+07
2016-05-02,480773,6.89589e+09,1.39435e+06,444.933,1.54987e+07,7.76246e+07
2016-05-03,461956,7.00137e+09,1.34106e+06,451.629,1.55025e+07,4.47662e+07
2016-05-04,510639,6.95269e+09,1.48316e+06,448.368,1.55067e+07,3.74291e+07
2016-05-05,455031,6.96944e+09,1.37659e+06,449.336,1.55105e+07,3.71445e+07
2016-05-06,465712,7.16299e+09,1.43875e+06,461.694,1.55146e+07,5.4931e+07
2016-05-07,411559,7.15957e+09,1.33218e+06,461.362,1.55183e+07,2.81793e+07
2016-05-08,435990,7.16177e+09,1.49204e+06,461.379,1.55225e+07,3.20801e+07
2016-05-09,489806,7.19609e+09,1.51869e+06,463.462,1.55268e+07,3.84495e+07
2016-05-10,496262,7.00561e+09,1.40323e+06,451.08,1.55308e+07,4.48802e+07
2016-05-11,475358,7.05086e+09,1.26338e+06,453.896,1.55341e+07,3.7117e+07
2016-05-12,449920,7.07903e+09,1.34225e+06,455.607,1.55376e+07,4.84324e+07
2016-05-13,461650,7.10616e+09,1.46778e+06,457.242,1.55414e+07,4.56291e+07
2016-05-14,448880,7.12145e+09,1.39053e+06,458.12,1.5545e+07,2.68297e+07
2016-05-15,437321,7.16562e+09,1.34225e+06,460.858,1.55484e+07,1.98564e+07
2016-05-16,506052,7.07963e+09,1.36156e+06,455.224,1.5552e+07,4.29481e+07
2016-05-17,488115,7.05513e+09,1.36156e+06,453.546,1.55555e+07,4.94201e+07
2016-05-18,511129,7.07149e+09,1.47744e+06,454.486,1.55593e+07,7.42202e+07
2016-05-19,452381,6.812e+09,1.15878e+06,437.724,1.55623e+07,8.08524e+07
2016-05-20,458726,6.88636e+09,1.43881e+06,442.397,1.5566e+07,6.92243e+07
2016-05-21,489718,6.9141e+09,1.36156e+06,444.078,1.55696e+07,3.39214e+07
2016-05-22,450660,6.86133e+09,1.77679e+06,440.559,1.55742e+07,3.0727e+07
2016-05-23,524621,6.92012e+09,1.73816e+06,444.205,1.55787e+07,3.9506e+07
2016-05-24,504685,6.94465e+09,1.42453e+06,445.674,1.55823e+07,5.54705e+07
2016-05-25,494978,7.02217e+09,1.36728e+06,450.55,1.55858e+07,5.11219e+07
2016-05-26,482152,7.08424e+09,1.33756e+06,454.434,1.55892e+07,5.19262e+07
2016-05-27,520769,7.35692e+09,1.37719e+06,471.82,1.55926e+07,1.32958e+08
2016-05-28,467539,8.28006e+09,1.31774e+06,530.911,1.5596e+07,1.40134e+08
2016-05-29,446574,8.22958e+09,1.45645e+06,527.55,1.55996e+07,1.24325e+08
2016-05-30,538546,8.32422e+09,1.42673e+06,533.493,1.56032e+07,6.21415e+07
2016-05-31,480865,8.28613e+09,1.2583e+06,530.944,1.56064e+07,1.02065e+08
2016-06-01,499855,8.39214e+09,1.41682e+06,537.614,1.561e+07,6.02812e+07
2016-06-02,483962,8.41207e+09,1.36728e+06,538.771,1.56134e+07,4.02077e+07
2016-06-03,488080,8.90443e+09,1.40692e+06,570.176,1.5617e+07,8.87753e+07
2016-06-04,441515,8.97002e+09,1.17903e+06,574.266,1.562e+07,7.43493e+07
2016-06-05,464095,8.98607e+09,1.68434e+06,575.138,1.56242e+07,5.72217e+07
2016-06-06,518548,9.15605e+09,1.68434e+06,585.857,1.56285e+07,5.56168e+07
2016-06-07,514462,9.04261e+09,1.3871e+06,578.469,1.5632e+07,7.99524e+07
2016-06-08,482283,9.11706e+09,1.40524e+06,583.098,1.56356e+07,5.25262e+07
2016-06-09,523498,9.02569e+09,1.60813e+06,577.102,1.56397e+07,4.38508e+07
2016-06-10,498550,9.07021e+09,1.40346e+06,579.815,1.56433e+07,4.14725e+07
2016-06-11,467524,9.47358e+09,1.52042e+06,605.45,1.56472e+07,5.40365e+07
2016-06-12,526242,1.04922e+10,1.42295e+06,670.392,1.56508e+07,2.00436e+08
2016-06-13,580506,1.10261e+10,1.56915e+06,704.322,1.56549e+07,1.92893e+08
2016-06-14,534856,1.0725e+10,1.28651e+06,684.948,1.56582e+07,1.4707e+08
2016-06-15,587472,1.08851e+10,1.48143e+06,695.001,1.5662e+07,7.68218e+07
2016-06-16,586017,1.20222e+10,1.45219e+06,767.42,1.56657e+07,2.1884e+08
2016-06-17,575677,1.17523e+10,1.45219e+06,750.015,1.56694e+07,3.27552e+08
2016-06-18,564654,1.18849e+10,1.53991e+06,758.289,1.56734e+07,2.13252e+08
2016-06-19,507096,1.20212e+10,1.72509e+06,766.767,1.56778e+07,1.23868e+08
2016-06-20,567592,1.13301e+10,1.59839e+06,722.497,1.56819e+07,2.1403e+08
2016-06-21,592134,1.05032e+10,1.53141e+06,669.604,1.56856e+07,2.54848e+08
2016-06-22,553797,9.33224e+09,1.34314e+06,594.833,1.56888e+07,3.19291e+08
2016-06-23,546971,9.84973e+09,1.45768e+06,627.678,1.56923e+07,1.90224e+08
2016-06-24,534641,1.04238e+10,1.34314e+06,664.127,1.56956e+07,1.83078e+08
2016-06-25,527647,1.0501e+10,1.68674e+06,668.873,1.56996e+07,1.00574e+08
2016-06-26,498043,9.89987e+09,1.52015e+06,630.434,1.57033e+07,8.72975e+07
2016-06-27,492341,1.02448e+10,1.53056e+06,652.245,1.57069e+07,9.24539e+07
2016-06-28,542692,1.01682e+10,1.54097e+06,647.219,1.57106e+07,1.0488e+08
2016-06-29,465149,1.00349e+10,1.52015e+06,638.586,1.57143e+07,9.19164e+07
2016-06-30,506917,1.05984e+10,1.5618e+06,674.285,1.5718e+07,8.95681e+07
2016-07-01,498334,1.06518e+10,1.61386e+06,677.512,1.57219e+07,9.54253e+07
2016-07-02,438905,1.1051e+10,1.55138e+06,702.739,1.57256e+07,7.18079e+07
2016-07-03,442711,1.04216e+10,1.60344e+06,662.55,1.57295e+07,9.84613e+07
2016-07-04,507658,1.06961e+10,1.57397e+06,679.842,1.57333e+07,8.25034e+07
2016-07-05,480529,1.05149e+10,1.53818e+06,668.166,1.57369e+07,9.095e+07
2016-07-06,477624,1.06665e+10,1.48514e+06,677.651,1.57404e+07,6.32166e+07
2016-07-07,463940,1.00769e+10,1.45331e+06,640.053,1.57438e+07,1.55831e+08
2016-07-08,463219,1.04729e+10,1.53818e+06,665.052,1.57474e+07,9.75781e+07
2016-07-09,434260,1.02684e+10,1.58061e+06,651.942,1.57505e+07,1.29998e+08
2016-07-10,400962,1.02385e+10,1.65487e+06,649.959,1.57524e+07,5.86883e+07
2016-07-11,494651,1.02445e+10,1.51696e+06,650.273,1.57542e+07,6.91318e+07
2016-07-12,475560,1.05569e+10,1.51696e+06,670.023,1.5756e+07,9.4018e+07
2016-07-13,451100,1.03738e+10,1.36845e+06,658.334,1.57576e+07,8.05532e+07
2016-07-14,485920,1.04155e+10,1.49574e+06,660.906,1.57594e+07,7.90147e+07
2016-07-15,446635,1.05088e+10,1.4321e+06,666.759,1.57611e+07,6.68623e+07
2016-07-16,468834,1.04868e+10,1.66547e+06,665.276,1.5763e+07,3.41569e+07
2016-07-17,437943,1.07373e+10,1.58061e+06,681.09,1.57649e+07,7.98753e+07
2016-07-18,488612,1.06444e+10,1.57005e+06,675.119,1.57668e+07,6.7743e+07
2016-07-19,473547,1.06383e+10,1.35843e+06,674.66,1.57684e+07,5.95159e+07
2016-07-20,470700,1.05236e+10,1.59192e+06,667.305,1.57702e+07,1.01095e+08
2016-07-21,451643,1.05175e+10,1.4115e+06,666.852,1.57719e+07,6.48327e+07
2016-07-22,470889,1.02617e+10,1.36905e+06,650.563,1.57735e+07,1.19566e+08
2016-07-23,449056,1.03702e+10,1.39027e+06,657.378,1.57751e+07,6.03372e+07
2016-07-24,435414,1.04346e+10,1.31598e+06,661.394,1.57767e+07,9.28653e+07
2016-07-25,499950,1.03367e+10,1.39027e+06,655.12,1.57783e+07,7.05845e+07
2016-07-26,510407,1.033e+10,1.36905e+06,654.626,1.57799e+07,2.08397e+08
2016-07-27,472568,1.0357e+10,1.35843e+06,656.275,1.57815e+07,1.23162e+08
2016-07-28,495202,1.03569e+10,1.44334e+06,656.196,1.57832e+07,7.81825e+07
2016-07-29,462610,1.03796e+10,1.56008e+06,657.558,1.57851e+07,5.28007e+07
2016-07-30,453074,1.03459e+10,1.26292e+06,655.362,1.57866e+07,3.56454e+07
2016-07-31,490761,9.86472e+09,1.63437e+06,624.804,1.57885e+07,9.62231e+07
2016-08-01,510170,9.57703e+09,1.62375e+06,606.509,1.57904e+07,1.11026e+08
2016-08-02,541551,8.32226e+09,1.6113e+06,526.981,1.57923e+07,2.857e+08
2016-08-03,512566,9.0083e+09,1.666e+06,570.347,1.57944e+07,1.50198e+08
2016-08-04,488042,9.21782e+09,1.53553e+06,583.542,1.57963e+07,9.0599e+07
2016-08-05,482120,9.18331e+09,1.69611e+06,581.28,1.57984e+07,4.24284e+07
2016-08-06,424854,9.33487e+09,1.666e+06,590.795,1.58005e+07,4.68563e+07
2016-08-07,444399,9.39817e+09,1.48535e+06,594.732,1.58024e+07,5.11493e+07
2016-08-08,527222,9.35023e+09,1.48535e+06,591.629,1.58042e+07,3.69828e+07
2016-08-09,494819,9.29271e+09,1.24448e+06,587.932,1.58058e+07,6.63126e+07
2016-08-10,534986,9.32602e+09,1.51546e+06,589.969,1.58076e+07,7.46544e+07
2016-08-11,526186,9.32107e+09,1.50542e+06,589.586,1.58095e+07,5.27107e+07
2016-08-12,496269,9.28431e+09,1.49539e+06,587.192,1.58114e+07,4.86419e+07
2016-08-13,465522,9.2566e+09,1.6359e+06,585.364,1.58134e+07,2.96459e+07
2016-08-14,448752,9.03675e+09,1.6359e+06,571.387,1.58155e+07,3.73484e+07
2016-08-15,503013,8.96151e+09,1.48067e+06,566.564,1.58173e+07,3.46696e+07
2016-08-16,551712,9.14993e+09,1.45878e+06,578.415,1.5819e+07,3.39965e+07
2016-08-17,507908,9.07565e+09,1.32911e+06,573.664,1.58205e+07,3.03639e+07
2016-08-18,526059,9.07042e+09,1.66409e+06,573.263,1.58224e+07,3.0544e+07
2016-08-19,507037,9.08253e+09,1.66409e+06,573.958,1.58244e+07,2.69863e+07
2016-08-20,511306,9.20769e+09,1.6749e+06,581.797,1.58263e+07,2.55285e+07
2016-08-21,445785,9.19297e+09,1.76134e+06,580.792,1.58283e+07,1.74429e+07
2016-08-22,516221,9.26029e+09,1.70732e+06,584.972,1.58303e+07,4.93764e+07
2016-08-23,512822,9.22425e+09,1.58845e+06,582.628,1.58321e+07,6.00627e+07
2016-08-24,519952,9.16319e+09,1.64248e+06,578.702,1.5834e+07,3.54064e+07
2016-08-25,485553,9.12188e+09,1.40475e+06,576.033,1.58357e+07,3.83277e+07
2016-08-26,478025,9.16783e+09,1.42636e+06,578.875,1.58373e+07,3.07271e+07
2016-08-27,460178,9.03148e+09,1.55603e+06,570.201,1.58391e+07,2.47968e+07
2016-08-28,419012,9.11026e+09,1.64248e+06,575.105,1.5841e+07,6.89908e+07
2016-08-29,512920,9.08477e+09,1.6188e+06,573.429,1.58429e+07,8.24584e+07
2016-08-30,545062,9.12186e+09,1.79971e+06,575.696,1.58449e+07,4.68647e+07
2016-08-31,497832,9.06858e+09,1.47049e+06,572.273,1.58466e+07,5.03642e+07
2016-09-01,481213,9.06878e+09,1.53634e+06,572.222,1.58484e+07,5.62043e+07
2016-09-02,490560,9.14318e+09,1.679e+06,576.847,1.58503e+07,5.90212e+07
2016-09-03,454210,9.51704e+09,1.3827e+06,600.374,1.58518e+07,1.07078e+08
2016-09-04,433383,9.67954e+09,1.96432e+06,610.539,1.58541e+07,6.39989e+07
2016-09-05,554978,9.63285e+09,1.53634e+06,607.527,1.58558e+07,5.54374e+07
2016-09-06,507177,9.7206e+09,1.49244e+06,612.995,1.58575e+07,5.78447e+07
2016-09-07,530571,9.76402e+09,1.66802e+06,615.66,1.58594e+07,5.38584e+07
2016-09-08,499129,1.00013e+10,1.58023e+06,630.55,1.58612e+07,5.8399e+07
2016-09-09,486523,9.88231e+09,1.55828e+06,622.978,1.5863e+07,4.17256e+07
2016-09-10,449720,9.91167e+09,1.70094e+06,624.753,1.58649e+07,2.74596e+07
2016-09-11,460039,9.65105e+09,1.79971e+06,608.247,1.5867e+07,5.44686e+07
2016-09-12,516128,9.64373e+09,1.82104e+06,607.707,1.5869e+07,4.33153e+07
2016-09-13,525384,9.66065e+09,1.85233e+06,608.694,1.58711e+07,5.02595e+07
2016-09-14,484948,9.67324e+09,1.75129e+06,609.413,1.5873e+07,2.8664e+07
2016-09-15,494956,9.63722e+09,1.72884e+06,607.07,1.5875e+07,4.16974e+07
2016-09-16,490815,9.64997e+09,1.56044e+06,607.806,1.58767e+07,4.52655e+07
2016-09-17,497085,9.64446e+09,1.82987e+06,607.381,1.58787e+07,2.36987e+07
2016-09-18,468394,9.71149e+09,1.6278e+06,611.533,1.58806e+07,3.27326e+07
2016-09-19,499780,9.67023e+09,1.49309e+06,608.871,1.58822e+07,3.60628e+07
2016-09-20,526478,9.66344e+09,1.69516e+06,608.372,1.58841e+07,5.48778e+07
2016-09-21,511634,9.48319e+09,1.86355e+06,596.946,1.58862e+07,5.98329e+07
2016-09-22,494102,9.4623e+09,1.5829e+06,595.565,1.58879e+07,4.48478e+07
2016-09-23,501479,9.57159e+09,1.52676e+06,602.379,1.58896e+07,3.14223e+07
2016-09-24,465376,9.57774e+09,1.86355e+06,602.687,1.58917e+07,2.04843e+07
2016-09-25,474290,9.54612e+09,2.16256e+06,600.61,1.5894e+07,1.9249e+07
2016-09-26,536915,9.64532e+09,1.83469e+06,606.779,1.58959e+07,3.85193e+07
2016-09-27,556798,9.62072e+09,2.00258e+06,605.152,1.5898e+07,2.91125e+07
2016-09-28,547404,9.61445e+09,1.77474e+06,604.686,1.58999e+07,2.94781e+07
2016-09-29,554360,9.62373e+09,1.71478e+06,605.203,1.59017e+07,2.94904e+07
2016-09-30,548051,9.68307e+09,1.70279e+06,608.866,1.59034e+07,3.16948e+07
2016-10-01,501986,9.78832e+09,1.88266e+06,615.408,1.59054e+07,3.33722e+07
2016-10-02,463086,9.73119e+09,1.6908e+06,611.749,1.59072e+07,2.16733e+07
2016-10-03,631233,9.74574e+09,1.81071e+06,612.59,1.59091e+07,2.59051e+07
2016-10-04,595024,9.70586e+09,1.89465e+06,610.008,1.5911e+07,3.05091e+07
2016-10-05,599856,9.74118e+09,2.00258e+06,612.148,1.59131e+07,4.87081e+07
2016-10-06,611468,9.73626e+09,1.93063e+06,611.761,1.59151e+07,3.87116e+07
2016-10-07,577168,9.83516e+09,1.71478e+06,617.906,1.59169e+07,4.08561e+07
2016-10-08,547264,9.85868e+09,2.1091e+06,619.301,1.5919e+07,2.46669e+07
2016-10-09,517842,9.82489e+09,2.0562e+06,617.101,1.5921e+07,2.06186e+07
2016-10-10,513555,9.84151e+09,1.59355e+06,618.085,1.59226e+07,3.37237e+07
2016-10-11,595746,1.0239e+10,1.78632e+06,642.981,1.59243e+07,6.28642e+07
2016-10-12,542168,1.01385e+10,1.85058e+06,636.598,1.59261e+07,3.67374e+07
2016-10-13,553694,1.01212e+10,1.64496e+06,635.444,1.59277e+07,3.21564e+07
2016-10-14,523032,1.01882e+10,1.74777e+06,639.586,1.59294e+07,3.45773e+07
2016-10-15,499884,1.01527e+10,1.82488e+06,637.284,1.59312e+07,2.01851e+07
2016-10-16,490575,1.02434e+10,1.67066e+06,642.913,1.59328e+07,1.90516e+07
2016-10-17,544749,1.01843e+10,1.6064e+06,639.138,1.59344e+07,3.06682e+07
2016-10-18,585111,1.01288e+10,1.99194e+06,635.577,1.59363e+07,3.70559e+07
2016-10-19,456808,1.00351e+10,1.6064e+06,629.641,1.59379e+07,3.59647e+07
2016-10-20,624972,1.00196e+10,1.72207e+06,628.599,1.59396e+07,2.80248e+07
2016-10-21,574916,1.00577e+10,2.1076e+06,630.906,1.59416e+07,2.61016e+07
2016-10-22,530899,1.04351e+10,1.9063e+06,654.509,1.59435e+07,3.75142e+07
2016-10-23,527890,1.03957e+10,1.81547e+06,651.962,1.59453e+07,2.54831e+07
2016-10-24,582797,1.0366e+10,1.80286e+06,650.027,1.59471e+07,3.19365e+07
2016-10-25,620214,1.04591e+10,1.75243e+06,655.793,1.59488e+07,5.13242e+07
2016-10-26,613266,1.07684e+10,1.73983e+06,675.11,1.59505e+07,4.55694e+07
2016-10-27,724529,1.09518e+10,2.0424e+06,686.523,1.59525e+07,5.31354e+07
2016-10-28,560747,1.10148e+10,1.91633e+06,690.391,1.59544e+07,4.74207e+07
2016-10-29,542123,1.14159e+10,1.87851e+06,715.445,1.59563e+07,8.95808e+07
2016-10-30,475892,1.11603e+10,2.11805e+06,699.333,1.59584e+07,5.48733e+07
2016-10-31,587693,1.11546e+10,1.85329e+06,698.898,1.59602e+07,5.06523e+07
2016-11-01,602551,1.16615e+10,1.81547e+06,730.578,1.5962e+07,8.48941e+07
2016-11-02,586295,1.1819e+10,1.67679e+06,740.367,1.59637e+07,4.66927e+07
2016-11-03,596454,1.10153e+10,1.95415e+06,689.939,1.59656e+07,1.05824e+08
2016-11-04,552456,1.12637e+10,1.46246e+06,705.432,1.59671e+07,5.79191e+07
2016-11-05,550980,1.12872e+10,1.85608e+06,706.819,1.59689e+07,2.72795e+07
2016-11-06,526347,1.14335e+10,1.93656e+06,715.897,1.59708e+07,3.25502e+07
2016-11-07,624606,1.12796e+10,1.84796e+06,706.181,1.59727e+07,3.9876e+07
2016-11-08,660400,1.13714e+10,2.13907e+06,711.836,1.59748e+07,5.19191e+07
2016-11-09,615584,1.15272e+10,1.86061e+06,721.502,1.59766e+07,9.91552e+07
2016-11-10,603667,1.13993e+10,2.12642e+06,713.408,1.59787e+07,4.25054e+07
2016-11-11,565366,1.14375e+10,2.06313e+06,715.703,1.59808e+07,3.71864e+07
2016-11-12,583489,1.12495e+10,2.12642e+06,703.848,1.59829e+07,4.43441e+07
2016-11-13,527525,1.12472e+10,1.79733e+06,703.626,1.59846e+07,5.19845e+07
2016-11-14,640753,1.1281e+10,2.17704e+06,705.644,1.59868e+07,4.91677e+07
2016-11-15,651339,1.13895e+10,1.97453e+06,712.347,1.59887e+07,5.18542e+07
2016-11-16,621011,1.1866e+10,2.16439e+06,742.05,1.59909e+07,1.11586e+08
2016-11-17,625675,1.17598e+10,2.0125e+06,735.318,1.59929e+07,8.7525e+07
2016-11-18,624376,1.19893e+10,2.01109e+06,749.579,1.59947e+07,6.36167e+07
2016-11-19,577027,1.20168e+10,1.98919e+06,751.214,1.59965e+07,4.77685e+07
2016-11-20,581103,1.16842e+10,1.79308e+06,730.351,1.59981e+07,6.63563e+07
2016-11-21,608552,1.1784e+10,1.94717e+06,736.507,1.59998e+07,4.35618e+07
2016-11-22,617504,1.19691e+10,1.87713e+06,747.998,1.60015e+07,6.65449e+07
2016-11-23,636445,1.18623e+10,2.05923e+06,741.24,1.60033e+07,6.95001e+07
2016-11-24,737874,1.18016e+10,2.26936e+06,737.355,1.60054e+07,6.2231e+07
2016-11-25,682142,1.18403e+10,2.12928e+06,739.685,1.60073e+07,3.89596e+07
2016-11-26,654741,1.17612e+10,2.14329e+06,734.653,1.60092e+07,3.16907e+07
2016-11-27,589127,1.16518e+10,2.01721e+06,727.741,1.6011e+07,2.97407e+07
2016-11-28,701286,1.16908e+10,2.29738e+06,730.082,1.6013e+07,3.79993e+07
2016-11-29,654015,1.17172e+10,2.08725e+06,731.646,1.60149e+07,4.52505e+07
2016-11-30,632745,1.18876e+10,1.98919e+06,742.204,1.60167e+07,6.26652e+07
2016-12-01,597486,1.20727e+10,2.04523e+06,753.675,1.60185e+07,6.69387e+07
2016-12-02,732501,1.23725e+10,2.03553e+06,772.302,1.60203e+07,9.21082e+07
2016-12-03,704699,1.22749e+10,2.4519e+06,766.11,1.60224e+07,7.31411e+07
2016-12-04,645140,1.22807e+10,2.10977e+06,766.38,1.60243e+07,3.03612e+07
2016-12-05,673152,1.20624e+10,2.16679e+06,752.671,1.60262e+07,7.74697e+07
2016-12-06,752811,1.21672e+10,2.13828e+06,759.117,1.6028e+07,9.15665e+07
2016-12-07,761638,1.22629e+10,2.48041e+06,764.988,1.60302e+07,6.25936e+07
2016-12-08,657520,1.23073e+10,2.23807e+06,767.659,1.60322e+07,5.08207e+07
2016-12-09,612161,1.23766e+10,1.92445e+06,771.902,1.60339e+07,3.53418e+07
2016-12-10,587478,1.24351e+10,1.88169e+06,775.475,1.60355e+07,2.62345e+07
2016-12-11,565550,1.23571e+10,2.66572e+06,770.496,1.60379e+07,3.1681e+07
2016-12-12,646506,1.24871e+10,2.22381e+06,778.507,1.60398e+07,3.97409e+07
2016-12-13,664583,1.24956e+10,2.53743e+06,778.931,1.6042e+07,4.67513e+07
2016-12-14,620511,1.24654e+10,1.98147e+06,776.964,1.60438e+07,3.58395e+07
2016-12-15,610613,1.2454e+10,1.95225e+06,776.177,1.60454e+07,3.69278e+07
2016-12-16,640704,1.25525e+10,2.05057e+06,782.23,1.6047e+07,3.12679e+07
2016-12-17,582085,1.26722e+10,2.22017e+06,789.603,1.60488e+07,3.05873e+07
2016-12-18,578425,1.26901e+10,2.17391e+06,790.633,1.60506e+07,2.17895e+07
2016-12-19,660086,1.26859e+10,2.32809e+06,790.279,1.60525e+07,3.02835e+07
2016-12-20,649665,1.28398e+10,2.12766e+06,799.778,1.60542e+07,4.79756e+07
2016-12-21,701255,1.33023e+10,2.45144e+06,828.484,1.60562e+07,9.09588e+07
2016-12-22,685539,1.3786e+10,2.45144e+06,858.501,1.60582e+07,1.24502e+08
2016-12-23,656294,1.4704e+10,2.34351e+06,915.562,1.60601e+07,1.72525e+08
2016-12-24,548416,1.43135e+10,2.11224e+06,891.155,1.60618e+07,8.68629e+07
2016-12-25,469228,1.43933e+10,2.54394e+06,896.003,1.60638e+07,9.2038e+07
2016-12-26,598371,1.45105e+10,2.18933e+06,903.201,1.60656e+07,9.7684e+07
2016-12-27,643553,1.48778e+10,2.40518e+06,925.951,1.60676e+07,1.00696e+08
2016-12-28,663681,1.57476e+10,2.54613e+06,979.961,1.60696e+07,1.56115e+08
2016-12-29,655045,1.5645e+10,2.36886e+06,973.463,1.60715e+07,1.40165e+08
2016-12-30,641012,1.54495e+10,2.4794e+06,961.183,1.60735e+07,1.43911e+08
2016-12-31,569619,1.55765e+10,2.33727e+06,968.971,1.60753e+07,5.94338e+07
2017-01-01,466889,1.60332e+10,2.46361e+06,997.257,1.60773e+07,8.37865e+07
2017-01-02,695006,1.63538e+10,2.51099e+06,1017.08,1.60792e+07,1.62542e+08
2017-01-03,665048,1.66057e+10,2.58995e+06,1032.61,1.60813e+07,1.34042e+08
2017-01-04,695057,1.82463e+10,2.41623e+06,1134.5,1.60832e+07,3.87824e+08
2017-01-05,652932,1.6093e+10,2.21093e+06,1000.5,1.6085e+07,5.01682e+08
2017-01-06,718728,1.4357e+10,2.54257e+06,892.464,1.6087e+07,3.56215e+08
2017-01-07,641049,1.45354e+10,2.17935e+06,903.453,1.60887e+07,2.43772e+08
2017-01-08,594176,1.46826e+10,2.63733e+06,912.485,1.60908e+07,1.57344e+08
2017-01-09,615967,1.45397e+10,2.14776e+06,903.509,1.60925e+07,1.4596e+08
2017-01-10,698656,1.45896e+10,2.54588e+06,906.499,1.60945e+07,1.10761e+08
2017-01-11,639505,1.2689e+10,2.56235e+06,788.315,1.60964e+07,3.16506e+08
2017-01-12,607660,1.29933e+10,2.88055e+06,807.11,1.60985e+07,2.14686e+08
2017-01-13,601486,1.3311e+10,2.51211e+06,826.747,1.61004e+07,1.71313e+08
2017-01-14,595768,1.32048e+10,2.88055e+06,820.045,1.61026e+07,8.83996e+07
2017-01-15,540189,1.32791e+10,2.79681e+06,824.547,1.61047e+07,5.68954e+07
2017-01-16,642798,1.33821e+10,2.83031e+06,830.838,1.61068e+07,6.53448e+07
2017-01-17,652459,1.4595e+10,2.64609e+06,906.027,1.61087e+07,1.40219e+08
2017-01-18,651983,1.41976e+10,2.51211e+06,881.26,1.61106e+07,1.25191e+08
2017-01-19,687454,1.4538e+10,2.91405e+06,902.264,1.61128e+07,8.3486e+07
2017-01-20,659337,1.44259e+10,3.16526e+06,895.175,1.61152e+07,6.05091e+07
2017-01-21,629947,1.49e+10,3.03128e+06,924.468,1.61174e+07,6.64022e+07
2017-01-22,572531,1.48698e+10,2.95028e+06,922.467,1.61196e+07,8.77847e+07
2017-01-23,619539,1.48174e+10,2.69573e+06,919.116,1.61213e+07,5.07325e+07
2017-01-24,724707,1.43132e+10,2.91061e+06,887.743,1.61232e+07,9.37496e+07
2017-01-25,707539,1.4443e+10,2.91061e+06,895.69,1.6125e+07,5.77561e+07
2017-01-26,719958,1.47831e+10,3.02782e+06,916.667,1.6127e+07,5.86858e+07
2017-01-27,660526,1.48461e+10,3.32083e+06,920.454,1.61291e+07,4.92999e+07
2017-01-28,669387,1.48853e+10,2.96922e+06,922.775,1.6131e+07,2.932e+07
2017-01-29,636175,1.4772e+10,3.26223e+06,915.632,1.61331e+07,2.54603e+07
2017-01-30,649149,1.48492e+10,2.81294e+06,920.313,1.61349e+07,3.97505e+07
2017-01-31,686217,1.56284e+10,2.83247e+06,968.499,1.61367e+07,1.10113e+08
2017-02-01,780918,1.59379e+10,3.75059e+06,987.533,1.61391e+07,8.96206e+07
2017-02-02,637933,1.62654e+10,3.06689e+06,1007.7,1.61411e+07,9.17264e+07
2017-02-03,713302,1.639e+10,2.91061e+06,1015.3,1.61429e+07,1.33596e+08
2017-02-04,655245,1.66902e+10,2.82456e+06,1033.79,1.61447e+07,8.29476e+07
2017-02-05,694185,1.63819e+10,3.33681e+06,1014.57,1.61467e+07,6.22223e+07
2017-02-06,612564,1.65248e+10,2.62328e+06,1023.32,1.61483e+07,5.91297e+07
2017-02-07,721269,1.70162e+10,3.16892e+06,1053.62,1.61502e+07,8.2189e+07
2017-02-08,668157,1.69978e+10,3.06399e+06,1052.37,1.6152e+07,1.37767e+08
2017-02-09,753077,1.58755e+10,3.54667e+06,982.752,1.61541e+07,3.08998e+08
2017-02-10,659353,1.61018e+10,3.08497e+06,996.65,1.61559e+07,1.34791e+08
2017-02-11,623589,1.63415e+10,2.91708e+06,1011.38,1.61577e+07,5.76601e+07
2017-02-12,562366,1.62612e+10,2.93807e+06,1006.3,1.61594e+07,3.32488e+07
2017-02-13,674942,1.61607e+10,3.42075e+06,999.953,1.61615e+07,7.74331e+07
2017-02-14,676693,1.6361e+10,3.54667e+06,1012.21,1.61636e+07,1.03062e+08
2017-02-15,630353,1.63901e+10,2.91708e+06,1013.9,1.61653e+07,5.35814e+07
2017-02-16,677760,1.67623e+10,3.16892e+06,1036.81,1.61672e+07,7.19376e+07
2017-02-17,697160,1.71177e+10,3.16892e+06,1058.67,1.61691e+07,9.37196e+07
2017-02-18,688930,1.71521e+10,3.25403e+06,1060.67,1.6171e+07,5.71457e+07
2017-02-19,592596,1.71234e+10,2.93611e+06,1058.79,1.61727e+07,4.67407e+07
2017-02-20,656025,1.7609e+10,3.24287e+06,1088.69,1.61745e+07,8.2888e+07
2017-02-21,644640,1.82606e+10,3.02376e+06,1128.86,1.61762e+07,1.5415e+08
2017-02-22,627239,1.82763e+10,3.02376e+06,1129.7,1.6178e+07,1.10041e+08
2017-02-23,702266,1.92356e+10,3.28669e+06,1188.86,1.61798e+07,1.57591e+08
2017-02-24,763642,1.91834e+10,3.57154e+06,1185.49,1.61819e+07,3.30837e+08
2017-02-25,741893,1.86375e+10,3.65919e+06,1151.6,1.6184e+07,1.53596e+08
2017-02-26,663264,1.91274e+10,3.90021e+06,1181.71,1.61862e+07,1.05586e+08
2017-02-27,661526,1.93309e+10,3.15523e+06,1194.15,1.6188e+07,1.10694e+08
2017-02-28,704366,1.92401e+10,3.35243e+06,1188.4,1.61899e+07,1.91924e+08
2017-03-01,680418,1.98908e+10,3.15523e+06,1228.46,1.61917e+07,1.66851e+08
2017-03-02,735015,2.04515e+10,3.44007e+06,1262.93,1.61937e+07,2.74525e+08
2017-03-03,732359,2.08819e+10,3.34935e+06,1289.36,1.61955e+07,2.32867e+08
2017-03-04,626694,2.05533e+10,3.02346e+06,1268.94,1.61972e+07,1.39586e+08
2017-03-05,695966,2.06744e+10,3.36703e+06,1276.27,1.6199e+07,8.98209e+07
2017-03-06,675606,2.07736e+10,3.25251e+06,1282.25,1.62008e+07,9.41113e+07
2017-03-07,738688,2.00019e+10,3.50446e+06,1234.48,1.62027e+07,2.62376e+08
2017-03-08,686030,1.86698e+10,3.25251e+06,1152.14,1.62045e+07,3.12238e+08
2017-03-09,705017,1.93416e+10,3.38994e+06,1193.46,1.62063e+07,1.93092e+08
2017-03-10,747049,1.78053e+10,3.57318e+06,1098.53,1.62083e+07,5.64405e+08
2017-03-11,690924,1.90765e+10,3.41284e+06,1176.82,1.62102e+07,2.50811e+08
2017-03-12,598360,1.99692e+10,3.55027e+06,1231.75,1.62121e+07,1.98458e+08
2017-03-13,681914,2.00955e+10,3.32122e+06,1239.4,1.62139e+07,3.16321e+08
2017-03-14,747825,2.02137e+10,3.57318e+06,1246.54,1.62159e+07,1.93617e+08
2017-03-15,673841,2.04124e+10,3.25251e+06,1258.65,1.62176e+07,2.26523e+08
2017-03-16,729304,1.9107e+10,3.50446e+06,1178.02,1.62195e+07,5.59055e+08
2017-03-17,711639,1.73908e+10,3.60087e+06,1072.08,1.62215e+07,6.47744e+08
2017-03-18,689478,1.56162e+10,3.71265e+06,962.569,1.62234e+07,6.0405e+08
2017-03-19,664913,1.65536e+10,3.90183e+06,1020.22,1.62255e+07,3.45601e+08
2017-03-20,658172,1.68399e+10,3.21605e+06,1037.76,1.62272e+07,2.32902e+08
2017-03-21,686680,1.80437e+10,3.35794e+06,1111.82,1.6229e+07,2.78386e+08
2017-03-22,742361,1.68364e+10,3.75994e+06,1037.3,1.6231e+07,3.31498e+08
2017-03-23,680140,1.66901e+10,3.49982e+06,1028.17,1.62328e+07,1.71359e+08
2017-03-24,702675,1.51808e+10,4.16195e+06,935.063,1.6235e+07,3.95891e+08
2017-03-25,622498,1.57259e+10,3.14511e+06,968.543,1.62367e+07,3.44258e+08
2017-03-26,573816,1.56372e+10,3.92547e+06,962.958,1.62387e+07,2.58634e+08
2017-03-27,610984,1.69374e+10,3.12146e+06,1042.92,1.62404e+07,2.62852e+08
2017-03-28,738882,1.69759e+10,3.66535e+06,1045.16,1.62423e+07,2.32847e+08
2017-03-29,677629,1.68888e+10,3.26335e+06,1039.69,1.62441e+07,2.27333e+08
2017-03-30,689337,1.68633e+10,3.94242e+06,1037.99,1.62461e+07,2.39089e+08
2017-03-31,634568,1.7576e+10,3.353e+06,1081.74,1.62478e+07,3.50406e+08
2017-04-01,642373,1.77042e+10,3.27849e+06,1089.52,1.62494e+07,2.00087e+08
2017-04-02,648586,1.7967e+10,3.92425e+06,1105.56,1.62514e+07,4.11304e+08
2017-04-03,736529,1.8605e+10,4.37132e+06,1144.66,1.62536e+07,4.63397e+08
2017-04-04,634031,1.85622e+10,3.10463e+06,1141.92,1.62552e+07,3.13513e+08
2017-04-05,739640,1.84651e+10,4.0236e+06,1135.81,1.62572e+07,3.06676e+08
2017-04-06,700828,1.9423e+10,3.65104e+06,1194.6,1.6259e+07,3.70159e+08
2017-04-07,717479,1.93788e+10,4.0236e+06,1191.73,1.62611e+07,2.07435e+08
2017-04-08,599739,1.92619e+10,3.40267e+06,1184.42,1.62628e+07,1.39974e+08
2017-04-09,654193,1.97395e+10,3.94909e+06,1213.63,1.62648e+07,1.6378e+08
2017-04-10,691112,1.97094e+10,3.65104e+06,1211.65,1.62666e+07,1.35636e+08
2017-04-11,754368,2.0007e+10,4.14779e+06,1229.78,1.62687e+07,1.24447e+08
2017-04-12,687363,1.97868e+10,3.52686e+06,1216.11,1.62705e+07,1.9727e+08
2017-04-13,611405,1.90799e+10,3.27429e+06,1172.56,1.62721e+07,2.49804e+08
2017-04-14,696528,1.91109e+10,3.59865e+06,1174.33,1.62738e+07,1.66106e+08
2017-04-15,681237,1.91331e+10,3.88343e+06,1175.56,1.62757e+07,1.29628e+08
2017-04-16,589650,1.91048e+10,3.77987e+06,1173.69,1.62775e+07,9.2645e+07
2017-04-17,613136,1.94032e+10,3.57276e+06,1191.9,1.62792e+07,1.50531e+08
2017-04-18,713650,1.9572e+10,3.77987e+06,1202.13,1.6281e+07,1.68954e+08
2017-04-19,718648,1.96951e+10,3.7022e+06,1209.56,1.62828e+07,1.66188e+08
2017-04-20,687821,2.01245e+10,3.57276e+06,1235.8,1.62846e+07,2.04341e+08
2017-04-21,782123,2.03149e+10,4.32355e+06,1247.34,1.62866e+07,1.67969e+08
2017-04-22,691453,2.02555e+10,3.75398e+06,1243.55,1.62885e+07,1.58977e+08
2017-04-23,637701,2.0363e+10,3.9611e+06,1250,1.62904e+07,1.6378e+08
2017-04-24,616696,2.04828e+10,3.2103e+06,1257.24,1.62919e+07,1.62071e+08
2017-04-25,740074,2.08538e+10,3.83165e+06,1279.86,1.62938e+07,1.69967e+08
2017-04-26,769382,2.11271e+10,3.9611e+06,1296.49,1.62957e+07,2.51971e+08
2017-04-27,718553,2.19347e+10,3.81359e+06,1345.89,1.62975e+07,3.39643e+08
2017-04-28,726149,2.19711e+10,3.52886e+06,1347.99,1.62992e+07,4.29677e+08
2017-04-29,827017,2.21326e+10,4.48892e+06,1357.72,1.63014e+07,3.52724e+08
2017-04-30,726257,2.25304e+10,3.91807e+06,1381.96,1.63033e+07,3.24012e+08
2017-05-01,713866,2.34295e+10,3.89212e+06,1436.94,1.63051e+07,5.8039e+08
2017-05-02,782531,2.38707e+10,4.0997e+06,1463.82,1.63071e+07,3.61396e+08
2017-05-03,691453,2.47797e+10,3.42507e+06,1519.41,1.63088e+07,4.57725e+08
2017-05-04,851617,2.5116e+10,4.35918e+06,1539.83,1.63109e+07,7.75033e+08
2017-05-05,660727,2.49557e+10,3.34723e+06,1529.85,1.63125e+07,7.99184e+08
2017-05-06,867643,2.56675e+10,4.35918e+06,1573.29,1.63146e+07,4.58353e+08
2017-05-07,790638,2.49036e+10,4.33323e+06,1526.27,1.63167e+07,8.99179e+08
2017-05-08,887445,2.74988e+10,4.67055e+06,1685.09,1.63189e+07,1.04492e+09
2017-05-09,805373,2.80593e+10,4.02186e+06,1719.23,1.63209e+07,9.63143e+08
2017-05-10,730268,2.90952e+10,4.09333e+06,1782.5,1.63227e+07,7.17798e+08
2017-05-11,703146,2.99632e+10,3.7579e+06,1835.49,1.63244e+07,6.099e+08
2017-05-12,742648,2.78309e+10,4.28679e+06,1704.66,1.63263e+07,5.80034e+08
2017-05-13,793427,2.90618e+10,4.39814e+06,1779.84,1.63283e+07,3.95461e+08
2017-05-14,894445,2.93063e+10,4.56515e+06,1794.59,1.63303e+07,2.95823e+08
2017-05-15,824667,2.83676e+10,4.73217e+06,1736.88,1.63325e+07,5.47267e+08
2017-05-16,653146,2.86995e+10,3.67439e+06,1757.03,1.63341e+07,7.28329e+08
2017-05-17,765393,2.95478e+10,4.31463e+06,1808.75,1.63361e+07,7.91843e+08
2017-05-18,742869,3.09479e+10,3.95276e+06,1894.25,1.63378e+07,6.54052e+08
2017-05-19,805861,3.21495e+10,4.56515e+06,1967.55,1.63399e+07,8.99411e+08
2017-05-20,854533,3.34702e+10,4.59299e+06,2048.12,1.63419e+07,7.03979e+08
2017-05-21,778746,3.34267e+10,4.09194e+06,2045.22,1.63438e+07,8.52701e+08
2017-05-22,781440,3.39816e+10,4.0641e+06,2078.94,1.63456e+07,1.51621e+09
2017-05-23,872972,3.69015e+10,4.88738e+06,2257.29,1.63477e+07,9.36087e+08
2017-05-24,811722,3.94845e+10,4.56201e+06,2415.01,1.63496e+07,1.32474e+09
2017-05-25,847501,3.79294e+10,4.82862e+06,2319.6,1.63517e+07,1.64085e+09
2017-05-26,814316,3.72767e+10,4.53239e+06,2279.42,1.63536e+07,1.12029e+09
2017-05-27,892105,3.34359e+10,4.97674e+06,2044.3,1.63557e+07,1.1028e+09
2017-05-28,848084,3.64075e+10,4.88787e+06,2225.7,1.63577e+07,7.2812e+08
2017-05-29,771791,3.73771e+10,4.47314e+06,2284.72,1.63596e+07,6.27885e+08
2017-05-30,851137,3.54605e+10,5.3026e+06,2167.26,1.63619e+07,1.02317e+09
2017-05-31,818815,3.76277e+10,4.85824e+06,2299.43,1.63639e+07,9.50222e+08
2017-06-01,837922,3.92767e+10,5.03598e+06,2399.89,1.6366e+07,1.0644e+09
2017-06-02,723130,4.05829e+10,4.32502e+06,2479.42,1.63679e+07,7.79649e+08
2017-06-03,879242,4.17369e+10,5.6877e+06,2549.55,1.63703e+07,9.12051e+08
2017-06-04,739511,4.13399e+10,5.04939e+06,2524.99,1.63723e+07,8.43789e+08
2017-06-05,767010,4.39703e+10,5.53358e+06,2685.32,1.63743e+07,7.65114e+08
2017-06-06,802549,4.70217e+10,5.09494e+06,2871.34,1.63762e+07,1.28655e+09
2017-06-07,877184,4.43321e+10,5.56732e+06,2706.76,1.63783e+07,9.79427e+08
2017-06-08,823165,4.5907e+10,5.56732e+06,2802.56,1.63803e+07,7.44344e+08
2017-06-09,762294,4.59501e+10,5.09494e+06,2804.87,1.63822e+07,8.54891e+08
2017-06-10,696034,4.77811e+10,4.75753e+06,2916.33,1.6384e+07,1.36734e+09
2017-06-11,670073,4.8735e+10,4.92624e+06,2974.21,1.63858e+07,1.14553e+09
2017-06-12,726296,4.36802e+10,4.95998e+06,2665.43,1.63877e+07,1.80153e+09
2017-06-13,768501,4.43684e+10,4.75753e+06,2707.14,1.63894e+07,1.18126e+09
2017-06-14,740847,4.00572e+10,4.72379e+06,2443.82,1.63912e+07,1.14925e+09
2017-06-15,797366,3.95055e+10,5.16243e+06,2409.89,1.63931e+07,1.23724e+09
2017-06-16,730161,4.05997e+10,4.99372e+06,2476.36,1.63949e+07,6.61611e+08
2017-06-17,659616,4.34966e+10,4.90723e+06,2652.76,1.63967e+07,8.9422e+08
2017-06-18,628753,4.11311e+10,5.12991e+06,2508.21,1.63986e+07,7.30639e+08
2017-06-19,725338,4.24713e+10,5.34218e+06,2589.64,1.64004e+07,7.85136e+08
2017-06-20,745087,4.48309e+10,4.88226e+06,2733.23,1.64022e+07,1.11402e+09
2017-06-21,755305,4.32942e+10,4.95301e+06,2639.26,1.64039e+07,9.70208e+08
2017-06-22,728948,4.40762e+10,4.91763e+06,2686.65,1.64057e+07,5.71934e+08
2017-06-23,718091,4.40689e+10,5.66059e+06,2685.87,1.64077e+07,4.67521e+08
2017-06-24,638287,4.20442e+10,5.16528e+06,2562.19,1.64095e+07,4.97923e+08
2017-06-25,537762,4.09903e+10,4.3162e+06,2497.73,1.6411e+07,6.37785e+08
2017-06-26,705488,3.98234e+10,5.02377e+06,2426.37,1.64128e+07,9.89771e+08
2017-06-27,696698,4.15342e+10,4.6346e+06,2530.35,1.64144e+07,8.02082e+08
2017-06-28,738521,4.20718e+10,5.55445e+06,2562.79,1.64164e+07,6.93182e+08
2017-06-29,628876,4.17087e+10,4.24544e+06,2540.44,1.64179e+07,5.20258e+08
2017-06-30,715545,4.02731e+10,5.44831e+06,2452.71,1.64198e+07,4.36454e+08
2017-07-01,641147,3.96155e+10,5.8018e+06,2412.37,1.64219e+07,4.13728e+08
2017-07-02,604820,4.13705e+10,6.6228e+06,2518.87,1.64242e+07,4.07217e+08
2017-07-03,660964,4.19188e+10,5.9887e+06,2551.93,1.64263e+07,4.97919e+08
2017-07-04,718284,4.27093e+10,5.38983e+06,2599.74,1.64282e+07,5.48148e+08
2017-07-05,649605,4.28515e+10,5.24892e+06,2608.1,1.64301e+07,4.99129e+08
2017-07-06,637761,4.27754e+10,5.00233e+06,2603.2,1.64319e+07,3.90694e+08
2017-07-07,733315,4.1015e+10,5.21369e+06,2495.78,1.64337e+07,4.8958e+08
2017-07-08,630307,4.19687e+10,5.81256e+06,2553.49,1.64358e+07,4.15646e+08
2017-07-09,547682,4.11953e+10,4.86142e+06,2506.17,1.64375e+07,2.64521e+08
2017-07-10,778061,3.81304e+10,6.93985e+06,2319.37,1.644e+07,6.55176e+08
2017-07-11,773747,3.81321e+10,6.09438e+06,2319.17,1.64421e+07,8.0972e+08
2017-07-12,746872,3.90535e+10,6.23529e+06,2374.89,1.64444e+07,6.30837e+08
2017-07-13,675427,3.85459e+10,5.53074e+06,2343.74,1.64463e+07,4.87394e+08
2017-07-14,647312,3.64296e+10,5.28742e+06,2214.83,1.64481e+07,4.8312e+08
2017-07-15,624607,3.27288e+10,5.07913e+06,1989.63,1.64496e+07,5.73039e+08
2017-07-16,617297,3.14351e+10,6.51889e+06,1910.75,1.64517e+07,7.51164e+08
2017-07-17,690739,3.64569e+10,5.91899e+06,2215.75,1.64535e+07,6.60953e+08
2017-07-18,809612,3.79098e+10,6.59887e+06,2303.76,1.64556e+07,8.91189e+08
2017-07-19,713341,3.71456e+10,5.95898e+06,2257.07,1.64575e+07,7.11539e+08
2017-07-20,660126,4.64799e+10,6.47889e+06,2823.9,1.64595e+07,1.22173e+09
2017-07-21,744868,4.38884e+10,6.15895e+06,2666.14,1.64614e+07,9.05017e+08
2017-07-22,633583,4.65874e+10,6.39891e+06,2829.75,1.64634e+07,6.2647e+08
2017-07-23,536910,4.53337e+10,6.87882e+06,2753.24,1.64656e+07,5.71005e+08
2017-07-24,681339,4.53714e+10,7.11878e+06,2755.16,1.64678e+07,4.32767e+08
2017-07-25,702031,4.21407e+10,5.91899e+06,2558.69,1.64696e+07,8.44295e+08
2017-07-26,652653,4.15464e+10,5.879e+06,2522.32,1.64715e+07,5.29971e+08
2017-07-27,686889,4.3904e+10,6.41644e+06,2665.15,1.64734e+07,4.60852e+08
2017-07-28,683771,4.60292e+10,6.41428e+06,2793.83,1.64753e+07,8.26624e+08
2017-07-29,634637,4.45948e+10,6.71361e+06,2706.45,1.64772e+07,5.12289e+08
2017-07-30,583526,4.53073e+10,6.28599e+06,2749.38,1.64791e+07,4.46284e+08
2017-07-31,692282,4.71784e+10,6.20047e+06,2862.61,1.64809e+07,5.13069e+08
2017-08-01,473639,4.49549e+10,6.37152e+06,2727.39,1.64827e+07,7.53834e+08
2017-08-02,599118,4.43461e+10,6.4998e+06,2690.15,1.64846e+07,4.61743e+08
2017-08-03,592805,4.59928e+10,5.90114e+06,2789.75,1.64864e+07,3.67455e+08
2017-08-04,668144,4.71619e+10,7.65437e+06,2860.27,1.64886e+07,4.79954e+08
2017-08-05,642015,5.33878e+10,7.56885e+06,3237.42,1.64908e+07,9.97213e+08
2017-08-06,547079,5.32729e+10,5.98666e+06,3230.12,1.64926e+07,5.03869e+08
2017-08-07,692078,5.59586e+10,6.54257e+06,3392.56,1.64945e+07,6.40934e+08
2017-08-08,786340,5.65118e+10,7.01295e+06,3425.68,1.64965e+07,8.84861e+08
2017-08-09,711839,5.52232e+10,6.10787e+06,3347.22,1.64983e+07,7.81125e+08
2017-08-10,730801,5.67108e+10,6.14982e+06,3437.03,1.64999e+07,5.72648e+08
2017-08-11,729508,6.04049e+10,6.60876e+06,3660.52,1.65017e+07,7.87886e+08
2017-08-12,695821,6.38861e+10,6.19571e+06,3871.08,1.65034e+07,1.03107e+09
2017-08-13,717839,6.70741e+10,6.79234e+06,4063.8,1.65053e+07,1.63365e+09
2017-08-14,681161,7.10557e+10,5.96624e+06,4304.6,1.65069e+07,1.18595e+09
2017-08-15,817719,6.86771e+10,6.97591e+06,4160.03,1.65088e+07,1.71978e+09
2017-08-16,688962,7.20627e+10,5.96624e+06,4364.68,1.65104e+07,1.04895e+09
2017-08-17,863099,7.11451e+10,8.21506e+06,4308.52,1.65127e+07,1.0994e+09
2017-08-18,727394,6.785e+10,6.83823e+06,4108.51,1.65145e+07,1.32309e+09
2017-08-19,708914,6.87138e+10,6.93002e+06,4160.33,1.65164e+07,1.25452e+09
2017-08-20,627940,6.74896e+10,5.96624e+06,4085.81,1.6518e+07,7.99192e+08
2017-08-21,632318,6.59561e+10,5.27783e+06,3992.63,1.65195e+07,1.29445e+09
2017-08-22,530992,6.73103e+10,4.08458e+06,4074.33,1.65206e+07,1.51053e+09
2017-08-23,839588,6.85177e+10,7.29717e+06,4146.92,1.65226e+07,1.21558e+09
2017-08-24,542527,7.14791e+10,4.46799e+06,4325.82,1.65238e+07,1.00258e+09
2017-08-25,587663,7.19359e+10,4.45928e+06,4353.13,1.65251e+07,8.66327e+08
2017-08-26,617917,7.17573e+10,4.63588e+06,4341.98,1.65264e+07,7.83261e+08
2017-08-27,753881,7.18141e+10,6.84345e+06,4344.9,1.65283e+07,7.08048e+08
2017-08-28,661017,7.23973e+10,5.69551e+06,4379.76,1.653e+07,9.78891e+08
2017-08-29,789243,7.60539e+10,6.57854e+06,4600.46,1.65318e+07,1.0723e+09
2017-08-30,805068,7.5835e+10,7.41741e+06,4586.63,1.65339e+07,8.00895e+08
2017-08-31,797023,7.83863e+10,7.19666e+06,4740.36,1.6536e+07,8.56991e+08
2017-09-01,767441,8.13373e+10,7.68232e+06,4918.17,1.65381e+07,1.24612e+09
2017-09-02,709832,7.60025e+10,7.24081e+06,4595.02,1.65402e+07,1.43553e+09
2017-09-03,587110,7.65122e+10,6.79929e+06,4625.3,1.65421e+07,9.54765e+08
2017-09-04,760792,7.23772e+10,7.72647e+06,4374.75,1.65443e+07,1.52212e+09
2017-09-05,780357,7.37001e+10,8.6978e+06,4454.05,1.65468e+07,1.20565e+09
2017-09-06,777010,7.62488e+10,7.28304e+06,4607.52,1.65488e+07,9.96763e+08
2017-09-07,767722,7.67157e+10,8.07293e+06,4635.11,1.6551e+07,7.59974e+08
2017-09-08,809056,7.19311e+10,8.02706e+06,4345.46,1.65532e+07,1.26351e+09
2017-09-09,625612,7.1777e+10,7.75184e+06,4335.59,1.65553e+07,6.08731e+08
2017-09-10,581564,7.05634e+10,6.32991e+06,4261.84,1.6557e+07,7.61808e+08
2017-09-11,724503,6.97564e+10,7.98119e+06,4212.55,1.65592e+07,6.55778e+08
2017-09-12,700869,6.89675e+10,8.62335e+06,4164.32,1.65615e+07,7.83038e+08
2017-09-13,715683,6.43859e+10,8.71509e+06,3887.12,1.65639e+07,1.13631e+09
2017-09-14,786448,5.37978e+10,7.98119e+06,3247.47,1.65661e+07,1.65561e+09
2017-09-15,831698,6.129e+10,8.2564e+06,3699.22,1.65683e+07,2.29316e+09
2017-09-16,637532,6.14968e+10,7.75184e+06,3711.23,1.65704e+07,1.09791e+09
2017-09-17,582453,6.15153e+10,8.07293e+06,3711.86,1.65726e+07,6.5522e+08
2017-09-18,694432,6.763e+10,6.68757e+06,4080.43,1.65742e+07,9.75497e+08
2017-09-19,784159,6.50737e+10,8.55666e+06,3925.74,1.65762e+07,8.06814e+08
2017-09-20,619406,6.45828e+10,6.41749e+06,3895.78,1.65776e+07,5.95449e+08
2017-09-21,684987,5.99733e+10,9.65366e+06,3617.24,1.65798e+07,8.55707e+08
2017-09-22,642171,6.00123e+10,7.6242e+06,3619.21,1.65816e+07,7.16752e+08
2017-09-23,571954,6.26133e+10,9.10516e+06,3775.6,1.65837e+07,5.4463e+08
2017-09-24,549507,6.09831e+10,7.9533e+06,3676.9,1.65855e+07,4.85814e+08
2017-09-25,655510,6.50002e+10,6.85629e+06,3918.74,1.6587e+07,7.18719e+08
2017-09-26,722077,6.45318e+10,7.56935e+06,3890.09,1.65888e+07,5.74997e+08
2017-09-27,702387,6.98097e+10,8.063e+06,4207.79,1.65906e+07,9.06137e+08
2017-09-28,753933,6.94869e+10,9.70851e+06,4187.77,1.65928e+07,9.25068e+08
2017-09-29,741184,6.89521e+10,9.26971e+06,4155.01,1.65949e+07,7.86637e+08
2017-09-30,631821,7.19389e+10,7.56935e+06,4334.54,1.65966e+07,6.46636e+08
2017-10-01,628817,7.27351e+10,7.1336e+06,4382.09,1.65983e+07,6.54003e+08
2017-10-02,800519,7.28228e+10,8.38013e+06,4386.88,1.66001e+07,7.58663e+08
2017-10-03,787242,7.14995e+10,1.02238e+07,4306.56,1.66024e+07,7.19419e+08
2017-10-04,655363,7.00143e+10,7.48625e+06,4216.68,1.66041e+07,6.13893e+08
2017-10-05,725883,7.17269e+10,6.98344e+06,4319.42,1.66057e+07,7.12232e+08
2017-10-06,818384,7.25076e+10,8.88294e+06,4365.92,1.66077e+07,6.29238e+08
2017-10-07,651679,7.37278e+10,8.82707e+06,4438.86,1.66096e+07,5.27733e+08
2017-10-08,699283,7.64271e+10,1.01679e+07,4600.74,1.66119e+07,8.06161e+08
2017-10-09,797851,7.93736e+10,8.99468e+06,4777.53,1.66139e+07,1.25605e+09
2017-10-10,833834,7.87774e+10,8.93881e+06,4741.08,1.66159e+07,1.08457e+09
2017-10-11,778349,8.00135e+10,7.76559e+06,4814.97,1.66177e+07,7.52084e+08
2017-10-12,784446,8.96405e+10,8.54773e+06,5393.67,1.66196e+07,1.82164e+09
2017-10-13,818187,9.33131e+10,7.59799e+06,5614.08,1.66213e+07,2.8162e+09
2017-10-14,789672,9.61765e+10,7.87732e+06,5785.74,1.6623e+07,2.0501e+09
2017-10-15,825816,9.45967e+10,1.14851e+07,5689.87,1.66255e+07,1.30501e+09
2017-10-16,844162,9.57112e+10,1.03518e+07,5756.15,1.66276e+07,1.19198e+09
2017-10-17,878509,9.29669e+10,9.75683e+06,5590.42,1.66297e+07,1.06812e+09
2017-10-18,824566,9.28686e+10,8.98343e+06,5583.87,1.66316e+07,1.58771e+09
2017-10-19,906491,9.4951e+10,1.05897e+07,5708.31,1.66338e+07,1.06846e+09
2017-10-20,850614,9.9831e+10,1.06492e+07,6000.88,1.6636e+07,1.51196e+09
2017-10-21,800937,1.0033e+11,9.10241e+06,6030.21,1.6638e+07,1.46812e+09
2017-10-22,907439,9.97848e+10,1.08277e+07,5996.6,1.66402e+07,1.38921e+09
2017-10-23,880240,9.79945e+10,1.01733e+07,5888.25,1.66424e+07,1.5067e+09
2017-10-24,955565,9.18404e+10,9.93531e+06,5517.78,1.66445e+07,1.78895e+09
2017-10-25,911228,9.54862e+10,1.10062e+07,5736.02,1.66468e+07,1.15069e+09
2017-10-26,742163,9.82345e+10,1.11033e+07,5900.32,1.6649e+07,1.14133e+09
2017-10-27,668740,9.61048e+10,7.51099e+06,5771.95,1.66503e+07,1.03552e+09
2017-10-28,555227,9.59518e+10,6.13879e+06,5762.39,1.66514e+07,7.4241e+08
2017-10-29,905041,1.0283e+11,1.1122e+07,6174.73,1.66533e+07,1.80228e+09
2017-10-30,894901,1.01917e+11,1.06165e+07,6119.26,1.66551e+07,1.01286e+09
2017-10-31,827896,1.07079e+11,9.96651e+06,6428.51,1.66569e+07,1.43173e+09
2017-11-01,961473,1.12054e+11,1.12665e+07,6726.41,1.66588e+07,1.72773e+09
2017-11-02,916882,1.17354e+11,1.08332e+07,7043.78,1.66607e+07,3.31048e+09
2017-11-03,820113,1.19945e+11,8.59431e+06,7198.63,1.66622e+07,2.20424e+09
2017-11-04,800708,1.23654e+11,9.38874e+06,7420.5,1.66638e+07,1.57641e+09
2017-11-05,805781,1.22844e+11,1.01832e+07,7371.14,1.66656e+07,1.59704e+09
2017-11-06,831790,1.16425e+11,9.6054e+06,6985.26,1.66672e+07,2.18066e+09
2017-11-07,937089,1.18655e+11,1.12665e+07,7118.2,1.66692e+07,1.50035e+09
2017-11-08,871573,1.24219e+11,1.03998e+07,7451.21,1.6671e+07,3.01209e+09
2017-11-09,948030,1.18673e+11,1.10498e+07,7117.74,1.66729e+07,2.03731e+09
2017-11-10,786879,1.10394e+11,8.46874e+06,6620.57,1.66744e+07,3.27774e+09
2017-11-11,579558,1.05834e+11,5.42606e+06,6346.72,1.66754e+07,2.8823e+09
2017-11-12,586355,9.72084e+10,5.42606e+06,5829.1,1.66764e+07,6.09673e+09
2017-11-13,920515,1.08732e+11,9.49561e+06,6519.45,1.66781e+07,4.04358e+09
2017-11-14,819127,1.09959e+11,8.6817e+06,6592.37,1.66797e+07,1.84212e+09
2017-11-15,944172,1.21065e+11,1.03095e+07,7257.37,1.66816e+07,2.53981e+09
2017-11-16,907472,1.30694e+11,1.03095e+07,7833.7,1.66835e+07,3.08383e+09
2017-11-17,982559,1.28964e+11,1.13269e+07,7729.03,1.66856e+07,2.85577e+09
2017-11-18,843076,1.30097e+11,9.22431e+06,7796.15,1.66873e+07,2.06277e+09
2017-11-19,913898,1.3382e+11,1.08521e+07,8018.32,1.66893e+07,1.80787e+09
2017-11-20,979917,1.38037e+11,1.18695e+07,8269.87,1.66915e+07,1.9234e+09
2017-11-21,981593,1.35085e+11,1.17339e+07,8092,1.66937e+07,2.61411e+09
2017-11-22,869698,1.37731e+11,1.00382e+07,8249.6,1.66955e+07,1.87375e+09
2017-11-23,959240,1.34777e+11,1.06486e+07,8071.67,1.66975e+07,2.16202e+09
2017-11-24,905792,1.37476e+11,1.00835e+07,8232.42,1.66994e+07,2.48531e+09
2017-11-25,922777,1.46306e+11,1.04457e+07,8760.17,1.67013e+07,2.28026e+09
2017-11-26,941512,1.55672e+11,1.02449e+07,9319.9,1.67032e+07,3.14067e+09
2017-11-27,1.06104e+06,1.62555e+11,1.13832e+07,9730.73,1.67053e+07,3.1604e+09
2017-11-28,1.02528e+06,1.6594e+11,1.04457e+07,9932.19,1.67073e+07,3.28028e+09
2017-11-29,1.13272e+06,1.63753e+11,1.1584e+07,9800.03,1.67095e+07,8.92174e+09
2017-11-30,1.08649e+06,1.67061e+11,1.11823e+07,9996.71,1.67115e+07,5.39174e+09
2017-12-01,1.1156e+06,1.80659e+11,1.22536e+07,10809,1.67138e+07,3.87487e+09
2017-12-02,943132,1.82785e+11,1.07805e+07,10934.9,1.67158e+07,2.83091e+09
2017-12-03,1.00874e+06,1.87475e+11,1.17849e+07,11213.9,1.6718e+07,5.64609e+09
2017-12-04,1.15512e+06,1.93322e+11,1.21197e+07,11562.1,1.67203e+07,3.27805e+09
2017-12-05,1.14646e+06,1.96268e+11,1.19188e+07,11736.8,1.67225e+07,3.66817e+09
2017-12-06,1.22856e+06,2.34017e+11,1.32189e+07,13992.1,1.67249e+07,7.07029e+09
2017-12-07,1.0658e+06,2.84896e+11,1.20208e+07,17032.3,1.67268e+07,1.4273e+10
2017-12-08,1.12665e+06,2.72653e+11,1.23371e+07,16298.5,1.67287e+07,2.28198e+10
2017-12-09,1.18217e+06,2.51801e+11,1.37606e+07,15050,1.67309e+07,9.65545e+09
2017-12-10,1.07363e+06,2.58943e+11,1.29698e+07,15475,1.6733e+07,9.45625e+09
2017-12-11,1.16307e+06,2.8238e+11,1.35233e+07,16873.5,1.67351e+07,7.03641e+09
2017-12-12,1.09948e+06,2.91793e+11,1.23371e+07,17433.9,1.6737e+07,7.67423e+09
2017-12-13,1.25105e+06,2.76453e+11,1.47096e+07,16515.2,1.67394e+07,7.3532e+09
2017-12-14,1.29036e+06,2.7796e+11,1.46305e+07,16602.9,1.67417e+07,7.02169e+09
2017-12-15,1.17931e+06,2.96399e+11,1.33652e+07,17702,1.67438e+07,7.76436e+09
2017-12-16,1.13297e+06,3.28899e+11,1.35233e+07,19640.5,1.67459e+07,6.41625e+09
2017-12-17,1.17573e+06,3.22412e+11,1.46305e+07,19250.5,1.67482e+07,7.15331e+09
2017-12-18,1.20418e+06,3.17959e+11,1.56138e+07,18982,1.67505e+07,7.06931e+09
2017-12-19,1.04627e+06,2.95733e+11,1.30358e+07,17653.3,1.67523e+07,9.07544e+09
2017-12-20,1.02764e+06,2.75664e+11,1.26633e+07,16453.6,1.6754e+07,1.05765e+10
2017-12-21,998866,2.61955e+11,1.22909e+07,15633.8,1.67556e+07,8.63206e+09
2017-12-22,1.11073e+06,2.39729e+11,1.44324e+07,14305.7,1.67576e+07,1.31008e+10
2017-12-23,979504,2.49896e+11,1.29426e+07,14910.9,1.67593e+07,6.5498e+09
2017-12-24,1.02055e+06,2.35098e+11,1.41531e+07,14026.3,1.67612e+07,5.71308e+09
2017-12-25,878323,2.36037e+11,1.25702e+07,14080.9,1.67629e+07,4.98518e+09
2017-12-26,911656,2.6366e+11,1.3222e+07,15727.1,1.67647e+07,6.72511e+09
2017-12-27,1.03775e+06,2.58021e+11,1.45256e+07,15389,1.67666e+07,6.14553e+09
2017-12-28,999488,2.39612e+11,1.38738e+07,14289.5,1.67685e+07,6.15651e+09
2017-12-29,1.09622e+06,2.44376e+11,1.53636e+07,14571.7,1.67705e+07,6.42896e+09
2017-12-30,998615,2.17181e+11,1.36875e+07,12948.7,1.67724e+07,8.27564e+09
2017-12-31,1.00721e+06,2.33524e+11,1.51774e+07,13921.5,1.67744e+07,5.64194e+09
2018-01-01,972783,2.25888e+11,1.49237e+07,13464.7,1.67763e+07,4.86075e+09
2018-01-02,1.14272e+06,2.47555e+11,1.64155e+07,14754.3,1.67785e+07,8.48537e+09
2018-01-03,1.13092e+06,2.51879e+11,1.50716e+07,15010.3,1.67804e+07,8.04149e+09
2018-01-04,1.25399e+06,2.52918e+11,1.61275e+07,15070.3,1.67825e+07,1.13818e+10
2018-01-05,1.06952e+06,2.85287e+11,1.37276e+07,16997.2,1.67843e+07,1.28817e+10
2018-01-06,1.1635e+06,2.87108e+11,1.61275e+07,17103.6,1.67864e+07,9.99247e+09
2018-01-07,1.13039e+06,2.72505e+11,1.55516e+07,16231.7,1.67885e+07,8.41926e+09
2018-01-08,1.1573e+06,2.50807e+11,1.59356e+07,14937.4,1.67905e+07,9.15932e+09
2018-01-09,1.14534e+06,2.41454e+11,1.57436e+07,14378.6,1.67926e+07,8.13754e+09
2018-01-10,1.11895e+06,2.46362e+11,1.59356e+07,14669.1,1.67947e+07,8.5218e+09
2018-01-11,1.22297e+06,2.21499e+11,1.85275e+07,13186.8,1.67971e+07,8.39123e+09
2018-01-12,1.15329e+06,2.31653e+11,1.70875e+07,13789.4,1.67993e+07,5.22737e+09
2018-01-13,939348,2.39101e+11,1.58818e+07,14231.2,1.68012e+07,6.33058e+09
2018-01-14,971840,2.29884e+11,1.71658e+07,13681.1,1.68031e+07,5.29092e+09
2018-01-15,949563,2.28408e+11,1.6612e+07,13591.7,1.6805e+07,5.64958e+09
2018-01-16,1.00182e+06,1.92121e+11,1.76088e+07,11431,1.6807e+07,1.08373e+10
2018-01-17,1.09048e+06,1.87582e+11,1.84947e+07,11159.6,1.6809e+07,9.67698e+09
2018-01-18,1.05079e+06,1.8906e+11,1.91592e+07,11246,1.68112e+07,7.3307e+09
2018-01-19,1.02799e+06,1.92348e+11,1.82732e+07,11440.3,1.68133e+07,4.85171e+09
2018-01-20,970060,2.14707e+11,1.97129e+07,12768.4,1.68155e+07,5.0712e+09
2018-01-21,988506,1.921e+11,2.07097e+07,11422.4,1.68178e+07,4.39974e+09
2018-01-22,946599,1.80601e+11,1.84947e+07,10737.4,1.68199e+07,5.06769e+09
2018-01-23,893416,1.8251e+11,1.96022e+07,10849.4,1.68221e+07,4.36641e+09
2018-01-24,940167,1.88868e+11,1.94915e+07,11225.9,1.68243e+07,4.05315e+09
2018-01-25,854029,1.87285e+11,1.94192e+07,11130.5,1.68263e+07,3.81674e+09
2018-01-26,807029,1.85709e+11,2.00569e+07,11035.6,1.68282e+07,4.5195e+09
2018-01-27,860840,1.90534e+11,2.03157e+07,11321,1.68302e+07,3.08348e+09
2018-01-28,765711,1.95522e+11,2.04451e+07,11616,1.68322e+07,3.5506e+09
2018-01-29,775230,1.87406e+11,1.91512e+07,11132.6,1.6834e+07,2.90306e+09
2018-01-30,845185,1.6768e+11,2.16097e+07,9959.55,1.68361e+07,4.27748e+09
2018-01-31,685452,1.69219e+11,1.51398e+07,10050.1,1.68376e+07,3.35607e+09
2018-02-01,833934,1.52228e+11,2.07039e+07,9039.87,1.68396e+07,5.03084e+09
2018-02-02,853582,1.47972e+11,2.17391e+07,8786.08,1.68417e+07,6.29918e+09
2018-02-03,714800,1.53818e+11,2.04451e+07,9132.1,1.68437e+07,3.03316e+09
2018-02-04,711645,1.38987e+11,2.30331e+07,8250.53,1.68459e+07,3.26039e+09
2018-02-05,915758,1.15402e+11,2.39389e+07,6849.54,1.68482e+07,4.90716e+09
2018-02-06,999753,1.30399e+11,2.2106e+07,7738.64,1.68503e+07,6.35381e+09
2018-02-07,804119,1.2849e+11,2.0149e+07,7624.6,1.68521e+07,4.23706e+09
2018-02-08,753618,1.38514e+11,1.872e+07,8218.58,1.68537e+07,2.65506e+09
2018-02-09,781921,1.45976e+11,1.92916e+07,8660.45,1.68554e+07,2.90295e+09
2018-02-10,737187,1.43797e+11,2.04348e+07,8530.29,1.68572e+07,3.79112e+09
2018-02-11,814528,1.36503e+11,2.1578e+07,8096.73,1.68591e+07,2.56127e+09
2018-02-12,912131,1.50194e+11,2.37215e+07,8907.67,1.68612e+07,2.66841e+09
2018-02-13,868109,1.43741e+11,2.34357e+07,8523.97,1.68632e+07,2.3837e+09
2018-02-14,937769,1.5967e+11,2.55792e+07,9467.3,1.68654e+07,3.4695e+09
2018-02-15,779005,1.70471e+11,1.872e+07,10106.7,1.68671e+07,4.09704e+09
2018-02-16,773561,1.71884e+11,2.24354e+07,10189.3,1.6869e+07,2.99692e+09
2018-02-17,765638,1.87024e+11,2.12922e+07,11085.6,1.68709e+07,3.75202e+09
2018-02-18,730130,1.76357e+11,2.31499e+07,10452.1,1.68729e+07,4.27932e+09
2018-02-19,857787,1.87976e+11,2.31499e+07,11139.4,1.6875e+07,3.26733e+09
2018-02-20,703065,1.89794e+11,2.08351e+07,11245.9,1.68767e+07,4.75231e+09
2018-02-21,713740,1.76533e+11,2.52651e+07,10458.9,1.68788e+07,4.75655e+09
2018-02-22,719848,1.6675e+11,2.22752e+07,9878.16,1.68807e+07,4.20859e+09
2018-02-23,732287,1.71511e+11,2.21257e+07,10159.1,1.68825e+07,3.71695e+09
2018-02-24,690001,1.63552e+11,2.16772e+07,9686.6,1.68844e+07,3.3238e+09
2018-02-25,526879,1.62165e+11,2.55641e+07,9603.23,1.68865e+07,2.33792e+09
2018-02-26,688379,1.74158e+11,2.10792e+07,10312.4,1.68883e+07,3.08418e+09
2018-02-27,699046,1.79951e+11,2.39197e+07,10654.1,1.68903e+07,2.98342e+09
2018-02-28,817155,1.74108e+11,2.31722e+07,10307,1.68922e+07,3.02689e+09
2018-03-01,821011,1.84547e+11,2.46671e+07,10923.6,1.68943e+07,2.75086e+09
2018-03-02,752300,1.86096e+11,2.33217e+07,11014.1,1.68962e+07,2.76123e+09
2018-03-03,934083,1.93076e+11,2.69096e+07,11425.7,1.68985e+07,2.5048e+09
2018-03-04,792569,1.93721e+11,2.21257e+07,11462.6,1.69003e+07,2.22856e+09
2018-03-05,857168,1.95062e+11,2.4021e+07,11540.7,1.69022e+07,2.56569e+09
2018-03-06,834323,1.80486e+11,2.5518e+07,10677,1.69041e+07,3.16446e+09
2018-03-07,922143,1.67422e+11,2.56816e+07,9903.09,1.69061e+07,4.48928e+09
2018-03-08,903578,1.57761e+11,2.64995e+07,9330.48,1.69081e+07,3.3809e+09
2018-03-09,888997,1.56893e+11,2.38822e+07,9278.14,1.69099e+07,4.42646e+09
2018-03-10,803717,1.48596e+11,2.29008e+07,8786.56,1.69117e+07,2.53236e+09
2018-03-11,889324,1.60908e+11,2.50273e+07,9513.54,1.69136e+07,2.94341e+09
2018-03-12,828676,1.54742e+11,2.63359e+07,9147.89,1.69156e+07,3.14495e+09
2018-03-13,773506,1.54974e+11,2.58452e+07,9160.54,1.69176e+07,3.15066e+09
2018-03-14,580666,1.39113e+11,2.35551e+07,8222.13,1.69194e+07,3.50691e+09
2018-03-15,602746,1.39914e+11,2.35551e+07,8268.59,1.69212e+07,3.54186e+09
2018-03-16,601517,1.41763e+11,2.5518e+07,8376.9,1.69231e+07,2.59413e+09
2018-03-17,452543,1.33397e+11,2.4373e+07,7881.66,1.6925e+07,2.13035e+09
2018-03-18,535510,1.38615e+11,2.54266e+07,8189.02,1.69269e+07,3.4401e+09
2018-03-19,587514,1.44522e+11,2.66792e+07,8537.02,1.69288e+07,3.37098e+09
2018-03-20,567891,1.50605e+11,2.18597e+07,8895.55,1.69304e+07,3.01167e+09
2018-03-21,586910,1.50352e+11,2.61628e+07,8879.59,1.69323e+07,2.87725e+09
2018-03-22,577941,1.47507e+11,2.46137e+07,8710.66,1.69341e+07,2.61486e+09
2018-03-23,619608,1.48556e+11,2.28925e+07,8771.75,1.69358e+07,2.61005e+09
2018-03-24,543804,1.4585e+11,2.68513e+07,8610.99,1.69377e+07,2.71153e+09
2018-03-25,454187,1.42979e+11,2.32367e+07,8440.61,1.69394e+07,2.10173e+09
2018-03-26,582295,1.3843e+11,2.58186e+07,8171.18,1.69413e+07,2.92381e+09
2018-03-27,598612,1.32788e+11,2.61628e+07,7837.27,1.69432e+07,2.53783e+09
2018-03-28,552755,1.34434e+11,2.32367e+07,7933.64,1.69449e+07,1.8971e+09
2018-03-29,559619,1.20467e+11,2.61628e+07,7108.57,1.69468e+07,3.26377e+09
2018-03-30,571020,1.15797e+11,2.78841e+07,6832.15,1.69488e+07,3.34878e+09
2018-03-31,475498,1.17335e+11,2.20319e+07,6922.28,1.69504e+07,2.1918e+09
2018-04-01,425276,1.15353e+11,2.81518e+07,6804.52,1.69524e+07,2.0803e+09
2018-04-02,485666,1.19244e+11,2.72276e+07,7033.26,1.69544e+07,1.80112e+09
2018-04-03,605514,1.2583e+11,2.84493e+07,7420.8,1.69564e+07,2.45813e+09
2018-04-04,565002,1.14986e+11,2.56568e+07,6780.54,1.69582e+07,2.36036e+09
2018-04-05,534893,1.15303e+11,2.72276e+07,6798.42,1.69602e+07,2.42764e+09
2018-04-06,631476,1.12127e+11,2.40859e+07,6610.49,1.69619e+07,1.72723e+09
2018-04-07,502038,1.16823e+11,3.14164e+07,6886.47,1.69642e+07,1.81134e+09
2018-04-08,414992,1.18933e+11,2.81003e+07,7010,1.69662e+07,1.34882e+09
2018-04-09,535496,1.14312e+11,2.56568e+07,6736.89,1.6968e+07,2.26612e+09
2018-04-10,569509,1.1568e+11,2.86239e+07,6816.72,1.69701e+07,1.68835e+09
2018-04-11,533732,1.17867e+11,2.81003e+07,6944.79,1.69721e+07,1.92161e+09
2018-04-12,629328,1.34168e+11,2.68785e+07,7904.33,1.6974e+07,4.26601e+09
2018-04-13,638968,1.34435e+11,2.87984e+07,7919.06,1.69761e+07,3.66193e+09
2018-04-14,502546,1.35931e+11,2.59348e+07,8006.42,1.69778e+07,1.92657e+09
2018-04-15,590187,1.4165e+11,3.11091e+07,8342.27,1.69798e+07,2.11826e+09
2018-04-16,721332,1.3665e+11,2.69103e+07,8046.98,1.69816e+07,2.40388e+09
2018-04-17,614295,1.33962e+11,3.09183e+07,7887.74,1.69836e+07,2.90471e+09
2018-04-18,588686,1.38651e+11,3.05366e+07,8162.83,1.69856e+07,2.51449e+09
2018-04-19,657714,1.4054e+11,3.39719e+07,8272.97,1.69878e+07,2.74328e+09
2018-04-20,661833,1.50179e+11,2.61469e+07,8839.5,1.69895e+07,3.49713e+09
2018-04-21,602722,1.50605e+11,3.03457e+07,8863.54,1.69915e+07,2.99293e+09
2018-04-22,502665,1.49559e+11,3.05366e+07,8800.96,1.69935e+07,2.53349e+09
2018-04-23,642298,1.51783e+11,2.92006e+07,8930.78,1.69954e+07,2.40536e+09
2018-04-24,776436,1.64063e+11,3.03457e+07,9652.21,1.69974e+07,4.62954e+09
2018-04-25,701507,1.50534e+11,2.3475e+07,8855.51,1.6999e+07,5.51135e+09
2018-04-26,661663,1.57507e+11,2.69103e+07,9264.73,1.70007e+07,3.48241e+09
2018-04-27,674680,1.52705e+11,2.78824e+07,8981.33,1.70025e+07,2.98756e+09
2018-04-28,541764,1.58849e+11,2.5592e+07,9341.82,1.70041e+07,3.20528e+09
2018-04-29,549120,1.59806e+11,3.15901e+07,9397,1.70061e+07,3.61002e+09
2018-04-30,645424,1.56962e+11,3.09903e+07,9228.73,1.7008e+07,3.66742e+09
2018-05-01,634217,1.54317e+11,3.15901e+07,9072.17,1.701e+07,3.12863e+09
2018-05-02,673769,1.56578e+11,2.79913e+07,9204.13,1.70117e+07,2.43475e+09
2018-05-03,660104,1.65895e+11,3.01906e+07,9750.7,1.70136e+07,4.16744e+09
2018-05-04,710689,1.64992e+11,2.75914e+07,9696.64,1.70153e+07,3.15238e+09
2018-05-05,606625,1.66701e+11,3.219e+07,9795.93,1.70174e+07,2.67136e+09
2018-05-06,535825,1.63299e+11,2.73915e+07,9595.09,1.70191e+07,2.47324e+09
2018-05-07,662775,1.58967e+11,2.99906e+07,9339.51,1.70209e+07,2.78452e+09
2018-05-08,665870,1.56819e+11,2.77913e+07,9212.37,1.70227e+07,2.63169e+09
2018-05-09,603396,1.58211e+11,3.199e+07,9293.04,1.70247e+07,2.81445e+09
2018-05-10,633729,1.53879e+11,3.07904e+07,9037.53,1.70266e+07,2.65982e+09
2018-05-11,772234,1.43373e+11,2.61551e+07,8419.76,1.70282e+07,3.6732e+09
2018-05-12,563749,1.44515e+11,3.39889e+07,8485.78,1.70303e+07,2.66235e+09
2018-05-13,488836,1.48108e+11,3.0487e+07,8695.83,1.70321e+07,2.16275e+09
2018-05-14,641192,1.47701e+11,2.71911e+07,8671.07,1.70338e+07,2.90142e+09
2018-05-15,624136,1.44606e+11,3.0075e+07,8488.46,1.70356e+07,2.41048e+09
2018-05-16,617403,1.41887e+11,3.68728e+07,8327.76,1.70378e+07,2.35357e+09
2018-05-17,635676,1.37177e+11,2.71911e+07,8050.52,1.70395e+07,2.07686e+09
2018-05-18,701918,1.40303e+11,3.0487e+07,8233.09,1.70413e+07,1.91002e+09
2018-05-19,500408,1.40257e+11,3.1723e+07,8229.48,1.70432e+07,1.53162e+09
2018-05-20,483041,1.45078e+11,2.9663e+07,8511.45,1.7045e+07,1.66543e+09
2018-05-21,620329,1.43171e+11,3.2341e+07,8398.62,1.7047e+07,1.7674e+09
2018-05-22,595706,1.3652e+11,3.1105e+07,8007.53,1.70489e+07,1.80644e+09
2018-05-23,636565,1.28238e+11,3.33709e+07,7520.87,1.70509e+07,2.71595e+09
2018-05-24,559734,1.29185e+11,3.00326e+07,7575.62,1.70527e+07,2.21431e+09
2018-05-25,624713,1.26639e+11,3.76815e+07,7425.38,1.70549e+07,1.69232e+09
2018-05-26,459370,1.24964e+11,3.46841e+07,7326.3,1.70569e+07,1.23799e+09
2018-05-27,441802,1.25182e+11,3.51123e+07,7338.19,1.7059e+07,1.26125e+09
2018-05-28,598556,1.21317e+11,3.33995e+07,7110.82,1.70609e+07,1.88151e+09
2018-05-29,600021,1.27179e+11,2.97598e+07,7453.63,1.70627e+07,2.16497e+09
2018-05-30,596173,1.25848e+11,3.72533e+07,7374.67,1.70648e+07,1.93121e+09
2018-05-31,620191,1.27639e+11,3.63969e+07,7478.74,1.7067e+07,1.90066e+09
2018-06-01,683588,1.28356e+11,3.55405e+07,7519.84,1.7069e+07,1.62486e+09
2018-06-02,524370,1.30378e+11,3.25431e+07,7637.45,1.70709e+07,1.73587e+09
2018-06-03,542740,1.31499e+11,3.48982e+07,7702.16,1.7073e+07,1.53515e+09
2018-06-04,694350,1.27837e+11,3.91802e+07,7486.65,1.70753e+07,1.73388e+09
2018-06-05,655014,1.29979e+11,3.85701e+07,7611.15,1.70775e+07,1.66526e+09
2018-06-06,653426,1.3067e+11,3.61038e+07,7650.78,1.70793e+07,1.57971e+09
2018-06-07,635530,1.30943e+11,3.51213e+07,7665.95,1.70811e+07,1.41367e+09
2018-06-08,640966,1.30216e+11,3.56125e+07,7622.6,1.70829e+07,1.32506e+09
2018-06-09,503993,1.29095e+11,3.51213e+07,7556.17,1.70847e+07,1.08991e+09
2018-06-10,527886,1.15242e+11,3.11917e+07,6744.74,1.70863e+07,2.5144e+09
2018-06-11,586393,1.17044e+11,3.43845e+07,6849.45,1.7088e+07,1.61711e+09
2018-06-12,662032,1.1154e+11,3.56125e+07,6526.7,1.70898e+07,1.81796e+09
2018-06-13,660241,1.07789e+11,3.51213e+07,6306.51,1.70916e+07,2.10003e+09
2018-06-14,586144,1.13326e+11,3.75774e+07,6629.77,1.70935e+07,1.98063e+09
2018-06-15,613937,1.09405e+11,3.75774e+07,6399.67,1.70954e+07,1.29459e+09
2018-06-16,434955,1.11054e+11,4.07702e+07,6495.32,1.70975e+07,9.44009e+08
2018-06-17,439145,1.10304e+11,3.85598e+07,6450.69,1.70995e+07,8.28274e+08
2018-06-18,569167,1.14645e+11,4.0279e+07,6703.81,1.71015e+07,1.44262e+09
2018-06-19,628857,1.15149e+11,3.87486e+07,6732.51,1.71035e+07,1.31895e+09
2018-06-20,590701,1.15516e+11,3.91226e+07,6753.21,1.71054e+07,1.28781e+09
2018-06-21,556428,1.14969e+11,4.29087e+07,6720.37,1.71075e+07,1.20872e+09
2018-06-22,616964,1.03676e+11,3.8113e+07,6059.58,1.71094e+07,2.256e+09
2018-06-23,473376,1.0565e+11,4.03846e+07,6174.23,1.71114e+07,1.07322e+09
2018-06-24,465159,1.05188e+11,4.31611e+07,6146.49,1.71136e+07,1.7679e+09
2018-06-25,618481,1.06861e+11,3.96274e+07,6243.54,1.71155e+07,1.36778e+09
2018-06-26,601757,1.0435e+11,3.6851e+07,6096.13,1.71173e+07,9.45795e+08
2018-06-27,591319,1.05096e+11,3.05409e+07,6139.19,1.71189e+07,1.01081e+09
2018-06-28,566389,1.00305e+11,3.96274e+07,5858.64,1.71208e+07,1.20304e+09
2018-06-29,584573,1.06519e+11,3.8113e+07,6220.91,1.71227e+07,1.46661e+09
2018-06-30,560237,1.09178e+11,3.55889e+07,6375.54,1.71245e+07,1.78436e+09
2018-07-01,476547,1.08947e+11,3.71034e+07,6361.4,1.71263e+07,1.24008e+09
2018-07-02,662310,1.13189e+11,3.63287e+07,6608.37,1.71281e+07,1.65903e+09
2018-07-03,655359,1.11313e+11,3.09291e+07,6498.31,1.71295e+07,1.99895e+09
2018-07-04,594400,1.12712e+11,3.57284e+07,6579.33,1.71312e+07,1.41118e+09
2018-07-05,555588,1.11969e+11,3.65283e+07,6535.3,1.71329e+07,1.44167e+09
2018-07-06,640591,1.13064e+11,4.26608e+07,6598.46,1.71349e+07,1.285e+09
2018-07-07,460458,1.15466e+11,4.15943e+07,6737.86,1.71369e+07,1.12896e+09
2018-07-08,501981,1.14914e+11,4.21275e+07,6704.92,1.71388e+07,1.1272e+09
2018-07-09,627774,1.14225e+11,3.62617e+07,6664.02,1.71405e+07,1.2603e+09
2018-07-10,669373,1.08153e+11,3.97279e+07,6309.08,1.71424e+07,1.48518e+09
2018-07-11,636817,1.09345e+11,3.5995e+07,6377.98,1.71441e+07,1.1004e+09
2018-07-12,923421,1.05609e+11,3.75948e+07,6159.47,1.71458e+07,1.20938e+09
2018-07-13,941540,1.06469e+11,3.81281e+07,6208.99,1.71476e+07,1.16198e+09
2018-07-14,793757,1.07271e+11,3.54618e+07,6255.11,1.71493e+07,7.66399e+08
2018-07-15,502106,1.08867e+11,3.54618e+07,6347.6,1.7151e+07,8.86997e+08
2018-07-16,602482,1.15107e+11,3.19956e+07,6710.81,1.71525e+07,1.54958e+09
2018-07-17,681518,1.25581e+11,4.10514e+07,7320.59,1.71544e+07,2.12963e+09
2018-07-18,762246,1.26548e+11,4.47934e+07,7376.04,1.71566e+07,2.36426e+09
2018-07-19,626926,1.28125e+11,4.40211e+07,7467.03,1.71588e+07,1.64187e+09
2018-07-20,653321,1.25741e+11,3.96447e+07,7327.26,1.71607e+07,1.88103e+09
2018-07-21,511119,1.27183e+11,3.52683e+07,7410.57,1.71624e+07,1.1186e+09
2018-07-22,459458,1.2701e+11,4.68528e+07,7399.48,1.71647e+07,1.21459e+09
2018-07-23,716690,1.32461e+11,4.27339e+07,7716.16,1.71667e+07,2.11158e+09
2018-07-24,717759,1.44176e+11,4.09319e+07,8397.62,1.71687e+07,2.87687e+09
2018-07-25,771199,1.40848e+11,4.55657e+07,8202.72,1.71709e+07,2.20688e+09
2018-07-26,641543,1.35906e+11,4.24765e+07,7913.93,1.7173e+07,1.93401e+09
2018-07-27,721812,1.40385e+11,4.29913e+07,8173.77,1.71751e+07,1.82984e+09
2018-07-28,545883,1.40685e+11,3.73278e+07,8190.36,1.71769e+07,1.10305e+09
2018-07-29,494042,1.41377e+11,4.74802e+07,8229.61,1.7179e+07,1.13969e+09
2018-07-30,638966,1.40398e+11,3.96303e+07,8171.84,1.71807e+07,1.82507e+09
2018-07-31,696566,1.32737e+11,4.3475e+07,7725.13,1.71825e+07,2.08429e+09
2018-08-01,698015,1.30545e+11,4.43622e+07,7596.7,1.71844e+07,1.67238e+09
2018-08-02,622521,1.29631e+11,4.52495e+07,7542.69,1.71863e+07,1.30443e+09
2018-08-03,694601,1.27389e+11,4.90942e+07,7411.34,1.71884e+07,1.7396e+09
2018-08-04,547308,1.20372e+11,5.20517e+07,7002.21,1.71906e+07,1.51895e+09
2018-08-05,495532,1.20891e+11,4.73197e+07,7031.59,1.71926e+07,1.2228e+09
2018-08-06,651894,1.19156e+11,3.8743e+07,6929.99,1.71942e+07,1.31817e+09
2018-08-07,710766,1.15602e+11,4.4658e+07,6722.58,1.71961e+07,1.81896e+09
2018-08-08,634443,1.07787e+11,4.64325e+07,6267.39,1.71981e+07,2.17234e+09
2018-08-09,636143,1.12799e+11,4.40665e+07,6558.1,1.72e+07,1.5826e+09
2018-08-10,656819,1.05548e+11,5.20517e+07,6135.75,1.72022e+07,1.77472e+09
2018-08-11,523641,1.08624e+11,5.24857e+07,6313.75,1.72043e+07,1.49472e+09
2018-08-12,486939,1.08652e+11,4.92303e+07,6314.69,1.72062e+07,1.16711e+09
2018-08-13,602328,1.07823e+11,4.76422e+07,6265.85,1.72081e+07,1.57276e+09
2018-08-14,672592,1.0644e+11,4.31956e+07,6184.83,1.72098e+07,1.90463e+09
2018-08-15,677460,1.07922e+11,5.1136e+07,6270.21,1.72118e+07,2.16794e+09
2018-08-16,621029,1.08288e+11,5.01831e+07,6290.75,1.72138e+07,1.43105e+09
2018-08-17,650774,1.12988e+11,4.82774e+07,6563.08,1.72157e+07,1.73585e+09
2018-08-18,498238,1.10181e+11,5.08183e+07,6399.29,1.72177e+07,1.42575e+09
2018-08-19,502449,1.11767e+11,4.60541e+07,6490.72,1.72195e+07,1.07275e+09
2018-08-20,639365,1.08029e+11,4.76422e+07,6272.95,1.72214e+07,1.43826e+09
2018-08-21,589991,1.11487e+11,4.7007e+07,6473.08,1.72232e+07,1.24644e+09
2018-08-22,622189,1.09639e+11,5.08183e+07,6365.01,1.72252e+07,2.2129e+09
2018-08-23,574017,1.12259e+11,4.73246e+07,6516.41,1.72271e+07,1.13702e+09
2018-08-24,633016,1.15395e+11,4.72956e+07,6697.73,1.72289e+07,1.22117e+09
2018-08-25,540988,1.16228e+11,4.51456e+07,6745.44,1.72306e+07,1.07933e+09
2018-08-26,495145,1.15285e+11,5.78533e+07,6689.87,1.72328e+07,1.13703e+09
2018-08-27,675295,1.17873e+11,6.18663e+07,6839.16,1.72351e+07,1.5599e+09
2018-08-28,676219,1.22261e+11,5.11651e+07,7092.97,1.7237e+07,2.0489e+09
2018-08-29,643056,1.21247e+11,4.64833e+07,7033.43,1.72387e+07,1.61941e+09
2018-08-30,626114,1.20115e+11,5.14995e+07,6966.96,1.72406e+07,1.77689e+09
2018-08-31,658225,1.21132e+11,5.18339e+07,7025.14,1.72426e+07,1.68936e+09
2018-09-01,556577,1.24028e+11,5.04962e+07,7192.35,1.72445e+07,1.69938e+09
2018-09-02,491997,1.25668e+11,4.81554e+07,7286.67,1.72463e+07,1.83632e+09
2018-09-03,616107,1.25177e+11,4.81554e+07,7257.47,1.72481e+07,1.61481e+09
2018-09-04,646393,1.26937e+11,4.21359e+07,7358.81,1.72496e+07,1.51091e+09
2018-09-05,644928,1.17152e+11,4.41424e+07,6790.9,1.72513e+07,2.75111e+09
2018-09-06,659910,1.1194e+11,5.01618e+07,6488.08,1.72532e+07,2.51464e+09
2018-09-07,694327,1.10582e+11,5.27465e+07,6408.65,1.72551e+07,1.5056e+09
2018-09-08,541935,1.06782e+11,5.23389e+07,6187.79,1.72569e+07,1.42277e+09
2018-09-09,506971,1.07856e+11,5.6875e+07,6249.25,1.7259e+07,1.31925e+09
2018-09-10,620579,1.08663e+11,4.7105e+07,6295.39,1.72607e+07,1.32865e+09
2018-09-11,642145,1.08381e+11,4.91986e+07,6278.42,1.72624e+07,1.38711e+09
2018-09-12,602958,1.09242e+11,5.86196e+07,6327.54,1.72645e+07,1.35538e+09
2018-09-13,618775,1.12075e+11,5.16411e+07,6490.91,1.72664e+07,1.65887e+09
2018-09-14,615099,1.12151e+11,4.60583e+07,6494.7,1.7268e+07,1.47286e+09
2018-09-15,547938,1.12671e+11,4.88497e+07,6524.17,1.72698e+07,1.0395e+09
2018-09-16,479019,1.1222e+11,4.85008e+07,6497.4,1.72715e+07,1.05101e+09
2018-09-17,616149,1.08106e+11,4.7105e+07,6258.59,1.72732e+07,1.77041e+09
2018-09-18,640750,1.09529e+11,4.95475e+07,6340.35,1.7275e+07,1.3642e+09
2018-09-19,638350,1.10295e+11,5.44325e+07,6383.95,1.72769e+07,1.60921e+09
2018-09-20,628755,1.12288e+11,5.38607e+07,6498.61,1.72789e+07,1.50857e+09
2018-09-21,713347,1.16491e+11,5.12005e+07,6741.14,1.72807e+07,2.75666e+09
2018-09-22,550844,1.15888e+11,5.51117e+07,6705.48,1.72826e+07,1.70052e+09
2018-09-23,524121,1.1586e+11,5.33339e+07,6703.14,1.72845e+07,1.41535e+09
2018-09-24,601707,1.13684e+11,5.26228e+07,6576.55,1.72863e+07,1.563e+09
2018-09-25,653042,1.1093e+11,6.00895e+07,6416.44,1.72884e+07,1.8101e+09
2018-09-26,624467,1.11751e+11,4.94227e+07,6463.25,1.72902e+07,1.54537e+09
2018-09-27,642476,1.15474e+11,5.0845e+07,6677.9,1.7292e+07,1.55901e+09
2018-09-28,654875,1.1454e+11,5.47561e+07,6623.13,1.72939e+07,1.84977e+09
2018-09-29,564628,1.13884e+11,5.4045e+07,6584.5,1.72958e+07,1.45099e+09
2018-09-30,514766,1.14243e+11,5.79562e+07,6604.49,1.72978e+07,1.27958e+09
2018-10-01,688212,1.13518e+11,5.61784e+07,6561.81,1.72998e+07,1.27428e+09
2018-10-02,660448,1.12611e+11,4.87116e+07,6508.72,1.73015e+07,1.34924e+09
2018-10-03,695230,1.11857e+11,5.15561e+07,6464.46,1.73033e+07,1.30611e+09
2018-10-04,653916,1.13267e+11,5.49871e+07,6545.29,1.73052e+07,1.19388e+09
2018-10-05,686857,1.13968e+11,4.81765e+07,6585.15,1.73068e+07,1.0987e+09
2018-10-06,569596,1.13378e+11,4.63236e+07,6550.48,1.73084e+07,8.3531e+08
2018-10-07,618542,1.13634e+11,5.26236e+07,6564.57,1.73102e+07,9.12751e+08
2018-10-08,643328,1.14339e+11,5.00294e+07,6604.69,1.73118e+07,1.22144e+09
2018-10-09,604271,1.14103e+11,4.81765e+07,6590.43,1.73135e+07,1.022e+09
2018-10-10,651334,1.13053e+11,5.33647e+07,6529.1,1.73153e+07,1.21083e+09
2018-10-11,689144,1.06661e+11,5.89236e+07,6159.25,1.73173e+07,2.22895e+09
2018-10-12,699176,1.07233e+11,4.89177e+07,6191.68,1.73189e+07,1.20258e+09
2018-10-13,553344,1.07348e+11,5.2253e+07,6197.69,1.73207e+07,9.1323e+08
2018-10-14,522288,1.071e+11,4.22471e+07,6182.88,1.73221e+07,1.04074e+09
2018-10-15,711826,1.11614e+11,6.00353e+07,6442.72,1.73241e+07,3.21391e+09
2018-10-16,674140,1.11958e+11,5.00294e+07,6461.94,1.73258e+07,1.38257e+09
2018-10-17,662174,1.11637e+11,5.11412e+07,6442.73,1.73275e+07,1.30093e+09
2018-10-18,673350,1.10846e+11,5.08842e+07,6396.48,1.73293e+07,1.27244e+09
2018-10-19,684662,1.10625e+11,5.07027e+07,6383.08,1.7331e+07,1.11367e+09
2018-10-20,583046,1.11073e+11,5.10598e+07,6408.25,1.73328e+07,9.75757e+08
2018-10-21,540049,1.11207e+11,4.92745e+07,6415.34,1.73345e+07,9.2455e+08
2018-10-22,687801,1.11093e+11,5.53445e+07,6408.03,1.73365e+07,1.29809e+09
2018-10-23,688951,1.10896e+11,5.49875e+07,6395.99,1.73384e+07,1.42251e+09
2018-10-24,630269,1.11214e+11,4.0348e+07,6413.8,1.73398e+07,1.31723e+09
2018-10-25,664579,1.11026e+11,4.89174e+07,6402.32,1.73415e+07,1.21897e+09
2018-10-26,681997,1.11068e+11,5.10598e+07,6404.11,1.73433e+07,1.05162e+09
2018-10-27,578121,1.11171e+11,4.85604e+07,6409.41,1.7345e+07,1.11762e+09
2018-10-28,547630,1.11134e+11,4.99886e+07,6406.63,1.73468e+07,9.69284e+08
2018-10-29,708860,1.08655e+11,5.2131e+07,6263.04,1.73486e+07,1.55157e+09
2018-10-30,697640,1.08825e+11,5.49875e+07,6272.17,1.73505e+07,1.18433e+09
2018-10-31,694833,1.09431e+11,5.8201e+07,6306.32,1.73526e+07,1.37507e+09
2018-11-01,702856,1.10079e+11,5.49891e+07,6342.98,1.73545e+07,1.25866e+09
2018-11-02,764821,1.10181e+11,5.10708e+07,6348.17,1.73563e+07,1.31374e+09
2018-11-03,635423,1.0992e+11,5.74993e+07,6332.43,1.73583e+07,1.01719e+09
2018-11-04,619152,1.11457e+11,4.39281e+07,6420.42,1.73598e+07,1.42265e+09
2018-11-05,709024,1.11166e+11,5.1428e+07,6402.95,1.73616e+07,1.49368e+09
2018-11-06,698165,1.11839e+11,4.57138e+07,6441.15,1.73632e+07,1.58678e+09
2018-11-07,708634,1.12887e+11,4.6428e+07,6500.87,1.73648e+07,1.57699e+09
2018-11-08,702459,1.11262e+11,4.32138e+07,6406.75,1.73664e+07,1.38963e+09
2018-11-09,696353,1.09963e+11,4.53566e+07,6331.38,1.73679e+07,1.32724e+09
2018-11-10,583550,1.10351e+11,4.67852e+07,6353.11,1.73696e+07,1.1082e+09
2018-11-11,601176,1.10055e+11,5.21423e+07,6335.41,1.73714e+07,9.18133e+08
2018-11-12,680949,1.0981e+11,4.99994e+07,6320.66,1.73732e+07,8.51866e+08
2018-11-13,637890,1.08903e+11,4.28566e+07,6267.94,1.73747e+07,9.51099e+08
2018-11-14,734241,9.68602e+10,4.82137e+07,5574.26,1.73763e+07,2.72697e+09
2018-11-15,709708,9.62487e+10,4.53566e+07,5538.56,1.73779e+07,2.15517e+09
2018-11-16,704543,9.5518e+10,4.48147e+07,5496.02,1.73795e+07,1.24131e+09
2018-11-17,587644,9.56162e+10,4.79569e+07,5501.09,1.73813e+07,8.5199e+08
2018-11-18,543353,9.65683e+10,4.06807e+07,5555.38,1.73829e+07,8.91879e+08
2018-11-19,680899,8.33097e+10,4.16729e+07,4792.2,1.73844e+07,2.98104e+09
2018-11-20,769611,7.50649e+10,4.36573e+07,4317.53,1.73861e+07,3.75634e+09
2018-11-21,620393,7.91008e+10,3.47274e+07,4549.32,1.73874e+07,1.8354e+09
2018-11-22,653846,7.48352e+10,4.035e+07,4303.62,1.73889e+07,1.11368e+09
2018-11-23,624434,7.46033e+10,4.13422e+07,4289.89,1.73905e+07,1.34894e+09
2018-11-24,578522,6.62005e+10,4.72955e+07,3806.32,1.73923e+07,1.60768e+09
2018-11-25,577253,6.8651e+10,4.20037e+07,3946.85,1.73939e+07,2.34553e+09
2018-11-26,628614,6.43674e+10,3.67119e+07,3700.29,1.73952e+07,2.09846e+09
2018-11-27,627815,6.57003e+10,4.33266e+07,3776.56,1.73969e+07,1.55538e+09
2018-11-28,630438,7.32205e+10,3.9027e+07,4208.48,1.73984e+07,2.13074e+09
2018-11-29,612685,7.37579e+10,3.47274e+07,4239.04,1.73997e+07,1.7537e+09
2018-11-30,597612,6.91397e+10,3.34045e+07,3973.33,1.74009e+07,1.65428e+09
2018-12-01,579421,7.21868e+10,4.10114e+07,4148.07,1.74025e+07,1.01537e+09
2018-12-02,502649,7.13342e+10,3.77041e+07,4098.75,1.74039e+07,9.7256e+08
2018-12-03,586010,6.69057e+10,3.4851e+07,3843.98,1.74053e+07,1.20707e+09
2018-12-04,671416,6.77648e+10,3.87344e+07,3892.95,1.74071e+07,1.20762e+09
2018-12-05,609238,6.45779e+10,3.6489e+07,3709.52,1.74087e+07,1.17133e+09
2018-12-06,655016,6.11447e+10,3.78924e+07,3511.97,1.74104e+07,1.60295e+09
2018-12-07,658859,5.87299e+10,3.1998e+07,3373,1.74118e+07,1.98159e+09
2018-12-08,531426,5.93439e+10,3.56469e+07,3407.95,1.74134e+07,1.16604e+09
2018-12-09,518114,6.16567e+10,3.59276e+07,3540.44,1.7415e+07,8.70341e+08
2018-12-10,600210,5.94529e+10,3.48048e+07,3413.59,1.74165e+07,8.72884e+08
2018-12-11,635401,5.83953e+10,3.50855e+07,3352.56,1.74181e+07,7.39335e+08
2018-12-12,616176,5.96275e+10,3.36821e+07,3423.01,1.74196e+07,7.27074e+08
2018-12-13,638713,5.67992e+10,3.67696e+07,3260.34,1.74212e+07,8.40342e+08
2018-12-14,701381,5.57354e+10,4.09799e+07,3198.95,1.74231e+07,9.29102e+08
2018-12-15,594065,5.54997e+10,4.1822e+07,3185.07,1.74249e+07,6.0447e+08
2018-12-16,539434,5.56844e+10,3.22787e+07,3195.41,1.74264e+07,6.30291e+08
2018-12-17,682984,6.09845e+10,4.49095e+07,3499.16,1.74284e+07,1.28266e+09
2018-12-18,656410,6.37854e+10,3.56323e+07,3659.53,1.743e+07,1.36422e+09
2018-12-19,701481,6.44581e+10,3.78224e+07,3697.73,1.74318e+07,2.02178e+09
2018-12-20,641537,7.09149e+10,3.42686e+07,4067.74,1.74335e+07,2.53248e+09
2018-12-21,656212,6.69354e+10,3.55378e+07,3839.09,1.74353e+07,1.93319e+09
2018-12-22,551516,6.91385e+10,4.44223e+07,3964.95,1.74374e+07,1.07769e+09
2018-12-23,520086,6.87587e+10,4.46761e+07,3942.67,1.74396e+07,1.21062e+09
2018-12-24,583425,7.04646e+10,3.85839e+07,4040.05,1.74415e+07,1.88636e+09
2018-12-25,481186,6.56153e+10,4.03608e+07,3761.58,1.74435e+07,1.43347e+09
2018-12-26,536230,6.64265e+10,3.98531e+07,3807.66,1.74455e+07,1.05395e+09
2018-12-27,624625,6.25579e+10,4.41684e+07,3585.46,1.74477e+07,1.05536e+09
2018-12-28,644439,6.77235e+10,4.23916e+07,3881.05,1.74498e+07,1.1852e+09
2018-12-29,572182,6.67194e+10,3.50301e+07,3823.14,1.74515e+07,9.58642e+08
2018-12-30,514111,6.67674e+10,4.46761e+07,3825.41,1.74537e+07,8.26508e+08
2018-12-31,557851,6.43624e+10,4.05675e+07,3687.2,1.74556e+07,8.10128e+08
2019-01-01,433715,6.64801e+10,4.1616e+07,3808.12,1.74575e+07,6.65138e+08
2019-01-02,578607,6.80601e+10,4.21746e+07,3898.2,1.74594e+07,9.07331e+08
2019-01-03,598436,6.60804e+10,4.32918e+07,3784.39,1.74613e+07,7.41905e+08
2019-01-04,580495,6.68407e+10,4.1616e+07,3827.52,1.74632e+07,9.24367e+08
2019-01-05,519070,6.63436e+10,4.55262e+07,3798.61,1.74652e+07,8.25444e+08
2019-01-06,498140,7.06712e+10,3.93816e+07,4045.99,1.7467e+07,1.031e+09
2019-01-07,613474,6.98927e+10,3.93816e+07,4001.02,1.74687e+07,1.05396e+09
2019-01-08,607366,6.97545e+10,4.7202e+07,3992.62,1.74708e+07,1.12349e+09
2019-01-09,619701,6.9966e+10,4.58055e+07,4004.26,1.74729e+07,1.07523e+09
2019-01-10,634499,6.3397e+10,4.35711e+07,3627.9,1.74748e+07,1.62954e+09
2019-01-11,623617,6.33384e+10,4.13367e+07,3624.16,1.74767e+07,9.74204e+08
2019-01-12,521168,6.32198e+10,3.85437e+07,3617.02,1.74784e+07,6.58145e+08
2019-01-13,477843,6.1332e+10,3.82644e+07,3508.67,1.74801e+07,7.00895e+08
2019-01-14,604549,6.41055e+10,4.34894e+07,3666.95,1.7482e+07,9.25379e+08
2019-01-15,621686,6.2614e+10,3.86093e+07,3581.29,1.74836e+07,9.40784e+08
2019-01-16,639811,6.30693e+10,3.89018e+07,3606.99,1.74853e+07,8.2689e+08
2019-01-17,619396,6.36545e+10,3.71468e+07,3640.13,1.74869e+07,8.43658e+08
2019-01-18,606378,6.31239e+10,4.03643e+07,3609.43,1.74886e+07,6.80285e+08
2019-01-19,519467,6.44919e+10,3.89018e+07,3687.3,1.74903e+07,7.27114e+08
2019-01-20,518578,6.1893e+10,4.59217e+07,3538.31,1.74922e+07,7.69693e+08
2019-01-21,604061,6.18526e+10,4.38742e+07,3535.62,1.74941e+07,6.72607e+08
2019-01-22,594573,6.25877e+10,3.80243e+07,3577.31,1.74957e+07,8.40576e+08
2019-01-23,685141,6.21495e+10,4.27042e+07,3551.89,1.74976e+07,7.9685e+08
2019-01-24,619376,6.24314e+10,4.73841e+07,3567.59,1.74996e+07,6.68731e+08
2019-01-25,629078,6.23283e+10,4.03643e+07,3561.35,1.75013e+07,6.74019e+08
2019-01-26,585285,6.22596e+10,4.38742e+07,3557.04,1.75032e+07,6.52272e+08
2019-01-27,487233,6.19256e+10,4.00718e+07,3537.61,1.75049e+07,7.35111e+08
2019-01-28,650793,6.01365e+10,4.20533e+07,3435.05,1.75067e+07,1.0945e+09
2019-01-29,607365,5.94559e+10,4.22011e+07,3395.82,1.75085e+07,7.25338e+08
2019-01-30,622377,6.01984e+10,3.93106e+07,3437.9,1.75102e+07,7.39732e+08
2019-01-31,632855,5.97188e+10,4.48025e+07,3410.13,1.75122e+07,6.79508e+08
2019-02-01,654356,6.03371e+10,4.56696e+07,3445.05,1.75142e+07,6.37092e+08
2019-02-02,560738,6.06391e+10,4.1623e+07,3461.94,1.7516e+07,4.99732e+08
2019-02-03,518121,5.97882e+10,3.98887e+07,3413.02,1.75177e+07,5.12453e+08
2019-02-04,610696,5.97659e+10,4.24901e+07,3411.39,1.75195e+07,6.08532e+08
2019-02-05,645414,6.00363e+10,4.24901e+07,3426.47,1.75214e+07,6.68174e+08
2019-02-06,686774,5.90102e+10,4.74039e+07,3367.51,1.75234e+07,8.18692e+08
2019-02-07,645404,5.88662e+10,5.02944e+07,3358.87,1.75256e+07,5.32906e+08
2019-02-08,691966,6.33182e+10,4.71149e+07,3612.48,1.75276e+07,1.2994e+09
2019-02-09,561955,6.3479e+10,4.33573e+07,3621.27,1.75295e+07,6.90499e+08
2019-02-10,501124,6.38492e+10,4.10803e+07,3642.02,1.75312e+07,7.44518e+08
2019-02-11,709903,6.29545e+10,4.36914e+07,3590.62,1.75331e+07,7.57348e+08
2019-02-12,809914,6.29126e+10,3.85689e+07,3587.9,1.75347e+07,8.65369e+08
2019-02-13,758224,6.27123e+10,4.61019e+07,3576.09,1.75366e+07,8.69771e+08
2019-02-14,617275,6.24701e+10,4.24861e+07,3561.92,1.75383e+07,7.55538e+08
2019-02-15,621340,6.25299e+10,3.82676e+07,3565.01,1.75399e+07,6.9189e+08
2019-02-16,587666,6.28827e+10,4.5198e+07,3584.74,1.75418e+07,6.93193e+08
2019-02-17,526787,6.35569e+10,4.79098e+07,3622.76,1.75438e+07,9.8362e+08
2019-02-18,693311,6.7834e+10,4.67046e+07,3866.13,1.75457e+07,1.89153e+09
2019-02-19,713530,6.83558e+10,4.70059e+07,3895.44,1.75477e+07,1.64807e+09
2019-02-20,690103,6.8997e+10,3.91716e+07,3931.61,1.75493e+07,1.11788e+09
2019-02-21,643083,6.83122e+10,3.5857e+07,3892.26,1.75508e+07,9.86997e+08
2019-02-22,728261,6.93037e+10,4.88138e+07,3948.3,1.75528e+07,9.28917e+08
2019-02-23,581866,7.2152e+10,4.30887e+07,4110.15,1.75546e+07,1.21418e+09
2019-02-24,558515,6.59096e+10,4.13008e+07,3754.18,1.75563e+07,2.02962e+09
2019-02-25,679440,6.71074e+10,4.31621e+07,3822.02,1.75581e+07,1.25408e+09
2019-02-26,702086,6.66612e+10,4.85951e+07,3796.18,1.75601e+07,1.06924e+09
2019-02-27,668278,6.67242e+10,4.25585e+07,3799.38,1.75619e+07,1.13864e+09
2019-02-28,688385,6.66184e+10,4.5275e+07,3792.95,1.75637e+07,1.18938e+09
2019-03-01,727984,6.69367e+10,4.8897e+07,3810.63,1.75658e+07,9.02935e+08
2019-03-02,616539,6.69256e+10,3.9842e+07,3809.64,1.75674e+07,7.59258e+08
2019-03-03,553981,6.64536e+10,4.40676e+07,3782.38,1.75692e+07,7.35336e+08
2019-03-04,687289,6.49802e+10,4.13511e+07,3698.16,1.7571e+07,1.14771e+09
2019-03-05,701551,6.74819e+10,4.49731e+07,3840.13,1.75728e+07,1.32982e+09
2019-03-06,734311,6.76966e+10,3.86346e+07,3852,1.75744e+07,1.01741e+09
2019-03-07,689254,6.77724e+10,4.28603e+07,3855.92,1.75762e+07,1.13701e+09
2019-03-08,698786,6.74861e+10,4.40676e+07,3839.23,1.7578e+07,1.53774e+09
2019-03-09,604793,6.87431e+10,4.1653e+07,3910.36,1.75797e+07,1.34466e+09
2019-03-10,525757,6.86364e+10,4.10443e+07,3903.91,1.75814e+07,1.0446e+09
2019-03-11,749756,6.7723e+10,4.28394e+07,3851.57,1.75832e+07,1.33812e+09
2019-03-12,696573,6.7859e+10,4.31411e+07,3858.91,1.7585e+07,1.32539e+09
2019-03-13,720085,6.77432e+10,4.07276e+07,3851.96,1.75867e+07,1.198e+09
2019-03-14,735928,6.77828e+10,4.67614e+07,3853.78,1.75886e+07,1.22805e+09
2019-03-15,715166,6.86368e+10,4.6158e+07,3901.91,1.75905e+07,1.22429e+09
2019-03-16,602121,7.01908e+10,4.91749e+07,3989.8,1.75926e+07,1.77547e+09
2019-03-17,548345,6.97995e+10,4.40462e+07,3967.14,1.75944e+07,1.27736e+09
2019-03-18,720573,6.98479e+10,4.85715e+07,3969.44,1.75964e+07,1.56251e+09
2019-03-19,739893,7.03269e+10,5.24934e+07,3996.17,1.75986e+07,1.38545e+09
2019-03-20,745772,7.0942e+10,4.85715e+07,4030.66,1.76006e+07,1.59358e+09
2019-03-21,705159,6.99919e+10,4.31411e+07,3976.27,1.76024e+07,1.71022e+09
2019-03-22,726789,7.0134e+10,4.85715e+07,3983.89,1.76044e+07,1.36443e+09
2019-03-23,566705,7.0104e+10,4.37445e+07,3981.78,1.76062e+07,1.31222e+09
2019-03-24,569884,6.99159e+10,4.75673e+07,3970.67,1.76081e+07,1.38216e+09
2019-03-25,715056,6.88239e+10,4.6933e+07,3908.24,1.76099e+07,1.87175e+09
2019-03-26,688572,6.89981e+10,4.24934e+07,3917.76,1.76116e+07,1.86982e+09
2019-03-27,778566,7.09296e+10,4.72501e+07,4027.01,1.76135e+07,2.11283e+09
2019-03-28,765998,7.06539e+10,4.62988e+07,4010.94,1.76153e+07,1.65782e+09
2019-03-29,759323,7.20446e+10,4.66159e+07,4089.46,1.76171e+07,1.96521e+09
2019-03-30,683748,7.20945e+10,4.4079e+07,4091.89,1.76189e+07,1.60968e+09
2019-03-31,623888,7.21444e+10,4.4079e+07,4094.32,1.76206e+07,1.47249e+09
2019-04-01,697929,7.29285e+10,4.31276e+07,4138.42,1.76223e+07,2.00065e+09
2019-04-02,879271,8.64245e+10,4.97871e+07,4903.72,1.76243e+07,5.55203e+09
2019-04-03,856707,8.74292e+10,4.50303e+07,4960.23,1.76261e+07,5.98201e+09
2019-04-04,802957,8.65749e+10,4.43961e+07,4911.27,1.76278e+07,3.57447e+09
2019-04-05,873077,8.87347e+10,5.01042e+07,5033.23,1.76298e+07,2.72738e+09
2019-04-06,677458,8.89397e+10,4.40845e+07,5044.36,1.76315e+07,2.68854e+09
2019-04-07,623548,9.15011e+10,4.48096e+07,5189.11,1.76333e+07,2.69743e+09
2019-04-08,778923,9.31739e+10,4.70342e+07,5283.42,1.76351e+07,3.60594e+09
2019-04-09,776284,9.16333e+10,4.19495e+07,5195.58,1.76368e+07,2.87701e+09
2019-04-10,773468,9.36918e+10,4.70342e+07,5311.74,1.76386e+07,2.7384e+09
2019-04-11,813510,8.90967e+10,4.98944e+07,5050.67,1.76406e+07,3.12228e+09
2019-04-12,763723,8.96743e+10,4.79876e+07,5082.86,1.76425e+07,2.10402e+09
2019-04-13,602847,8.95405e+10,4.29029e+07,5074.79,1.76442e+07,1.396e+09
2019-04-14,596510,9.09954e+10,3.87715e+07,5156.8,1.76457e+07,1.51655e+09
2019-04-15,767910,8.89946e+10,4.60808e+07,5042.9,1.76475e+07,2.06732e+09
2019-04-16,777026,9.18817e+10,4.60808e+07,5205.96,1.76493e+07,1.86137e+09
2019-04-17,734917,9.22506e+10,4.38563e+07,5226.35,1.7651e+07,2.07815e+09
2019-04-18,739768,9.31809e+10,4.7352e+07,5278.5,1.76529e+07,2.0202e+09
2019-04-19,798377,9.33931e+10,4.83054e+07,5289.95,1.76548e+07,1.95768e+09
2019-04-20,689643,9.38259e+10,4.16317e+07,5313.97,1.76564e+07,1.73771e+09
2019-04-21,673424,9.35145e+10,5.11892e+07,5295.73,1.76585e+07,1.83386e+09
2019-04-22,646342,9.50787e+10,4.23187e+07,5383.8,1.76601e+07,2.10654e+09
2019-04-23,714325,9.79311e+10,3.66341e+07,5544.86,1.76616e+07,2.8093e+09
2019-04-24,875920,9.59479e+10,5.14772e+07,5431.95,1.76636e+07,2.83351e+09
2019-04-25,751975,9.05825e+10,4.5161e+07,5127.67,1.76654e+07,2.74876e+09
2019-04-26,761966,9.09895e+10,4.76874e+07,5150.16,1.76673e+07,2.60789e+09
2019-04-27,619281,9.15575e+10,4.32661e+07,5181.81,1.7669e+07,1.33363e+09
2019-04-28,574359,9.09824e+10,5.14772e+07,5148.67,1.76711e+07,1.35317e+09
2019-04-29,807672,9.09952e+10,5.14772e+07,5148.8,1.76731e+07,1.74236e+09
2019-04-30,839425,9.30866e+10,4.42135e+07,5266.62,1.76748e+07,1.81813e+09
2019-05-01,760187,9.39562e+10,5.40037e+07,5315.18,1.7677e+07,1.46476e+09
2019-05-02,787748,9.53466e+10,5.81092e+07,5393.13,1.76793e+07,1.62782e+09
2019-05-03,803354,1.00048e+11,4.80033e+07,5658.43,1.76812e+07,3.39713e+09
2019-05-04,658798,1.02113e+11,4.30929e+07,5774.71,1.76828e+07,2.89415e+09
2019-05-05,613917,1.01303e+11,4.29785e+07,5728.35,1.76844e+07,2.25895e+09
2019-05-06,776590,1.00665e+11,5.03082e+07,5691.69,1.76863e+07,2.34569e+09
2019-05-07,754405,1.03045e+11,4.23122e+07,5825.74,1.76879e+07,3.21748e+09
2019-05-08,839633,1.04932e+11,5.06413e+07,5931.8,1.76898e+07,2.39566e+09
2019-05-09,831454,1.08806e+11,4.9975e+07,6150.14,1.76917e+07,2.77129e+09
2019-05-10,775704,1.12484e+11,4.16458e+07,6357.46,1.76933e+07,3.3819e+09
2019-05-11,773667,1.29616e+11,4.33117e+07,7325.08,1.76949e+07,6.25576e+09
2019-05-12,819732,1.22863e+11,5.26403e+07,6942.62,1.76969e+07,6.35982e+09
2019-05-13,882729,1.38032e+11,5.56388e+07,7798.91,1.76989e+07,6.59141e+09
2019-05-14,896277,1.4082e+11,5.06413e+07,7955.56,1.77008e+07,6.64676e+09
2019-05-15,879106,1.45431e+11,4.96418e+07,8215.21,1.77027e+07,4.98432e+09
2019-05-16,882945,1.39194e+11,4.86423e+07,7862.07,1.77045e+07,6.05967e+09
2019-05-17,903650,1.29734e+11,5.03082e+07,7326.92,1.77064e+07,6.67552e+09
2019-05-18,845558,1.28881e+11,5.09874e+07,7277.99,1.77083e+07,3.32202e+09
2019-05-19,750954,1.45575e+11,5.43261e+07,8219.74,1.77104e+07,4.92775e+09
2019-05-20,836865,1.41365e+11,5.36595e+07,7981.14,1.77124e+07,4.71723e+09
2019-05-21,888770,1.41428e+11,5.09932e+07,7983.81,1.77143e+07,4.25244e+09
2019-05-22,862194,1.35847e+11,5.56593e+07,7667.9,1.77164e+07,4.34987e+09
2019-05-23,825753,1.3993e+11,5.26597e+07,7897.47,1.77184e+07,3.81977e+09
2019-05-24,862849,1.41534e+11,5.09932e+07,7987.1,1.77203e+07,3.85279e+09
2019-05-25,701431,1.42868e+11,4.66605e+07,8061.59,1.7722e+07,2.72883e+09
2019-05-26,670124,1.54758e+11,5.49927e+07,8731.52,1.77241e+07,4.47257e+09
2019-05-27,884928,1.56288e+11,5.56593e+07,8816.79,1.77262e+07,4.81788e+09
2019-05-28,944118,1.54575e+11,5.46594e+07,8719.13,1.77282e+07,3.66573e+09
2019-05-29,887870,1.53465e+11,5.79923e+07,8655.49,1.77304e+07,3.76301e+09
2019-05-30,862822,1.46676e+11,5.38517e+07,8271.62,1.77324e+07,6.41544e+09
2019-05-31,766989,1.51735e+11,4.33863e+07,8556.22,1.77339e+07,4.19538e+09
2019-06-01,850116,1.51726e+11,5.59942e+07,8554.81,1.77357e+07,3.23225e+09
2019-06-02,690143,1.55102e+11,4.85778e+07,8744.35,1.77374e+07,3.04639e+09
2019-06-03,727530,1.44987e+11,4.41279e+07,8173.4,1.77389e+07,4.46085e+09
2019-06-04,911280,1.35716e+11,5.71067e+07,7649.94,1.77408e+07,5.19302e+09
2019-06-05,874396,1.38368e+11,5.93316e+07,7798.54,1.77428e+07,3.97068e+09
2019-06-06,812486,1.37996e+11,5.82192e+07,7776.71,1.77448e+07,3.39708e+09
2019-06-07,864227,1.42399e+11,5.859e+07,8023.95,1.77467e+07,3.21273e+09
2019-06-08,617675,1.40918e+11,4.5982e+07,7939.81,1.77483e+07,2.37325e+09
2019-06-09,580387,1.35506e+11,5.45109e+07,7634.07,1.77501e+07,2.69376e+09
2019-06-10,809202,1.41898e+11,5.82192e+07,7993.3,1.77521e+07,3.2074e+09
2019-06-11,835542,1.40655e+11,5.30277e+07,7922.48,1.77539e+07,2.86609e+09
2019-06-12,795814,1.4465e+11,4.85778e+07,8146.76,1.77555e+07,3.38652e+09
2019-06-13,892695,1.46193e+11,5.59942e+07,8232.78,1.77574e+07,3.1665e+09
2019-06-14,1.04136e+06,1.54472e+11,6.22516e+07,8698,1.77595e+07,3.90915e+09
2019-06-15,860753,1.57198e+11,5.37752e+07,8850.58,1.77613e+07,3.26299e+09
2019-06-16,689588,1.60213e+11,4.7882e+07,9019.52,1.7763e+07,5.31208e+09
2019-06-17,805931,1.65932e+11,4.8987e+07,9340.57,1.77646e+07,4.37806e+09
2019-06-18,950212,1.60737e+11,6.00367e+07,9047.13,1.77667e+07,4.00685e+09
2019-06-19,892254,1.64985e+11,6.51932e+07,9285.06,1.77689e+07,2.96685e+09
2019-06-20,839162,1.69652e+11,5.30385e+07,9546.72,1.77707e+07,3.66833e+09
2019-06-21,842659,1.79207e+11,4.8987e+07,10083.5,1.77723e+07,4.86633e+09
2019-06-22,848072,1.89921e+11,5.19336e+07,10685.3,1.77741e+07,8.75812e+09
2019-06-23,875010,1.91886e+11,6.66665e+07,10794.4,1.77764e+07,5.08443e+09
2019-06-24,978017,1.95639e+11,6.51932e+07,11004.2,1.77786e+07,4.24063e+09
2019-06-25,911584,2.08498e+11,5.37752e+07,11726.3,1.77804e+07,6.28625e+09
2019-06-26,1.03588e+06,2.28744e+11,6.07733e+07,12863.5,1.77825e+07,1.54781e+10
2019-06-27,891448,1.97579e+11,5.56705e+07,11109.8,1.77842e+07,1.42768e+10
2019-06-28,1.00897e+06,2.19806e+11,6.42932e+07,12358.2,1.77863e+07,8.48298e+09
2019-06-29,846946,2.12471e+11,6.8632e+07,11944.4,1.77884e+07,6.83038e+09
2019-06-30,675915,1.92894e+11,5.99544e+07,10842.6,1.77903e+07,6.52098e+09
2019-07-01,836709,1.88055e+11,5.64045e+07,10569.6,1.77921e+07,7.31669e+09
2019-07-02,894242,1.91573e+11,6.2321e+07,10766.1,1.77941e+07,8.03831e+09
2019-07-03,883931,2.12701e+11,6.78431e+07,11952,1.77963e+07,7.73776e+09
2019-07-04,814107,1.98932e+11,6.58709e+07,11177,1.77983e+07,6.22464e+09
2019-07-05,837154,1.95779e+11,7.45485e+07,10998.4,1.78007e+07,5.39491e+09
2019-07-06,654703,1.99539e+11,7.02097e+07,11208.2,1.78029e+07,4.63118e+09
2019-07-07,614084,2.03976e+11,6.03488e+07,11456.2,1.78048e+07,3.66553e+09
2019-07-08,834590,2.19376e+11,7.02097e+07,12319.6,1.78071e+07,5.16074e+09
2019-07-09,815561,2.24021e+11,6.60209e+07,12579.1,1.7809e+07,6.67792e+09
2019-07-10,802293,2.15629e+11,5.81251e+07,12106.8,1.78106e+07,9.37061e+09
2019-07-11,778056,2.01183e+11,5.81251e+07,11294.7,1.78122e+07,7.5804e+09
2019-07-12,899488,2.10446e+11,7.38954e+07,11813.3,1.78143e+07,5.1651e+09
2019-07-13,645726,2.02156e+11,6.3532e+07,11346.8,1.7816e+07,4.9616e+09
2019-07-14,592612,1.83222e+11,6.53344e+07,10283.1,1.78178e+07,6.1179e+09
2019-07-15,757007,1.94704e+11,6.57849e+07,10926.4,1.78197e+07,6.45328e+09
2019-07-16,794106,1.68792e+11,7.29943e+07,9471.14,1.78217e+07,7.43104e+09
2019-07-17,739298,1.72439e+11,5.99274e+07,9674.88,1.78234e+07,6.71116e+09
2019-07-18,740918,1.90368e+11,5.45204e+07,10679.9,1.78249e+07,6.71277e+09
2019-07-19,732618,1.87751e+11,5.31687e+07,10532.2,1.78263e+07,5.19694e+09
2019-07-20,702633,1.93665e+11,7.9753e+07,10862.6,1.78286e+07,4.3035e+09
2019-07-21,558672,1.88819e+11,6.71367e+07,10589.7,1.78304e+07,3.36699e+09
2019-07-22,708667,1.84005e+11,7.11919e+07,10318.6,1.78324e+07,3.58056e+09
2019-07-23,702928,1.75964e+11,6.42003e+07,9866.65,1.78342e+07,3.77268e+09
2019-07-24,733358,1.74663e+11,6.22828e+07,9792.79,1.78359e+07,3.66419e+09
2019-07-25,764542,1.76544e+11,6.72117e+07,9897.19,1.78378e+07,2.98432e+09
2019-07-26,750605,1.75485e+11,7.43809e+07,9836.7,1.78399e+07,2.42193e+09
2019-07-27,587410,1.68545e+11,6.81078e+07,9446.67,1.78418e+07,3.16054e+09
2019-07-28,521206,1.70049e+11,7.84136e+07,9529.79,1.7844e+07,1.99192e+09
2019-07-29,738306,1.69612e+11,7.52771e+07,9504.16,1.78461e+07,2.2596e+09
2019-07-30,737831,1.71145e+11,6.3627e+07,9589.11,1.78478e+07,2.21323e+09
2019-07-31,786236,1.79553e+11,7.66213e+07,10059,1.785e+07,3.07318e+09
2019-08-01,752575,1.85664e+11,6.3627e+07,10400.3,1.78517e+07,2.76507e+09
2019-08-02,775949,1.87996e+11,7.57251e+07,10529.7,1.78539e+07,3.01509e+09
2019-08-03,612854,1.93031e+11,7.75175e+07,10810.4,1.7856e+07,2.53644e+09
2019-08-04,583300,1.96198e+11,7.4829e+07,10986.5,1.78581e+07,2.8782e+09
2019-08-05,807955,2.10569e+11,7.05469e+07,11790,1.78599e+07,5.09497e+09
2019-08-06,850550,2.04045e+11,7.99163e+07,11423.5,1.78619e+07,5.64225e+09
2019-08-07,819832,2.13781e+11,7.59453e+07,11967.3,1.78638e+07,4.96852e+09
2019-08-08,815367,2.13284e+11,7.04852e+07,11938.2,1.78656e+07,3.80639e+09
2019-08-09,749568,2.11878e+11,7.2967e+07,11858.3,1.78674e+07,3.39913e+09
2019-08-10,596821,2.0199e+11,7.49525e+07,11303.7,1.78693e+07,3.55177e+09
2019-08-11,550565,2.06059e+11,7.59453e+07,11530.2,1.78712e+07,2.43608e+09
2019-08-12,660039,2.03477e+11,6.60178e+07,11384.7,1.78729e+07,1.94893e+09
2019-08-13,873566,1.94247e+11,7.79308e+07,10867.1,1.78749e+07,3.18049e+09
2019-08-14,750768,1.79203e+11,7.54489e+07,10024.4,1.78768e+07,4.82626e+09
2019-08-15,701215,1.84331e+11,7.79308e+07,10310.1,1.78787e+07,5.20067e+09
2019-08-16,706459,1.85481e+11,7.2967e+07,10373.3,1.78806e+07,4.68928e+09
2019-08-17,565674,1.82526e+11,6.35359e+07,10207.2,1.78822e+07,2.56202e+09
2019-08-18,526730,1.84762e+11,6.27894e+07,10331.3,1.78837e+07,2.2463e+09
2019-08-19,711022,1.9468e+11,8.25145e+07,10884.6,1.78858e+07,3.09191e+09
2019-08-20,743636,1.92675e+11,7.74523e+07,10771.4,1.78877e+07,2.64803e+09
2019-08-21,784357,1.80626e+11,6.88465e+07,10096.8,1.78894e+07,3.81915e+09
2019-08-22,808723,1.81053e+11,7.13776e+07,10119.7,1.78911e+07,2.9699e+09
2019-08-23,791057,1.86341e+11,7.74523e+07,10414.1,1.78931e+07,2.51584e+09
2019-08-24,700721,1.81583e+11,8.09958e+07,10147.1,1.78951e+07,2.53832e+09
2019-08-25,513916,1.80766e+11,7.84647e+07,10100.4,1.7897e+07,2.34713e+09
2019-08-26,759470,1.85478e+11,6.93527e+07,10362.6,1.78987e+07,3.50092e+09
2019-08-27,726784,1.82015e+11,6.83402e+07,10168.2,1.79004e+07,2.36021e+09
2019-08-28,705437,1.74096e+11,7.64398e+07,9724.8,1.79023e+07,3.37525e+09
2019-08-29,735396,1.69775e+11,8.3527e+07,9482.31,1.79043e+07,2.97841e+09
2019-08-30,734849,1.71501e+11,8.09958e+07,9577.68,1.79063e+07,2.0889e+09
2019-08-31,596235,1.72011e+11,8.40332e+07,9605.02,1.79084e+07,1.42903e+09
2019-09-01,574358,1.74856e+11,7.61054e+07,9762.94,1.79102e+07,1.52205e+09
2019-09-02,728155,1.8588e+11,7.97863e+07,10377.3,1.79121e+07,2.91421e+09
2019-09-03,799532,1.90226e+11,8.78185e+07,10618.8,1.79141e+07,3.58806e+09
2019-09-04,750620,1.895e+11,7.28251e+07,10577.2,1.79158e+07,3.02226e+09
2019-09-05,744004,1.89574e+11,8.8354e+07,10580.2,1.79179e+07,2.23942e+09
2019-09-06,775304,1.85127e+11,8.46057e+07,10330.8,1.79199e+07,3.95726e+09
2019-09-07,617013,1.8808e+11,8.03218e+07,10494.5,1.79217e+07,2.17497e+09
2019-09-08,567664,1.86539e+11,9.47798e+07,10407.3,1.79239e+07,1.87781e+09
2019-09-09,769573,1.85217e+11,7.81799e+07,10332.5,1.79258e+07,2.88555e+09
2019-09-10,807975,1.80821e+11,9.74572e+07,10086,1.7928e+07,2.23631e+09
2019-09-11,783950,1.81852e+11,9.85281e+07,10142.1,1.79303e+07,2.39058e+09
2019-09-12,757805,1.86556e+11,8.46057e+07,10403.4,1.79323e+07,2.14709e+09
2019-09-13,759154,1.85535e+11,8.199e+07,10345.3,1.79342e+07,1.80189e+09
2019-09-14,652357,1.8588e+11,9.16181e+07,10363.5,1.79361e+07,1.60154e+09
2019-09-15,554317,1.84872e+11,8.68894e+07,10306.2,1.7938e+07,1.25523e+09
2019-09-16,779631,1.84025e+11,9.63468e+07,10257.8,1.794e+07,1.91854e+09
2019-09-17,777701,1.82928e+11,8.74805e+07,10195.6,1.79419e+07,2.02277e+09
2019-09-18,855706,1.82335e+11,1.02849e+08,10161.3,1.7944e+07,2.20313e+09
2019-09-19,733322,1.84275e+11,8.74805e+07,10268.4,1.79459e+07,3.38723e+09
2019-09-20,742828,1.82531e+11,8.92538e+07,10170.1,1.79478e+07,1.88762e+09
2019-09-21,625288,1.79254e+11,9.81201e+07,9986.41,1.79498e+07,1.53113e+09
2019-09-22,606415,1.80363e+11,9.81201e+07,10047,1.79519e+07,1.61595e+09
2019-09-23,735518,1.74017e+11,6.73837e+07,9692.74,1.79533e+07,2.25088e+09
2019-09-24,840208,1.54661e+11,9.28003e+07,8613.67,1.79553e+07,6.19061e+09
2019-09-25,783948,1.51275e+11,9.22092e+07,8424.16,1.79573e+07,3.92708e+09
2019-09-26,739854,1.45322e+11,1.02372e+08,8091.7,1.79594e+07,3.73061e+09
2019-09-27,714047,1.47043e+11,8.37268e+07,8186.78,1.7961e+07,2.56067e+09
2019-09-28,619808,1.47332e+11,1.00853e+08,8201.98,1.7963e+07,1.96311e+09
2019-09-29,564381,1.44877e+11,8.6264e+07,8064.51,1.79647e+07,1.84402e+09
2019-09-30,750859,1.48804e+11,8.24582e+07,8282.37,1.79664e+07,2.8164e+09
2019-10-01,750562,1.49397e+11,9.07041e+07,8314.55,1.79681e+07,2.45891e+09
2019-10-02,717573,1.50275e+11,9.38755e+07,8362.53,1.797e+07,1.65383e+09
2019-10-03,708956,1.48346e+11,9.32412e+07,8254.34,1.79718e+07,1.74021e+09
2019-10-04,712900,1.46767e+11,9.32412e+07,8165.69,1.79737e+07,1.53875e+09
2019-10-05,636638,1.46351e+11,1.00218e+08,8141.63,1.79756e+07,1.30529e+09
2019-10-06,555377,1.41206e+11,9.45098e+07,7854.61,1.79775e+07,1.771e+09
2019-10-07,734959,1.47899e+11,9.83156e+07,8226.02,1.79794e+07,2.54135e+09
2019-10-08,715311,1.4727e+11,1.02756e+08,8190.12,1.79815e+07,1.86937e+09
2019-10-09,701690,1.54625e+11,8.75326e+07,8598.33,1.79832e+07,2.88414e+09
2019-10-10,743456,1.54279e+11,1.03743e+08,8578.09,1.79852e+07,2.13649e+09
2019-10-11,726820,1.49111e+11,1.00875e+08,8289.85,1.79872e+07,2.46693e+09
2019-10-12,578474,1.49735e+11,8.60026e+07,8323.75,1.79888e+07,1.29248e+09
2019-10-13,555407,1.49165e+11,9.18223e+07,8291.25,1.79906e+07,1.4438e+09
2019-10-14,694167,1.5017e+11,8.72958e+07,8346.37,1.79923e+07,1.55334e+09
2019-10-15,712296,1.46846e+11,9.89353e+07,8160.71,1.79942e+07,1.81213e+09
2019-10-16,733220,1.44037e+11,9.24689e+07,8003.86,1.7996e+07,1.83839e+09
2019-10-17,730671,1.45288e+11,9.69954e+07,8072.49,1.79979e+07,1.52174e+09
2019-10-18,673650,1.43267e+11,1.03462e+08,7959.33,1.79999e+07,1.64608e+09
2019-10-19,643714,1.43086e+11,9.18223e+07,7948.48,1.80016e+07,1.45925e+09
2019-10-20,546144,1.47875e+11,9.44088e+07,8213.71,1.80035e+07,1.64454e+09
2019-10-21,749935,1.47855e+11,1.02815e+08,8211.65,1.80055e+07,1.72764e+09
2019-10-22,732596,1.44586e+11,1.09281e+08,8029.21,1.80076e+07,1.72484e+09
2019-10-23,736263,1.34317e+11,1.09314e+08,7458.04,1.80097e+07,3.16884e+09
2019-10-24,719988,1.34263e+11,9.05208e+07,7454.37,1.80113e+07,1.71664e+09
2019-10-25,786680,1.55933e+11,9.39238e+07,8656.66,1.80131e+07,4.62622e+09
2019-10-26,761194,1.66631e+11,9.5285e+07,9249.65,1.80148e+07,9.56056e+09
2019-10-27,598714,1.72202e+11,7.82698e+07,9558.16,1.80162e+07,5.29234e+09
2019-10-28,753434,1.67912e+11,9.12014e+07,9319.18,1.80179e+07,4.39983e+09
2019-10-29,728736,1.69946e+11,9.05208e+07,9431.21,1.80196e+07,3.60786e+09
2019-10-30,711325,1.65487e+11,9.12014e+07,9182.86,1.80213e+07,3.10138e+09
2019-10-31,721957,1.65005e+11,8.98401e+07,9155.28,1.80229e+07,2.96022e+09
2019-11-01,790414,1.66752e+11,8.84789e+07,9251.38,1.80245e+07,2.65053e+09
2019-11-02,634816,1.67647e+11,9.12014e+07,9300.19,1.80262e+07,1.77169e+09
2019-11-03,610943,1.66031e+11,9.39238e+07,9209.64,1.80279e+07,1.68222e+09
2019-11-04,757129,1.69809e+11,8.98401e+07,9418.36,1.80296e+07,2.34442e+09
2019-11-05,782184,1.68247e+11,9.80074e+07,9330.79,1.80314e+07,2.46931e+09
2019-11-06,831199,1.68698e+11,8.98401e+07,9354.93,1.8033e+07,1.97586e+09
2019-11-07,799136,1.66113e+11,9.14956e+07,9210.75,1.80347e+07,1.98235e+09
2019-11-08,728522,1.58563e+11,8.09363e+07,8791.33,1.80363e+07,2.89721e+09
2019-11-09,709807,1.5893e+11,9.10533e+07,8810.78,1.80381e+07,1.50025e+09
2019-11-10,594556,1.63135e+11,1.04964e+08,9042.89,1.80402e+07,1.93396e+09
2019-11-11,704180,1.57204e+11,9.54795e+07,8713.21,1.80421e+07,2.16674e+09
2019-11-12,682025,1.58586e+11,8.53625e+07,8788.96,1.80438e+07,2.17624e+09
2019-11-13,746140,1.582e+11,8.53625e+07,8766.73,1.80455e+07,1.72088e+09
2019-11-14,746968,1.56029e+11,1.06861e+08,8645.44,1.80476e+07,1.97349e+09
2019-11-15,779428,1.52805e+11,9.99058e+07,8465.88,1.80495e+07,2.63436e+09
2019-11-16,666406,1.53034e+11,9.35826e+07,8477.69,1.80514e+07,1.52911e+09
2019-11-17,598140,1.53546e+11,9.73765e+07,8505.16,1.80533e+07,1.61793e+09
2019-11-18,696269,1.47754e+11,8.85241e+07,8183.53,1.80551e+07,2.4503e+09
2019-11-19,823018,1.46565e+11,9.29503e+07,8116.82,1.80569e+07,2.20595e+09
2019-11-20,702168,1.45852e+11,8.97887e+07,8076.55,1.80587e+07,1.83444e+09
2019-11-21,803455,1.37481e+11,8.72062e+07,7612.28,1.80604e+07,2.96112e+09
2019-11-22,790198,1.31447e+11,8.51272e+07,7277.52,1.8062e+07,5.30346e+09
2019-11-23,681817,1.32317e+11,1.11568e+08,7324.84,1.80642e+07,2.49122e+09
2019-11-24,557217,1.25438e+11,8.44823e+07,6943.38,1.80658e+07,2.70371e+09
2019-11-25,678695,1.28984e+11,8.06129e+07,7139.04,1.80674e+07,4.87895e+09
2019-11-26,784964,1.29472e+11,7.86782e+07,7165.44,1.80689e+07,2.65911e+09
2019-11-27,812540,1.36015e+11,8.96415e+07,7526.86,1.80707e+07,3.62631e+09
2019-11-28,716192,1.34395e+11,1.05119e+08,7436.34,1.80727e+07,2.47566e+09
2019-11-29,730014,1.40036e+11,8.77068e+07,7747.74,1.80744e+07,2.60376e+09
2019-11-30,683831,1.36586e+11,8.12578e+07,7556.19,1.8076e+07,2.06431e+09
2019-12-01,593329,1.34096e+11,8.96415e+07,7417.73,1.80777e+07,2.36312e+09
2019-12-02,749060,1.32312e+11,9.35109e+07,7318.31,1.80795e+07,2.04702e+09
2019-12-03,744688,1.32112e+11,1.01895e+08,7306.45,1.80815e+07,1.80357e+09
2019-12-04,749562,1.30473e+11,1.07699e+08,7215.02,1.80836e+07,3.29367e+09
2019-12-05,746859,1.33906e+11,9.33624e+07,7404.09,1.80854e+07,2.6074e+09
2019-12-06,748047,1.36273e+11,9.28161e+07,7534.21,1.80872e+07,2.37674e+09
2019-12-07,642350,1.35887e+11,9.92173e+07,7512.06,1.80892e+07,1.81628e+09
2019-12-08,587017,1.36206e+11,9.47365e+07,7528.94,1.8091e+07,1.65481e+09
2019-12-09,803439,1.32806e+11,9.47365e+07,7340.23,1.80929e+07,2.35255e+09
2019-12-10,803226,1.30863e+11,9.47365e+07,7232.09,1.80947e+07,2.32988e+09
2019-12-11,771631,1.30302e+11,8.44947e+07,7200.46,1.80964e+07,1.68586e+09
2019-12-12,722853,1.30176e+11,8.51348e+07,7192.85,1.8098e+07,1.91799e+09
2019-12-13,746512,1.31132e+11,9.72969e+07,7244.9,1.80999e+07,1.49311e+09
2019-12-14,623464,1.28e+11,9.66568e+07,7071.11,1.81018e+07,1.52705e+09
2019-12-15,657604,1.28738e+11,7.93738e+07,7111.29,1.81034e+07,1.47097e+09
2019-12-16,777556,1.24608e+11,1.00497e+08,6882.4,1.81053e+07,2.13674e+09
2019-12-17,875713,1.19669e+11,9.02557e+07,6608.96,1.81071e+07,2.48756e+09
2019-12-18,751472,1.31915e+11,8.57749e+07,7284.63,1.81088e+07,3.61453e+09
2019-12-19,725702,1.29422e+11,1.0064e+08,7146.17,1.81107e+07,2.43343e+09
2019-12-20,708265,1.30125e+11,1.00414e+08,7184.22,1.81127e+07,1.65567e+09
2019-12-21,610208,1.29346e+11,1.13287e+08,7140.3,1.81149e+07,1.20198e+09
2019-12-22,589250,1.35504e+11,1.08782e+08,7479.4,1.8117e+07,1.84558e+09
2019-12-23,727796,1.32661e+11,9.2046e+07,7321.75,1.81188e+07,2.73913e+09
2019-12-24,649535,1.31112e+11,8.04598e+07,7235.63,1.81203e+07,2.15113e+09
2019-12-25,537049,1.30318e+11,8.23908e+07,7191.17,1.81219e+07,1.54837e+09
2019-12-26,653003,1.30396e+11,1.07494e+08,7194.64,1.8124e+07,1.64788e+09
2019-12-27,721861,1.31179e+11,9.33333e+07,7237.15,1.81258e+07,1.63296e+09
2019-12-28,611206,1.32453e+11,9.5908e+07,7306.64,1.81277e+07,1.28152e+09
2019-12-29,589993,1.34007e+11,9.97701e+07,7391.58,1.81296e+07,1.32943e+09
2019-12-30,735877,1.31081e+11,1.06851e+08,7229.4,1.81317e+07,1.38812e+09
2019-12-31,657164,1.2997e+11,9.33333e+07,7167.4,1.81335e+07,1.19345e+09
2020-01-01,524360,1.30044e+11,1.1293e+08,7170.63,1.81357e+07,9.45065e+08
2020-01-02,671016,1.25998e+11,9.67177e+07,6946.83,1.81375e+07,1.40193e+09
2020-01-03,721747,1.32697e+11,1.15924e+08,7315.31,1.81396e+07,2.6017e+09
2020-01-04,611397,1.33217e+11,1.15238e+08,7343.16,1.81417e+07,1.30807e+09
2020-01-05,597061,1.33275e+11,1.11808e+08,7345.53,1.81437e+07,1.4103e+09
2020-01-06,724219,1.40913e+11,9.26021e+07,7765.8,1.81454e+07,2.18698e+09
2020-01-07,775757,1.4765e+11,1.20726e+08,8136.09,1.81476e+07,3.29437e+09
2020-01-08,754553,1.46278e+11,9.74037e+07,8059.7,1.81494e+07,4.15548e+09
2020-01-09,773570,1.41891e+11,1.07693e+08,7817.14,1.81513e+07,2.28045e+09
2020-01-10,792103,1.47582e+11,1.02205e+08,8129.82,1.81532e+07,2.96739e+09
2020-01-11,640445,1.45823e+11,1.11808e+08,8032.01,1.81552e+07,2.20037e+09
2020-01-12,581504,1.48245e+11,1.03577e+08,8164.55,1.81571e+07,1.64612e+09
2020-01-13,705443,1.47485e+11,9.80896e+07,8121.93,1.81589e+07,1.44261e+09
2020-01-14,850757,1.60362e+11,9.98503e+07,8830.17,1.81607e+07,5.48858e+09
2020-01-15,759192,1.60039e+11,1.10915e+08,8811.45,1.81626e+07,4.27601e+09
2020-01-16,739283,1.58371e+11,1.16791e+08,8718.69,1.81646e+07,2.67942e+09
2020-01-17,756728,1.6191e+11,1.16791e+08,8912.54,1.81666e+07,3.66971e+09
2020-01-18,649187,1.62209e+11,9.69589e+07,8928.18,1.81682e+07,2.32725e+09
2020-01-19,622774,1.5785e+11,1.10181e+08,8687.35,1.81701e+07,3.7763e+09
2020-01-20,741539,1.56938e+11,1.1165e+08,8636.26,1.8172e+07,2.14563e+09
2020-01-21,756250,1.58674e+11,1.12384e+08,8730.87,1.81739e+07,1.8904e+09
2020-01-22,771727,1.57183e+11,1.14588e+08,8647.9,1.81759e+07,1.6351e+09
2020-01-23,789764,1.52083e+11,1.16791e+08,8366.38,1.81779e+07,2.45393e+09
2020-01-24,720051,1.53135e+11,1.1165e+08,8423.39,1.81798e+07,2.07043e+09
2020-01-25,665971,1.51723e+11,1.20464e+08,8344.77,1.81818e+07,1.29161e+09
2020-01-26,544915,1.55904e+11,1.05039e+08,8573.87,1.81836e+07,1.53817e+09
2020-01-27,726725,1.61884e+11,9.47553e+07,8901.96,1.81852e+07,2.68805e+09
2020-01-28,812560,1.69091e+11,1.07493e+08,9297.39,1.8187e+07,4.26446e+09
2020-01-29,767507,1.69375e+11,1.23012e+08,9311.95,1.8189e+07,3.43001e+09
2020-01-30,765495,1.72976e+11,1.19937e+08,9508.92,1.81909e+07,3.63195e+09
2020-01-31,762130,1.70235e+11,1.10711e+08,9357.28,1.81927e+07,2.90487e+09
2020-02-01,743933,1.707e+11,1.16092e+08,9381.89,1.81946e+07,1.83994e+09
2020-02-02,706042,1.69943e+11,1.09942e+08,9339.39,1.81964e+07,2.67691e+09
2020-02-03,879860,1.68876e+11,1.13786e+08,9279.81,1.81983e+07,2.8405e+09
2020-02-04,764885,1.66741e+11,1.01485e+08,9161.63,1.81999e+07,2.85086e+09
2020-02-05,823713,1.7525e+11,1.22243e+08,9628.14,1.82019e+07,3.80278e+09
2020-02-06,765225,1.7729e+11,1.03791e+08,9739.28,1.82036e+07,4.02734e+09
2020-02-07,865396,1.78417e+11,1.06867e+08,9800.28,1.82053e+07,3.20402e+09
2020-02-08,709380,1.80455e+11,1.06867e+08,9911.29,1.82071e+07,3.15252e+09
2020-02-09,695691,1.84841e+11,1.1763e+08,10151.1,1.8209e+07,3.47611e+09
2020-02-10,703356,1.79781e+11,9.37965e+07,9872.36,1.82105e+07,4.01051e+09
2020-02-11,885934,1.87081e+11,1.14211e+08,10272.2,1.82123e+07,4.37045e+09
2020-02-12,822547,1.88701e+11,1.09742e+08,10360.1,1.82141e+07,4.74474e+09
2020-02-13,815808,1.86449e+11,1.08969e+08,10235.5,1.82159e+07,5.97594e+09
2020-02-14,741471,1.88763e+11,1.04332e+08,10361.6,1.82176e+07,4.08511e+09
2020-02-15,736640,1.80585e+11,1.09742e+08,9911.72,1.82193e+07,4.66624e+09
2020-02-16,655188,1.81337e+11,1.09742e+08,9952.05,1.82211e+07,4.54493e+09
2020-02-17,773751,1.76456e+11,1.21335e+08,9683.08,1.82231e+07,5.18015e+09
2020-02-18,783570,1.85809e+11,1.15925e+08,10195.3,1.8225e+07,4.94819e+09
2020-02-19,792783,1.75633e+11,1.08969e+08,9636,1.82267e+07,4.86262e+09
2020-02-20,766448,1.75247e+11,9.73769e+07,9614.03,1.82283e+07,4.18789e+09
2020-02-21,768521,1.76866e+11,1.19016e+08,9701.8,1.82302e+07,3.34145e+09
2020-02-22,660812,1.764e+11,1.14379e+08,9675.25,1.82321e+07,2.34115e+09
2020-02-23,622397,1.81843e+11,1.09742e+08,9972.84,1.82338e+07,3.2455e+09
2020-02-24,758122,1.75937e+11,1.08969e+08,9648.01,1.82356e+07,4.22684e+09
2020-02-25,743278,1.70416e+11,1.11005e+08,9344.29,1.82374e+07,4.09102e+09
2020-02-26,778003,1.60484e+11,1.04701e+08,8798.89,1.82391e+07,6.12436e+09
2020-02-27,777389,1.60138e+11,1.13169e+08,8779.03,1.82409e+07,4.86003e+09
2020-02-28,778213,1.59636e+11,1.21638e+08,8750.59,1.82429e+07,4.50661e+09
2020-02-29,679597,1.56577e+11,1.0701e+08,8582.09,1.82447e+07,2.94775e+09
2020-03-01,674209,1.55861e+11,1.36265e+08,8541.77,1.82469e+07,3.2348e+09
2020-03-02,829550,1.62527e+11,1.14709e+08,8906.21,1.82487e+07,3.92185e+09
2020-03-03,840712,1.60036e+11,1.17788e+08,8768.81,1.82506e+07,3.91102e+09
2020-03-04,857423,1.59828e+11,1.28566e+08,8756.37,1.82527e+07,3.13859e+09
2020-03-05,793221,1.65436e+11,1.25487e+08,9062.62,1.82548e+07,4.07906e+09
2020-03-06,804945,1.66996e+11,1.19328e+08,9147.09,1.82567e+07,3.74656e+09
2020-03-07,682432,1.62471e+11,1.20868e+08,8898.31,1.82587e+07,3.31635e+09
2020-03-08,654911,1.48087e+11,1.21638e+08,8109.61,1.82606e+07,5.31131e+09
2020-03-09,809850,1.44208e+11,1.20142e+08,7896.39,1.82625e+07,6.23843e+09
2020-03-10,807778,1.44468e+11,1.08616e+08,7909.93,1.82642e+07,4.56759e+09
2020-03-11,728889,1.45017e+11,9.79192e+07,7939.34,1.82657e+07,3.96497e+09
2020-03-12,909601,9.05945e+10,1.2425e+08,4959.31,1.82675e+07,1.33662e+10
2020-03-13,786409,1.02813e+11,1.02856e+08,5627.69,1.82691e+07,1.44768e+10
2020-03-14,772769,9.40059e+10,1.05325e+08,5145.17,1.82707e+07,5.17544e+09
2020-03-15,629326,9.79136e+10,9.79192e+07,5358.61,1.82722e+07,4.58021e+09
2020-03-16,725120,9.16046e+10,9.79192e+07,5012.93,1.82737e+07,7.24484e+09
2020-03-17,765477,9.89924e+10,1.01211e+08,5416.75,1.82752e+07,5.06049e+09
2020-03-18,633373,9.85556e+10,8.2285e+07,5392.49,1.82765e+07,4.66775e+09
2020-03-19,709786,1.13387e+11,8.8045e+07,6203.55,1.82778e+07,6.8876e+09
2020-03-20,734614,1.12858e+11,8.96907e+07,6174.15,1.82792e+07,8.2857e+09
2020-03-21,637554,1.12899e+11,1.02033e+08,6175.83,1.82807e+07,4.67966e+09
2020-03-22,579901,1.06596e+11,1.04502e+08,5830.56,1.82823e+07,4.55388e+09
2020-03-23,667486,1.18596e+11,9.21592e+07,6486.41,1.82837e+07,5.97773e+09
2020-03-24,736233,1.23884e+11,1.08616e+08,6775.06,1.82854e+07,5.87405e+09
2020-03-25,587460,1.22336e+11,7.57022e+07,6689.97,1.82865e+07,5.11451e+09
2020-03-26,889704,1.23529e+11,1.11837e+08,6754.46,1.82885e+07,3.14e+09
2020-03-27,807651,1.1872e+11,1.07197e+08,6490.8,1.82904e+07,3.80424e+09
2020-03-28,627230,1.13993e+11,9.33654e+07,6231.82,1.82921e+07,3.77166e+09
2020-03-29,591287,1.08024e+11,1.04431e+08,5904.86,1.8294e+07,2.78892e+09
2020-03-30,770915,1.17769e+11,1.01665e+08,6436.91,1.82959e+07,4.07697e+09
2020-03-31,816889,1.17699e+11,1.09964e+08,6432.38,1.82978e+07,2.84564e+09
2020-04-01,824108,1.21567e+11,1.05814e+08,6643.11,1.82998e+07,3.79652e+09
2020-04-02,798186,1.24319e+11,1.05814e+08,6792.74,1.83017e+07,5.71429e+09
2020-04-03,750332,1.23582e+11,9.12906e+07,6751.9,1.83033e+07,4.54145e+09
2020-04-04,657862,1.25574e+11,1.0858e+08,6859.99,1.83053e+07,3.24394e+09
2020-04-05,596364,1.24323e+11,1.21029e+08,6790.81,1.83075e+07,2.32304e+09
2020-04-06,780832,1.33623e+11,8.85242e+07,7298.17,1.83091e+07,5.22225e+09
2020-04-07,938358,1.31613e+11,1.16188e+08,7187.59,1.83112e+07,4.90717e+09
2020-04-08,760207,1.35007e+11,1.03261e+08,7372.19,1.8313e+07,3.84747e+09
2020-04-09,730620,1.33691e+11,1.12651e+08,7299.58,1.83149e+07,3.04358e+09
2020-04-10,735297,1.25651e+11,1.19234e+08,6859.82,1.83169e+07,4.39526e+09
2020-04-11,634944,1.26092e+11,1.16308e+08,6883.18,1.83189e+07,2.54948e+09
2020-04-12,618062,1.27855e+11,1.11919e+08,6978.67,1.83208e+07,3.0994e+09
2020-04-13,764583,1.25761e+11,1.25086e+08,6863.58,1.8323e+07,3.86939e+09
2020-04-14,843493,1.25995e+11,1.22892e+08,6875.54,1.83251e+07,3.11754e+09
2020-04-15,926278,1.21426e+11,1.23623e+08,6625.48,1.83272e+07,3.05277e+09
2020-04-16,880665,1.30646e+11,1.12651e+08,7127.79,1.83291e+07,5.36596e+09
2020-04-17,844316,1.29807e+11,9.29002e+07,7081.4,1.83307e+07,2.75059e+09
2020-04-18,847811,1.33146e+11,1.15577e+08,7262.79,1.83327e+07,2.71937e+09
2020-04-19,718815,1.31097e+11,1.11188e+08,7150.24,1.83346e+07,2.53364e+09
2020-04-20,842251,1.25666e+11,1.17771e+08,6853.27,1.83366e+07,3.99577e+09
2020-04-21,818062,1.25993e+11,1.1604e+08,6870.42,1.83384e+07,2.71372e+09
2020-04-22,762361,1.30648e+11,1.03923e+08,7123.66,1.83401e+07,2.79845e+09
2020-04-23,935989,1.37355e+11,1.1265e+08,7488.61,1.83419e+07,4.96905e+09
2020-04-24,893187,1.37696e+11,1.14236e+08,7506.44,1.83437e+07,3.43246e+09
2020-04-25,813456,1.38282e+11,1.0789e+08,7537.74,1.83454e+07,3.06945e+09
2020-04-26,724250,1.4098e+11,1.08683e+08,7684.07,1.83471e+07,3.32034e+09
2020-04-27,876229,1.42708e+11,1.11857e+08,7777.49,1.83488e+07,3.80099e+09
2020-04-28,926669,1.42584e+11,1.2217e+08,7769.9,1.83508e+07,3.23475e+09
2020-04-29,911617,1.60802e+11,1.1503e+08,8761.84,1.83526e+07,9.18652e+09
2020-04-30,947585,1.58809e+11,1.07097e+08,8652.41,1.83543e+07,1.13529e+10
2020-05-01,955523,1.62552e+11,1.11857e+08,8855.54,1.8356e+07,5.29189e+09
2020-05-02,970554,1.64804e+11,1.1741e+08,8977.28,1.83579e+07,4.12663e+09
2020-05-03,909805,1.63345e+11,1.33276e+08,8896.8,1.836e+07,5.71843e+09
2020-05-04,889636,1.6309e+11,1.25343e+08,8881.95,1.83619e+07,5.60717e+09
2020-05-05,970464,1.65016e+11,1.26331e+08,8985.88,1.83639e+07,3.96364e+09
2020-05-06,972369,1.70193e+11,1.23288e+08,9266.81,1.83658e+07,5.15704e+09
2020-05-07,1.02044e+06,1.83562e+11,1.17684e+08,9993.75,1.83677e+07,7.58197e+09
2020-05-08,949216,1.8111e+11,1.09679e+08,9859.32,1.83694e+07,5.55481e+09
2020-05-09,906900,1.75946e+11,1.08878e+08,9577.34,1.83711e+07,4.64368e+09
2020-05-10,869262,1.60123e+11,1.36098e+08,8715.03,1.83732e+07,8.50007e+09
2020-05-11,999192,1.57872e+11,1.2569e+08,8591.65,1.8375e+07,7.45693e+09
2020-05-12,954129,1.62025e+11,1.16884e+08,8817.25,1.83759e+07,4.11141e+09
2020-05-13,858458,1.71326e+11,9.52683e+07,9323,1.83767e+07,4.36209e+09
2020-05-14,880861,1.80122e+11,9.12655e+07,9801.27,1.83774e+07,6.43168e+09
2020-05-15,895670,1.71411e+11,1.00072e+08,9326.88,1.83781e+07,5.84035e+09
2020-05-16,880534,1.72679e+11,1.00872e+08,9395.48,1.83789e+07,3.4355e+09
2020-05-17,763444,1.77961e+11,8.16586e+07,9682.53,1.83796e+07,3.96823e+09
2020-05-18,970423,1.78783e+11,1.02474e+08,9726.85,1.83804e+07,4.43655e+09
2020-05-19,890493,1.79293e+11,9.2066e+07,9754.2,1.83811e+07,4.24897e+09
2020-05-20,865708,1.74916e+11,8.67316e+07,9515.7,1.83818e+07,4.53206e+09
2020-05-21,928630,1.66708e+11,9.85796e+07,9068.8,1.83826e+07,5.5579e+09
2020-05-22,797526,1.68425e+11,8.35293e+07,9161.82,1.83833e+07,3.63832e+09
2020-05-23,848702,1.68833e+11,8.95494e+07,9183.66,1.83841e+07,2.7365e+09
2020-05-24,807939,1.61901e+11,8.72919e+07,8806.23,1.83848e+07,3.82549e+09
2020-05-25,828919,1.63801e+11,9.40645e+07,8909.19,1.83856e+07,3.54134e+09
2020-05-26,852839,1.62446e+11,9.3312e+07,8835.14,1.83863e+07,3.30545e+09
2020-05-27,913075,1.68593e+11,1.03847e+08,9169.06,1.83872e+07,3.70238e+09
2020-05-28,866559,1.75941e+11,9.85796e+07,9568.26,1.8388e+07,4.13777e+09
2020-05-29,852420,1.73451e+11,9.55696e+07,9432.41,1.83888e+07,3.5251e+09
2020-05-30,902498,1.78228e+11,1.17393e+08,9691.68,1.83898e+07,3.76354e+09
2020-05-31,801889,1.73497e+11,1.12877e+08,9433.94,1.83907e+07,3.47434e+09
2020-06-01,870833,1.87578e+11,1.00837e+08,10199.1,1.83916e+07,4.96882e+09
2020-06-02,899961,1.74955e+11,9.70746e+07,9512.35,1.83924e+07,6.72709e+09
2020-06-03,950153,1.77353e+11,1.046e+08,9642.27,1.83932e+07,3.13981e+09
2020-06-04,884109,1.80509e+11,1.08319e+08,9813.36,1.83942e+07,3.63413e+09
2020-06-05,918647,1.77366e+11,1.22192e+08,9641.89,1.83953e+07,3.44355e+09
2020-06-06,771819,1.7787e+11,1.33797e+08,9668.67,1.83965e+07,2.17505e+09
2020-06-07,690992,1.79331e+11,1.0854e+08,9747.58,1.83975e+07,3.33097e+09
2020-06-08,986341,1.79742e+11,1.10588e+08,9769.34,1.83985e+07,2.68347e+09
2020-06-09,910121,1.79937e+11,1.09222e+08,9779.42,1.83995e+07,3.11803e+09
2020-06-10,909669,1.81953e+11,1.11953e+08,9888.44,1.84006e+07,3.55272e+09
2020-06-11,1.04834e+06,1.70721e+11,1.26288e+08,9277.45,1.84017e+07,5.7967e+09
2020-06-12,909615,1.74019e+11,1.1127e+08,9456.16,1.84027e+07,3.10691e+09
2020-06-13,800767,1.74124e+11,1.07857e+08,9461.33,1.84037e+07,2.14463e+09
2020-06-14,698545,1.71955e+11,1.16049e+08,9342.96,1.84048e+07,2.05201e+09
2020-06-15,867844,1.73775e+11,9.42042e+07,9441.38,1.84057e+07,4.36148e+09
2020-06-16,986219,1.75232e+11,1.06885e+08,9520.09,1.84066e+07,3.19399e+09
2020-06-17,918592,1.73926e+11,1.08284e+08,9448.69,1.84075e+07,2.94083e+09
2020-06-18,854866,1.72853e+11,9.65137e+07,9389.99,1.84082e+07,2.6037e+09
2020-06-19,947402,1.70947e+11,1.12207e+08,9285.99,1.84091e+07,3.01767e+09
2020-06-20,760742,1.72268e+11,1.07499e+08,9357.29,1.841e+07,2.43339e+09
2020-06-21,710176,1.70941e+11,1.14561e+08,9284.77,1.84109e+07,2.10763e+09
2020-06-22,850006,1.78311e+11,1.12207e+08,9684.62,1.84118e+07,3.58213e+09
2020-06-23,1.03454e+06,1.76978e+11,1.23977e+08,9611.73,1.84128e+07,3.04067e+09
2020-06-24,917620,1.71117e+11,1.09068e+08,9292.94,1.84136e+07,3.57721e+09
2020-06-25,901033,1.70281e+11,1.10638e+08,9247.12,1.84145e+07,3.30871e+09
2020-06-26,929963,1.68676e+11,1.28685e+08,9159.44,1.84155e+07,3.02698e+09
2020-06-27,761896,1.65788e+11,1.08284e+08,9002.17,1.84164e+07,2.71976e+09
2020-06-28,686270,1.67746e+11,1.177e+08,9108.07,1.84173e+07,1.90927e+09
2020-06-29,962232,1.69158e+11,1.13776e+08,9184.25,1.84182e+07,2.37879e+09
2020-06-30,926238,1.68424e+11,1.15345e+08,9143.97,1.84192e+07,2.20134e+09
2020-07-01,1.07801e+06,1.70227e+11,1.27111e+08,9241.34,1.84202e+07,2.22424e+09
2020-07-02,951042,1.6753e+11,1.28681e+08,9094.39,1.84212e+07,3.00603e+09
2020-07-03,944676,1.67029e+11,1.27896e+08,9066.69,1.84222e+07,2.11862e+09
2020-07-04,799989,1.68134e+11,1.23188e+08,9126.22,1.84232e+07,1.62614e+09
2020-07-05,771473,1.67285e+11,1.27896e+08,9079.61,1.84242e+07,2.0401e+09
2020-07-06,989688,1.72072e+11,1.20834e+08,9338.94,1.84252e+07,3.37591e+09
2020-07-07,969354,1.70482e+11,1.26327e+08,9252.16,1.84262e+07,2.52593e+09
2020-07-08,1.02408e+06,1.73852e+11,1.1848e+08,9434.57,1.84271e+07,3.63092e+09
2020-07-09,1.03333e+06,1.7012e+11,1.28681e+08,9231.5,1.84282e+07,3.15179e+09
2020-07-10,976205,1.71119e+11,1.26327e+08,9285.22,1.84292e+07,2.63066e+09
2020-07-11,885970,1.70242e+11,1.22403e+08,9237.17,1.84301e+07,1.87234e+09
2020-07-12,745665,1.71208e+11,1.19265e+08,9289.1,1.84311e+07,2.11688e+09
2020-07-13,909653,1.7025e+11,1.21475e+08,9236.62,1.8432e+07,3.16617e+09
2020-07-14,993499,1.70695e+11,1.24167e+08,9260.36,1.84329e+07,2.77575e+09
2020-07-15,971186,1.6953e+11,1.18994e+08,9196.73,1.84338e+07,2.42972e+09
2020-07-16,966383,1.68356e+11,1.17269e+08,9132.59,1.84346e+07,3.05345e+09
2020-07-17,847984,1.68803e+11,1.01748e+08,9156.47,1.84354e+07,2.00639e+09
2020-07-18,892684,1.69169e+11,1.12095e+08,9175.91,1.84362e+07,1.72326e+09
2020-07-19,872974,1.69968e+11,1.12958e+08,9218.84,1.8437e+07,1.71988e+09
2020-07-20,940265,1.69024e+11,1.2158e+08,9167.19,1.84379e+07,2.39725e+09
2020-07-21,927506,1.73113e+11,1.07784e+08,9388.57,1.84387e+07,3.35573e+09
2020-07-22,1.01763e+06,1.75752e+11,1.24167e+08,9531.26,1.84396e+07,2.97294e+09
2020-07-23,977856,1.77197e+11,1.17269e+08,9609.17,1.84404e+07,3.37885e+09
2020-07-24,1.08398e+06,1.7608e+11,1.38826e+08,9548.1,1.84414e+07,2.83482e+09
2020-07-25,972156,1.78936e+11,1.22443e+08,9702.45,1.84423e+07,3.01596e+09
2020-07-26,999311,1.83214e+11,1.36239e+08,9933.91,1.84433e+07,4.42189e+09
2020-07-27,1.02249e+06,2.03744e+11,1.28082e+08,11046.5,1.84442e+07,1.00758e+10
2020-07-28,1.05908e+06,2.01875e+11,1.21437e+08,10944.6,1.84451e+07,7.2901e+09
2020-07-29,1.03967e+06,2.05042e+11,1.2395e+08,11115.8,1.8446e+07,5.67422e+09
2020-07-30,968423,2.05413e+11,1.13062e+08,11135.4,1.84469e+07,4.57211e+09
2020-07-31,1.06292e+06,2.09165e+11,1.28137e+08,11338.2,1.84478e+07,5.11196e+09
2020-08-01,954055,2.1765e+11,1.14737e+08,11797.6,1.84487e+07,6.1774e+09
2020-08-02,950873,2.0468e+11,1.18087e+08,11094,1.84496e+07,8.0428e+09
2020-08-03,1.08098e+06,2.07313e+11,1.35674e+08,11236.1,1.84506e+07,4.53042e+09
2020-08-04,1.00335e+06,2.06706e+11,1.21437e+08,11202.7,1.84515e+07,4.58258e+09
2020-08-05,957619,2.16288e+11,1.08037e+08,11721.4,1.84523e+07,5.47666e+09
2020-08-06,1.12022e+06,2.17182e+11,1.3065e+08,11769.3,1.84533e+07,5.1714e+09
2020-08-07,1.04918e+06,2.1405e+11,1.273e+08,11599,1.84542e+07,5.3463e+09
2020-08-08,951540,2.16719e+11,1.18925e+08,11743,1.84551e+07,3.49678e+09
2020-08-09,911571,2.15577e+11,1.3065e+08,11680.5,1.84561e+07,3.595e+09
2020-08-10,967780,2.19091e+11,1.14926e+08,11870.4,1.8457e+07,6.25777e+09
2020-08-11,1.08633e+06,2.10284e+11,1.29742e+08,11392.6,1.84579e+07,6.44569e+09
2020-08-12,1.04934e+06,2.13671e+11,1.32269e+08,11575.5,1.84589e+07,5.25389e+09
2020-08-13,952528,2.17336e+11,1.23845e+08,11773.4,1.84598e+07,5.94673e+09
2020-08-14,1.08675e+06,2.17366e+11,1.40694e+08,11774.4,1.84609e+07,4.93449e+09
2020-08-15,973628,2.19085e+11,1.31427e+08,11866.9,1.84618e+07,4.89412e+09
2020-08-16,892624,2.19701e+11,1.28057e+08,11899.6,1.84628e+07,4.06538e+09
2020-08-17,878796,2.27393e+11,1.0531e+08,12315.8,1.84636e+07,6.99166e+09
2020-08-18,1.00861e+06,2.21438e+11,1.17947e+08,11992.7,1.84644e+07,6.21241e+09
2020-08-19,988648,2.16724e+11,1.16262e+08,11736.8,1.84653e+07,5.66941e+09
2020-08-20,994559,2.19148e+11,1.23002e+08,11867.5,1.84662e+07,3.96026e+09
2020-08-21,1.09556e+06,2.12829e+11,1.30584e+08,11524.7,1.84672e+07,5.76989e+09
2020-08-22,950674,2.15749e+11,1.14577e+08,11682.3,1.8468e+07,3.92169e+09
2020-08-23,906460,2.15452e+11,1.32269e+08,11665.6,1.8469e+07,2.96424e+09
2020-08-24,944242,2.17417e+11,1.28593e+08,11771.4,1.84699e+07,3.38114e+09
2020-08-25,951716,2.09799e+11,1.1172e+08,11358.5,1.84707e+07,5.18698e+09
2020-08-26,1.03026e+06,2.11908e+11,1.23939e+08,11472,1.84716e+07,4.37006e+09
2020-08-27,947577,2.0901e+11,1.12593e+08,11314.7,1.84724e+07,4.91786e+09
2020-08-28,1.0801e+06,2.1296e+11,1.42268e+08,11527.9,1.84735e+07,3.72742e+09
2020-08-29,972062,2.12285e+11,1.27431e+08,11490.8,1.84744e+07,2.98873e+09
2020-08-30,821271,2.16141e+11,1.10847e+08,11699,1.84752e+07,3.61453e+09
2020-08-31,935410,2.1577e+11,1.30922e+08,11678.3,1.84761e+07,4.12401e+09
2020-09-01,1.07431e+06,2.21177e+11,1.34413e+08,11970.4,1.84771e+07,6.23595e+09
2020-09-02,1.02902e+06,2.10917e+11,1.25685e+08,11414.5,1.8478e+07,7.0258e+09
2020-09-03,983249,1.8962e+11,1.12593e+08,10261.5,1.84788e+07,8.71078e+09
2020-09-04,1.00485e+06,1.93518e+11,1.1783e+08,10472,1.84796e+07,7.04592e+09
2020-09-05,984198,1.87182e+11,1.23067e+08,10128.6,1.84805e+07,6.90484e+09
2020-09-06,988383,1.89496e+11,1.30922e+08,10253.3,1.84814e+07,4.27407e+09
2020-09-07,1.08606e+06,1.91625e+11,1.51709e+08,10367.9,1.84825e+07,4.27144e+09
2020-09-08,974053,1.86843e+11,1.33653e+08,10108.6,1.84835e+07,4.56749e+09
2020-09-09,968245,1.88968e+11,1.28479e+08,10223.1,1.84844e+07,3.1596e+09
2020-09-10,1.10392e+06,1.9104e+11,1.36239e+08,10334.6,1.84854e+07,3.86772e+09
2020-09-11,951505,1.92017e+11,1.18994e+08,10387,1.84863e+07,3.0762e+09
2020-09-12,890683,1.92952e+11,1.46587e+08,10437,1.84873e+07,2.62871e+09
2020-09-13,803998,1.90846e+11,1.39688e+08,10322.5,1.84884e+07,3.36175e+09
2020-09-14,1.01619e+06,1.97148e+11,1.5176e+08,10662.7,1.84895e+07,4.02371e+09
2020-09-15,976024,1.99315e+11,1.34515e+08,10779.4,1.84904e+07,4.12211e+09
2020-09-16,1.06424e+06,2.0282e+11,1.33653e+08,10968.3,1.84914e+07,4.16025e+09
2020-09-17,1.10196e+06,2.0224e+11,1.53485e+08,10936.3,1.84925e+07,3.85149e+09
2020-09-18,974291,2.01952e+11,1.42275e+08,10920.1,1.84935e+07,3.4591e+09
2020-09-19,892685,2.04804e+11,1.28479e+08,11073.8,1.84945e+07,2.60965e+09
2020-09-20,820833,2.01992e+11,1.35654e+08,10921.2,1.84954e+07,2.71072e+09
2020-09-21,946997,1.93386e+11,1.3922e+08,10455.4,1.84963e+07,4.41049e+09
2020-09-22,968239,1.94586e+11,1.23858e+08,10519.8,1.84971e+07,3.21063e+09
2020-09-23,1.01356e+06,1.89295e+11,1.36339e+08,10233.3,1.8498e+07,3.24861e+09
2020-09-24,943668,1.9866e+11,1.31539e+08,10739,1.84988e+07,3.44272e+09
2020-09-25,1.14026e+06,1.97646e+11,1.62263e+08,10683.6,1.84999e+07,3.12633e+09
2020-09-26,952990,1.98736e+11,1.44021e+08,10742,1.85008e+07,2.21575e+09
2020-09-27,784428,1.99057e+11,1.45941e+08,10758.8,1.85018e+07,2.22379e+09
2020-09-28,884124,1.98484e+11,1.23858e+08,10727.4,1.85026e+07,3.26543e+09
2020-09-29,998051,2.00599e+11,1.35379e+08,10841.1,1.85034e+07,2.82875e+09
2020-09-30,1.11824e+06,1.99336e+11,1.49781e+08,10772.4,1.85044e+07,2.62725e+09
2020-10-01,922880,1.96278e+11,1.19057e+08,10606.6,1.85052e+07,3.75029e+09
2020-10-02,996361,1.95611e+11,1.30579e+08,10570.1,1.8506e+07,3.55739e+09
2020-10-03,1.00244e+06,1.95354e+11,1.44981e+08,10555.7,1.8507e+07,1.79609e+09
2020-10-04,923546,1.97399e+11,1.51588e+08,10665.6,1.8508e+07,1.83568e+09
2020-10-05,946902,1.99389e+11,1.34304e+08,10772.6,1.85089e+07,2.34983e+09
2020-10-06,978521,1.96135e+11,1.24711e+08,10596.4,1.85097e+07,2.99077e+09
2020-10-07,1.06342e+06,1.97456e+11,1.44856e+08,10667.2,1.85106e+07,2.27157e+09
2020-10-08,1.03312e+06,2.01824e+11,1.55409e+08,10902.5,1.85116e+07,3.16734e+09
2020-10-09,1.00667e+06,2.05009e+11,1.36222e+08,11074.1,1.85125e+07,2.98689e+09
2020-10-10,917402,2.09254e+11,1.37182e+08,11302.9,1.85134e+07,2.98779e+09
2020-10-11,791020,2.1066e+11,1.34304e+08,11378.3,1.85143e+07,2.03694e+09
2020-10-12,945894,2.13821e+11,1.42938e+08,11548.4,1.85152e+07,3.55604e+09
2020-10-13,1.04938e+06,2.11733e+11,1.59246e+08,11435,1.85162e+07,3.02718e+09
2020-10-14,952949,2.11413e+11,1.42938e+08,11417.1,1.85172e+07,2.77151e+09
2020-10-15,1.03521e+06,2.13006e+11,1.44856e+08,11502.6,1.85181e+07,3.06749e+09
2020-10-16,973228,2.09988e+11,1.48694e+08,11339,1.85191e+07,3.24943e+09
2020-10-17,851147,2.1044e+11,1.52593e+08,11362.8,1.85201e+07,1.62524e+09
2020-10-18,744786,2.12797e+11,1.19289e+08,11489.6,1.85208e+07,1.53134e+09
2020-10-19,930306,2.17551e+11,1.24259e+08,11745.8,1.85216e+07,2.87014e+09
2020-10-20,1.01185e+06,2.20963e+11,1.43147e+08,11929.5,1.85225e+07,3.85784e+09
2020-10-21,1.0133e+06,2.37997e+11,1.29229e+08,12848.5,1.85233e+07,7.2369e+09
2020-10-22,1.04878e+06,2.40768e+11,1.36188e+08,12997.5,1.85242e+07,5.00842e+09
2020-10-23,977710,2.39962e+11,1.30224e+08,12953.4,1.8525e+07,3.36326e+09
2020-10-24,1.09892e+06,2.42947e+11,1.51099e+08,13113.9,1.85259e+07,2.45506e+09
2020-10-25,851199,2.41618e+11,1.16307e+08,13041.6,1.85267e+07,2.87596e+09
2020-10-26,825846,2.4235e+11,1.09348e+08,13080.7,1.85274e+07,3.74298e+09
2020-10-27,827512,2.5338e+11,9.84132e+07,13675.5,1.8528e+07,4.87574e+09
2020-10-28,817505,2.46251e+11,9.94073e+07,13290.3,1.85286e+07,5.57725e+09
2020-10-29,887772,2.49686e+11,1.0736e+08,13475.2,1.85293e+07,4.13284e+09
2020-10-30,901403,2.52069e+11,1.10342e+08,13603.3,1.853e+07,4.4105e+09
2020-10-31,875335,2.55857e+11,1.1233e+08,13807.2,1.85307e+07,4.18487e+09
2020-11-01,897445,2.54565e+11,1.24259e+08,13736.9,1.85315e+07,2.56333e+09
2020-11-02,777173,2.51954e+11,9.44369e+07,13595.6,1.8532e+07,3.90301e+09
2020-11-03,1.02997e+06,2.59404e+11,1.23535e+08,13996.9,1.85329e+07,4.12612e+09
2020-11-04,1.17518e+06,2.61868e+11,1.32689e+08,14129.1,1.85339e+07,5.22441e+09
2020-11-05,1.07152e+06,2.89263e+11,1.22675e+08,15606.5,1.85348e+07,8.47565e+09
2020-11-06,1.08074e+06,2.8951e+11,1.27682e+08,15619,1.85358e+07,7.77222e+09
2020-11-07,1.05501e+06,2.75573e+11,1.21841e+08,14866.4,1.85367e+07,6.6932e+09
2020-11-08,920529,2.87332e+11,1.15164e+08,15500,1.85376e+07,4.0257e+09
2020-11-09,1.18887e+06,2.8401e+11,1.54387e+08,15319.8,1.85387e+07,6.54057e+09
2020-11-10,1.02662e+06,2.84014e+11,1.22675e+08,15319.3,1.85396e+07,4.33569e+09
2020-11-11,1.00434e+06,2.91666e+11,1.22675e+08,15731.2,1.85406e+07,4.96451e+09
2020-11-12,1.06427e+06,3.02039e+11,1.33524e+08,16289.8,1.85416e+07,6.61164e+09
2020-11-13,999523,3.02799e+11,1.15999e+08,16330.1,1.85424e+07,5.11654e+09
2020-11-14,915336,2.98585e+11,1.18503e+08,16102,1.85433e+07,3.91721e+09
2020-11-15,845204,2.96462e+11,1.25179e+08,15986.8,1.85443e+07,3.04054e+09
2020-11-16,1.04149e+06,3.10504e+11,1.35736e+08,16743.1,1.85453e+07,5.18983e+09
2020-11-17,1.14272e+06,3.27938e+11,1.37334e+08,17682.2,1.85462e+07,7.55132e+09
2020-11-18,1.19708e+06,3.30229e+11,1.47831e+08,17804.7,1.85473e+07,1.07794e+10
2020-11-19,1.05203e+06,3.30503e+11,1.1984e+08,17818.7,1.85481e+07,6.46295e+09
2020-11-20,1.17778e+06,3.46198e+11,1.46957e+08,18663.8,1.85492e+07,6.75049e+09
2020-11-21,1.00724e+06,3.47012e+11,1.47831e+08,18706.6,1.85503e+07,6.78562e+09
2020-11-22,875364,3.42879e+11,1.52205e+08,18482.7,1.85513e+07,7.34626e+09
2020-11-23,1.01481e+06,3.40865e+11,1.28587e+08,18373.3,1.85523e+07,7.71808e+09
2020-11-24,1.0524e+06,3.55297e+11,1.18965e+08,19150.3,1.85531e+07,1.23254e+10
2020-11-25,1.12778e+06,3.47859e+11,1.35585e+08,18748.4,1.85541e+07,8.99981e+09
2020-11-26,1.11585e+06,3.17545e+11,1.31211e+08,17113.7,1.8555e+07,1.48914e+10
2020-11-27,1.09999e+06,3.17337e+11,1.3471e+08,17101.6,1.8556e+07,6.55144e+09
2020-11-28,1.03868e+06,3.293e+11,1.3471e+08,17745.4,1.85569e+07,4.85633e+09
2020-11-29,875712,3.37584e+11,1.35788e+08,18190.9,1.85579e+07,4.29158e+09
2020-11-30,903580,3.64944e+11,1.07611e+08,19664.4,1.85586e+07,9.33605e+09
2020-12-01,1.17901e+06,3.49302e+11,1.44751e+08,18820.6,1.85595e+07,1.04711e+10
2020-12-02,1.01532e+06,3.56635e+11,1.24752e+08,19214.9,1.85604e+07,6.15333e+09
2020-12-03,1.16547e+06,3.61395e+11,1.49512e+08,19470.3,1.85613e+07,5.09141e+09
2020-12-04,1.07021e+06,3.47726e+11,1.37132e+08,18733,1.85622e+07,5.82909e+09
2020-12-05,1.07706e+06,3.54827e+11,1.37132e+08,19114.6,1.85631e+07,3.25474e+09
2020-12-06,906549,3.5933e+11,1.29514e+08,19356.3,1.8564e+07,3.22939e+09
2020-12-07,1.01719e+06,3.56116e+11,1.42846e+08,19182.2,1.85649e+07,3.77857e+09
2020-12-08,1.05764e+06,3.40515e+11,1.37132e+08,18341,1.85658e+07,5.74817e+09
2020-12-09,1.05928e+06,3.44871e+11,1.32371e+08,18574.7,1.85667e+07,6.70463e+09
2020-12-10,995137,3.3969e+11,1.238e+08,18294.8,1.85675e+07,4.54894e+09
2020-12-11,1.07807e+06,3.35377e+11,1.31418e+08,18061.8,1.85684e+07,5.61818e+09
2020-12-12,962538,3.49347e+11,1.25705e+08,18813.3,1.85692e+07,4.17732e+09
2020-12-13,938739,3.55732e+11,1.48342e+08,19156.1,1.85702e+07,4.70239e+09
2020-12-14,977389,3.58176e+11,1.34574e+08,19286.8,1.85711e+07,3.97672e+09
2020-12-15,1.04704e+06,3.60901e+11,1.29934e+08,19432.6,1.85719e+07,5.31514e+09
2020-12-16,1.09891e+06,3.96915e+11,1.32718e+08,21370.7,1.85728e+07,1.11262e+10
2020-12-17,1.06616e+06,4.2328e+11,1.19725e+08,22789.3,1.85736e+07,1.91083e+10
2020-12-18,1.19485e+06,4.28122e+11,1.45712e+08,23048.8,1.85746e+07,9.21312e+09
2020-12-19,1.15814e+06,4.43154e+11,1.4664e+08,23856.8,1.85756e+07,9.16364e+09
2020-12-20,1.07542e+06,4.3708e+11,1.40143e+08,23528.6,1.85766e+07,8.45493e+09
2020-12-21,1.12671e+06,4.26118e+11,1.26221e+08,22937.4,1.85774e+07,1.12116e+10
2020-12-22,1.09522e+06,4.41363e+11,1.32718e+08,23756.9,1.85783e+07,9.14001e+09
2020-12-23,1.1383e+06,4.33032e+11,1.42927e+08,23307.3,1.85793e+07,1.27218e+10
2020-12-24,969168,4.40489e+11,1.1694e+08,23707.6,1.85801e+07,8.3372e+09
2020-12-25,1.02118e+06,4.58377e+11,1.33646e+08,24669.2,1.8581e+07,9.34629e+09
2020-12-26,957062,4.9201e+11,1.2715e+08,26478.1,1.85818e+07,1.10511e+10
2020-12-27,1.04982e+06,4.91158e+11,1.37345e+08,26430.9,1.85827e+07,1.7473e+10
2020-12-28,1.15435e+06,5.02492e+11,1.47935e+08,27039.3,1.85837e+07,1.07093e+10
2020-12-29,1.14613e+06,5.06083e+11,1.40538e+08,27231.2,1.85847e+07,9.91817e+09
2020-12-30,1.22158e+06,5.36099e+11,1.5903e+08,28844.6,1.85858e+07,1.22655e+10
2020-12-31,1.19382e+06,5.39438e+11,1.53482e+08,29022.7,1.85868e+07,1.17141e+10
2021-01-01,1.00189e+06,5.4612e+11,1.37764e+08,29380.7,1.85877e+07,9.45032e+09
2021-01-02,1.14063e+06,5.95259e+11,1.39613e+08,32022.7,1.85887e+07,1.92753e+10
2021-01-03,1.18469e+06,6.18624e+11,1.46085e+08,33277.8,1.85897e+07,2.09186e+10
2021-01-04,1.27008e+06,5.91225e+11,1.59954e+08,31802.1,1.85907e+07,2.45879e+10
2021-01-05,1.23053e+06,6.32363e+11,1.45161e+08,34013.2,1.85917e+07,1.93412e+10
2021-01-06,1.34492e+06,6.81302e+11,1.63653e+08,36643.3,1.85928e+07,2.22444e+10
2021-01-07,1.2923e+06,7.29171e+11,1.55331e+08,39215.7,1.85939e+07,2.62256e+10
2021-01-08,1.23727e+06,7.58211e+11,1.36839e+08,40775.4,1.85948e+07,2.63361e+10
2021-01-09,1.09495e+06,7.5072e+11,1.34307e+08,40370.7,1.85957e+07,1.53389e+10
2021-01-10,1.17715e+06,7.12798e+11,1.6288e+08,38329.3,1.85967e+07,2.34746e+10
2021-01-11,1.21195e+06,6.55929e+11,1.57758e+08,35269.5,1.85976e+07,4.15868e+10
2021-01-12,1.20231e+06,6.27003e+11,1.51611e+08,33712.5,1.85986e+07,2.19834e+10
2021-01-13,1.16316e+06,6.93697e+11,1.55709e+08,37296.5,1.85995e+07,1.91656e+10
2021-01-14,1.16798e+06,7.26263e+11,1.50587e+08,39045.5,1.86004e+07,1.79204e+10
2021-01-15,1.20959e+06,6.82863e+11,1.58782e+08,36710.3,1.86014e+07,2.04264e+10
2021-01-16,1.11528e+06,6.72981e+11,1.50587e+08,36177.3,1.86023e+07,1.56752e+10
2021-01-17,1.00201e+06,6.71014e+11,1.36245e+08,36069.9,1.86031e+07,1.362e+10
2021-01-18,1.07758e+06,6.80802e+11,1.48538e+08,36594.3,1.8604e+07,1.25035e+10
2021-01-19,1.09589e+06,6.74433e+11,1.52636e+08,36250.1,1.8605e+07,1.51209e+10
2021-01-20,1.10723e+06,6.60796e+11,1.4444e+08,35515.5,1.86059e+07,1.63598e+10
2021-01-21,1.05947e+06,5.77234e+11,1.32148e+08,31023,1.86067e+07,2.18888e+10
2021-01-22,1.11518e+06,6.13797e+11,1.4444e+08,32986.4,1.86075e+07,2.01756e+10
2021-01-23,1.12873e+06,5.96148e+11,1.60859e+08,32036.3,1.86085e+07,1.04306e+10
2021-01-24,1.00416e+06,5.99522e+11,1.43885e+08,32216.1,1.86094e+07,9.81988e+09
2021-01-25,1.12179e+06,6.03339e+11,1.4492e+08,32419.7,1.86103e+07,1.53339e+10
2021-01-26,1.18252e+06,6.07484e+11,1.66658e+08,32640.6,1.86113e+07,1.33573e+10
2021-01-27,1.10614e+06,5.65045e+11,1.4699e+08,30358.9,1.86122e+07,1.62416e+10
2021-01-28,1.0979e+06,6.23748e+11,1.50096e+08,33511.3,1.86131e+07,1.56456e+10
2021-01-29,1.20874e+06,6.35969e+11,1.57342e+08,34166.1,1.8614e+07,3.95745e+10
2021-01-30,1.08776e+06,6.39419e+11,1.40779e+08,34349.9,1.86149e+07,1.66001e+10
2021-01-31,1.06355e+06,6.17258e+11,1.49061e+08,33157.8,1.86158e+07,1.29765e+10
2021-02-01,999221,6.24961e+11,1.23182e+08,33570.3,1.86165e+07,1.63746e+10
2021-02-02,1.20218e+06,6.6271e+11,1.58377e+08,35596.1,1.86175e+07,1.48236e+10
2021-02-03,1.18702e+06,6.99649e+11,1.55272e+08,37578.4,1.86184e+07,1.56066e+10
2021-02-04,1.22668e+06,6.91324e+11,1.65623e+08,37129.2,1.86194e+07,1.91167e+10
2021-02-05,1.25748e+06,7.08423e+11,1.74939e+08,38045.4,1.86205e+07,1.53088e+10
2021-02-06,1.14726e+06,7.326e+11,1.69173e+08,39341.7,1.86215e+07,2.05133e+10
2021-02-07,1.15952e+06,7.26331e+11,1.66219e+08,39003,1.86224e+07,1.71607e+10
2021-02-08,1.24954e+06,8.58949e+11,1.72613e+08,46121.9,1.86234e+07,3.14324e+10
2021-02-09,1.17423e+06,8.66929e+11,1.52368e+08,46548.2,1.86243e+07,2.84403e+10
2021-02-10,1.19133e+06,8.3959e+11,1.52368e+08,45078.1,1.86252e+07,2.48209e+10
2021-02-11,1.05211e+06,8.92054e+11,1.37451e+08,47892.8,1.8626e+07,2.32868e+10
2021-02-12,1.15711e+06,8.85248e+11,1.51302e+08,47525.2,1.86269e+07,2.15869e+10
2021-02-13,1.21768e+06,8.79398e+11,1.67285e+08,47208.6,1.86279e+07,1.74427e+10
2021-02-14,1.12298e+06,9.09642e+11,1.57695e+08,48829.8,1.86288e+07,1.92499e+10
2021-02-15,1.14049e+06,8.96283e+11,1.61957e+08,48110.2,1.86298e+07,2.10967e+10
2021-02-16,989854,9.15511e+11,1.28927e+08,49140.4,1.86305e+07,2.13354e+10
2021-02-17,1.13467e+06,9.73023e+11,1.4704e+08,52224.9,1.86314e+07,2.23583e+10
2021-02-18,1.13888e+06,9.62356e+11,1.45975e+08,51650.1,1.86322e+07,1.83147e+10
2021-02-19,1.24852e+06,1.04011e+12,1.63253e+08,55820.5,1.86332e+07,2.50929e+10
2021-02-20,1.18708e+06,1.04094e+12,1.57667e+08,55861.8,1.86341e+07,2.82173e+10
2021-02-21,1.04714e+06,1.07153e+12,1.52268e+08,57500.7,1.8635e+07,1.87085e+10
2021-02-22,1.09454e+06,1.00544e+12,1.43628e+08,53952.2,1.86358e+07,3.93881e+10
2021-02-23,1.05461e+06,9.05003e+11,1.37149e+08,48560.5,1.86366e+07,4.65264e+10
2021-02-24,1.23012e+06,9.23817e+11,1.71706e+08,49567.3,1.86376e+07,2.53213e+10
2021-02-25,1.21704e+06,8.86603e+11,1.68466e+08,47568.1,1.86386e+07,2.15833e+10
2021-02-26,1.11418e+06,8.61735e+11,1.50108e+08,46231.8,1.86395e+07,2.52773e+10
2021-02-27,1.20248e+06,8.54375e+11,1.69546e+08,45834.5,1.86404e+07,1.58305e+10
2021-02-28,1.03351e+06,8.45557e+11,1.41469e+08,45359.5,1.86413e+07,1.90815e+10
2021-03-01,1.07352e+06,9.25289e+11,1.40389e+08,49634.4,1.86421e+07,2.01103e+10
2021-03-02,1.11967e+06,9.00543e+11,1.54428e+08,48304.7,1.8643e+07,1.6813e+10
2021-03-03,1.18545e+06,9.45068e+11,1.64147e+08,50690.5,1.86439e+07,1.95315e+10
2021-03-04,1.0428e+06,9.03761e+11,1.38229e+08,48472.8,1.86447e+07,1.99966e+10
2021-03-05,1.15459e+06,9.09922e+11,1.60907e+08,48800.8,1.86456e+07,1.79798e+10
2021-03-06,1.14708e+06,9.13133e+11,1.62186e+08,48970.5,1.86466e+07,1.15055e+10
2021-03-07,1.04326e+06,9.52635e+11,1.55665e+08,51086.5,1.86475e+07,1.37273e+10
2021-03-08,1.16425e+06,9.7137e+11,1.65261e+08,52088.5,1.86485e+07,1.75455e+10
2021-03-09,1.0886e+06,1.02085e+12,1.49268e+08,54739.1,1.86493e+07,2.0361e+10
2021-03-10,1.16577e+06,1.04658e+12,1.58864e+08,56116,1.86503e+07,2.35021e+10
2021-03-11,1.08442e+06,1.07892e+12,1.40738e+08,57847.3,1.86511e+07,2.31995e+10
2021-03-12,1.18662e+06,1.06941e+12,1.5993e+08,57334.6,1.8652e+07,2.32036e+10
2021-03-13,1.10447e+06,1.14322e+12,1.52467e+08,61288.8,1.86529e+07,2.47068e+10
2021-03-14,1.15518e+06,1.11747e+12,1.67393e+08,59905.6,1.86539e+07,1.68509e+10
2021-03-15,1.16758e+06,1.04693e+12,1.57798e+08,56121.1,1.86548e+07,2.86131e+10
2021-03-16,1.16191e+06,1.05406e+12,1.58864e+08,56500.4,1.86558e+07,2.34873e+10
2021-03-17,1.11054e+06,1.09483e+12,1.45003e+08,58683.1,1.86566e+07,2.20446e+10
2021-03-18,1.21972e+06,1.07713e+12,1.62062e+08,57731.5,1.86576e+07,2.08175e+10
2021-03-19,1.15882e+06,1.08533e+12,1.58461e+08,58168.1,1.86585e+07,1.66104e+10
2021-03-20,1.12451e+06,1.08687e+12,1.67389e+08,58247.9,1.86595e+07,1.57439e+10
2021-03-21,1.11255e+06,1.072e+12,1.69563e+08,57447.9,1.86604e+07,1.54693e+10
2021-03-22,1.14411e+06,1.01617e+12,1.64128e+08,54453.1,1.86614e+07,1.89241e+10
2021-03-23,1.23415e+06,1.01829e+12,1.74998e+08,54563.6,1.86624e+07,1.8496e+10
2021-03-24,1.15348e+06,9.81606e+11,1.65215e+08,52595.4,1.86633e+07,2.29872e+10
2021-03-25,1.21835e+06,9.62091e+11,1.67389e+08,51547.1,1.86643e+07,2.18487e+10
2021-03-26,1.08584e+06,1.02318e+12,1.47824e+08,54817.9,1.86651e+07,1.80924e+10
2021-03-27,1.1494e+06,1.04567e+12,1.72824e+08,56019.8,1.86661e+07,1.51523e+10
2021-03-28,1.06347e+06,1.04e+12,1.72824e+08,55713,1.86671e+07,1.5405e+10
2021-03-29,1.11552e+06,1.07474e+12,1.64128e+08,57571.2,1.86681e+07,2.04838e+10
2021-03-30,1.15438e+06,1.09558e+12,1.58694e+08,58684.5,1.8669e+07,1.80742e+10
2021-03-31,1.2345e+06,1.09765e+12,1.7065e+08,58792.2,1.867e+07,2.17929e+10
2021-04-01,1.14512e+06,1.0982e+12,1.57607e+08,58819,1.86709e+07,1.89891e+10
2021-04-02,1.10348e+06,1.10222e+12,1.60834e+08,59031.5,1.86718e+07,1.76861e+10
2021-04-03,1.02097e+06,1.06961e+12,1.50672e+08,57282.4,1.86726e+07,1.84268e+10
2021-04-04,1.03217e+06,1.08684e+12,1.67925e+08,58202.2,1.86735e+07,1.46086e+10
2021-04-05,1.22929e+06,1.09723e+12,1.79426e+08,58755.9,1.86745e+07,2.0263e+10
2021-04-06,1.18004e+06,1.08474e+12,1.65624e+08,58084.1,1.86754e+07,2.28566e+10
2021-04-07,1.24614e+06,1.05086e+12,1.80576e+08,56266.8,1.86763e+07,2.70256e+10
2021-04-08,1.0926e+06,1.08259e+12,1.54123e+08,57963.3,1.86772e+07,1.64194e+10
2021-04-09,1.22236e+06,1.0843e+12,1.74826e+08,58051.8,1.86781e+07,1.62939e+10
2021-04-10,1.16395e+06,1.11424e+12,1.80576e+08,59651.6,1.86791e+07,2.32565e+10
2021-04-11,1.04381e+06,1.11955e+12,1.66774e+08,59932.9,1.868e+07,1.65901e+10
2021-04-12,1.12672e+06,1.1191e+12,1.65624e+08,59905.9,1.86809e+07,2.0417e+10
2021-04-13,1.17803e+06,1.18528e+12,1.63324e+08,63445.6,1.86818e+07,2.84553e+10
2021-04-14,1.14977e+06,1.17457e+12,1.55273e+08,62869.5,1.86826e+07,3.24829e+10
2021-04-15,1.36649e+06,1.18139e+12,1.98624e+08,63231.2,1.86837e+07,2.23398e+10
2021-04-16,933121,1.15042e+12,1.20743e+08,61571.1,1.86844e+07,3.68523e+10
2021-04-17,828375,1.12634e+12,1.06676e+08,60280.9,1.86849e+07,2.50255e+10
2021-04-18,1.05789e+06,1.05368e+12,1.45361e+08,56389.6,1.86857e+07,4.40979e+10
2021-04-19,884672,1.04266e+12,1.1371e+08,55798.1,1.86863e+07,2.70453e+10
2021-04-20,1.12691e+06,1.05534e+12,1.5005e+08,56474.4,1.86871e+07,2.70999e+10
2021-04-21,918079,1.00962e+12,1.18399e+08,54025.8,1.86877e+07,2.2188e+10
2021-04-22,1.11498e+06,9.69605e+11,1.67634e+08,51882.1,1.86886e+07,3.3012e+10
2021-04-23,1.11418e+06,9.52321e+11,1.58256e+08,50954.9,1.86895e+07,3.77693e+10
2021-04-24,1.12521e+06,9.39752e+11,1.69979e+08,50279.9,1.86904e+07,1.65857e+10
2021-04-25,1.0261e+06,9.1488e+11,1.6529e+08,48946.9,1.86913e+07,1.62747e+10
2021-04-26,943203,1.00831e+12,1.33638e+08,53943.3,1.8692e+07,2.2768e+10
2021-04-27,1.09257e+06,1.02861e+12,1.66462e+08,55027,1.86929e+07,1.73227e+10
2021-04-28,1.11347e+06,1.02418e+12,1.66462e+08,54787.4,1.86938e+07,1.86066e+10
2021-04-29,986056,1.00141e+12,1.43017e+08,53567.1,1.86945e+07,1.79002e+10
2021-04-30,1.12202e+06,1.0795e+12,1.69979e+08,57741.4,1.86954e+07,2.18571e+10
2021-05-01,1.0402e+06,1.08183e+12,1.58216e+08,57863.6,1.86963e+07,1.58259e+10
2021-05-02,1.24872e+06,1.05776e+12,1.89527e+08,56572.6,1.86975e+07,1.34204e+10
2021-05-03,1.26886e+06,1.07036e+12,1.81331e+08,57243,1.86986e+07,2.10549e+10
2021-05-04,1.29384e+06,1.00462e+12,1.85429e+08,53724.1,1.86997e+07,3.12955e+10
2021-05-05,1.20897e+06,1.07233e+12,1.60842e+08,57342,1.87007e+07,3.00655e+10
2021-05-06,1.22889e+06,1.05716e+12,1.7416e+08,56527.4,1.87017e+07,3.00138e+10
2021-05-07,1.18776e+06,1.07244e+12,1.76209e+08,57341.1,1.87028e+07,2.91191e+10
2021-05-08,1.16965e+06,1.09859e+12,1.75185e+08,58736.1,1.87039e+07,2.59424e+10
2021-05-09,1.23449e+06,1.09029e+12,1.90552e+08,58288.4,1.8705e+07,2.67987e+10
2021-05-10,1.31515e+06,1.04573e+12,1.84405e+08,55902.9,1.87062e+07,3.35229e+10
2021-05-11,1.25892e+06,1.05906e+12,1.76209e+08,56612.1,1.87072e+07,2.3493e+10
2021-05-12,1.2456e+06,9.53607e+11,1.76209e+08,50972.4,1.87083e+07,3.4889e+10
2021-05-13,1.18775e+06,9.23653e+11,1.87e+08,49368.6,1.87093e+07,4.46098e+10
2021-05-14,1.06627e+06,9.35459e+11,1.66839e+08,49997.4,1.87102e+07,2.373e+10
2021-05-15,953308,8.80311e+11,1.53143e+08,47048,1.87109e+07,2.59306e+10
2021-05-16,971649,8.61162e+11,1.64349e+08,46022.5,1.87118e+07,2.98558e+10
2021-05-17,962984,8.13852e+11,1.50653e+08,43492.4,1.87125e+07,3.68993e+10
2021-05-18,856695,8.00731e+11,1.24507e+08,42789.8,1.87131e+07,2.63497e+10
2021-05-19,1.03115e+06,7.04439e+11,1.55633e+08,37642.5,1.87139e+07,7.47864e+10
2021-05-20,943686,7.63545e+11,1.39448e+08,40799.4,1.87146e+07,4.14643e+10
2021-05-21,942736,6.95729e+11,1.36957e+08,37174.3,1.87153e+07,3.9657e+10
2021-05-22,918673,7.04535e+11,1.44428e+08,37643.4,1.8716e+07,2.31717e+10
2021-05-23,957018,6.50861e+11,1.48163e+08,34774.2,1.87168e+07,3.53437e+10
2021-05-24,975836,7.23067e+11,1.56879e+08,38630.4,1.87176e+07,2.88871e+10
2021-05-25,968674,7.16346e+11,1.53143e+08,38269.8,1.87183e+07,2.19764e+10
2021-05-26,933622,7.33692e+11,1.51898e+08,39194.9,1.87191e+07,2.09014e+10
2021-05-27,864432,7.20916e+11,1.45673e+08,38510.9,1.87198e+07,1.65484e+10
2021-05-28,972164,6.66391e+11,1.48163e+08,35596.7,1.87206e+07,2.31589e+10
2021-05-29,863265,6.49288e+11,1.44428e+08,34681.8,1.87213e+07,1.75703e+10
2021-05-30,990443,6.67487e+11,1.50864e+08,35652.2,1.87222e+07,1.22426e+10
2021-05-31,977895,6.98613e+11,1.47527e+08,37313,1.87231e+07,1.57157e+10
2021-06-01,914351,6.86446e+11,1.48573e+08,36661.4,1.8724e+07,1.37925e+10
2021-06-02,1.0906e+06,7.04799e+11,1.73684e+08,37639.5,1.8725e+07,1.25143e+10
2021-06-03,1.01547e+06,7.3331e+11,1.53804e+08,39160.2,1.87259e+07,1.31138e+10
2021-06-04,907519,6.90724e+11,1.37064e+08,36884.4,1.87267e+07,1.53457e+10
2021-06-05,762659,6.63134e+11,1.37064e+08,35409.6,1.87276e+07,1.27206e+10
2021-06-06,737174,6.68993e+11,1.56943e+08,35720.6,1.87285e+07,9.1493e+09
2021-06-07,910652,6.31645e+11,1.39156e+08,33724.9,1.87293e+07,1.36254e+10
2021-06-08,998834,6.26996e+11,1.55897e+08,33475,1.87303e+07,1.88818e+10
2021-06-09,817282,7.00035e+11,1.31832e+08,37373,1.8731e+07,2.16919e+10
2021-06-10,948298,6.89816e+11,1.23462e+08,36826,1.87318e+07,1.73694e+10
2021-06-11,874050,6.96573e+11,1.0986e+08,37185.4,1.87324e+07,1.44371e+10
2021-06-12,1.01361e+06,6.682e+11,1.3811e+08,35669.2,1.87333e+07,1.36325e+10
2021-06-13,799859,7.29232e+11,1.36447e+08,38925.4,1.87341e+07,1.38152e+10
2021-06-14,972587,7.57933e+11,1.33767e+08,40455.6,1.87349e+07,1.84413e+10
2021-06-15,963054,7.54201e+11,1.29803e+08,40254.7,1.87357e+07,1.42555e+10
2021-06-16,954838,7.16963e+11,1.21876e+08,38265.5,1.87365e+07,1.45186e+10
2021-06-17,865333,7.12368e+11,1.28812e+08,38018.6,1.87373e+07,1.37397e+10
2021-06-18,825241,6.69218e+11,1.22867e+08,35714.3,1.87381e+07,1.49752e+10
2021-06-19,688095,6.66274e+11,1.02059e+08,35556,1.87387e+07,1.1402e+10
2021-06-20,652470,6.67122e+11,1.04041e+08,35599.9,1.87394e+07,1.38123e+10
2021-06-21,835557,5.94344e+11,1.04041e+08,31715.2,1.87401e+07,2.45714e+10
2021-06-22,776432,6.07094e+11,9.01687e+07,32394.6,1.87406e+07,2.72962e+10
2021-06-23,847730,6.29903e+11,1.00077e+08,33610.5,1.87413e+07,1.69817e+10
2021-06-24,843836,6.49575e+11,1.04041e+08,34659,1.87419e+07,1.23915e+10
2021-06-25,880813,5.93831e+11,1.08995e+08,31683.5,1.87426e+07,1.69713e+10
2021-06-26,715801,5.97732e+11,8.81869e+07,31890.7,1.87432e+07,1.39501e+10
2021-06-27,518219,6.46773e+11,5.74701e+07,34506.5,1.87435e+07,1.32626e+10
2021-06-28,776365,6.4435e+11,8.71961e+07,34376.2,1.87441e+07,1.25905e+10
2021-06-29,792995,6.73565e+11,8.91778e+07,35933.8,1.87446e+07,1.37169e+10
2021-06-30,790273,6.57309e+11,8.71961e+07,35065.5,1.87452e+07,1.19166e+10
2021-07-01,817115,6.28079e+11,9.5123e+07,33505.1,1.87458e+07,1.12618e+10
2021-07-02,809016,6.33307e+11,8.91778e+07,33782.9,1.87463e+07,9.04106e+09
2021-07-03,1.02711e+06,6.4843e+11,9.73217e+07,34588.2,1.87471e+07,7.62318e+09
2021-07-04,843475,6.62842e+11,8.21088e+07,35355.6,1.87479e+07,7.61712e+09
2021-07-05,902032,6.35801e+11,9.42467e+07,33911.8,1.87487e+07,9.5746e+09
2021-07-06,853332,6.3981e+11,1.01387e+08,34124,1.87496e+07,9.41579e+09
2021-07-07,811614,6.36229e+11,8.78208e+07,33931.6,1.87503e+07,8.74059e+09
2021-07-08,802085,6.15408e+11,9.92446e+07,32819.7,1.87512e+07,1.11756e+10
2021-07-09,818441,6.35973e+11,9.35327e+07,33914.9,1.8752e+07,8.38413e+09
2021-07-10,726034,6.30307e+11,1.14952e+08,33610.9,1.8753e+07,6.7737e+09
2021-07-11,690684,6.42476e+11,8.92487e+07,34258.4,1.87538e+07,5.71862e+09
2021-07-12,838472,6.21438e+11,8.99627e+07,33135.2,1.87546e+07,8.00468e+09
2021-07-13,807050,6.12215e+11,9.71026e+07,32642,1.87555e+07,6.97816e+09
2021-07-14,817900,6.15181e+11,1.21378e+08,32798.3,1.87565e+07,8.0152e+09
2021-07-15,828844,5.94751e+11,9.13907e+07,31707.7,1.87573e+07,8.29371e+09
2021-07-16,764392,5.90054e+11,1.07098e+08,31455.7,1.87583e+07,8.65841e+09
2021-07-17,640355,5.91813e+11,1.01826e+08,31548,1.87591e+07,6.3483e+09
2021-07-18,651828,5.94838e+11,9.78722e+07,31707.7,1.876e+07,6.33619e+09
2021-07-19,845474,5.79408e+11,1.15544e+08,30883.5,1.87611e+07,7.57669e+09
2021-07-20,822257,5.58478e+11,8.29195e+07,29766.7,1.87619e+07,9.14064e+09
2021-07-21,815589,6.02654e+11,9.85519e+07,32119.7,1.87628e+07,1.12869e+10
2021-07-22,780869,6.06199e+11,1.03989e+08,32307,1.87637e+07,7.00579e+09
2021-07-23,803246,6.2748e+11,9.17552e+07,33439.6,1.87646e+07,8.28926e+09
2021-07-24,712132,6.41161e+11,1.04669e+08,34166.9,1.87655e+07,7.84714e+09
2021-07-25,641796,6.59078e+11,1.03989e+08,35119.9,1.87665e+07,7.35646e+09
2021-07-26,958347,7.02742e+11,1.0195e+08,37444.8,1.87674e+07,2.52541e+10
2021-07-27,903400,7.34346e+11,1.15544e+08,39126.5,1.87685e+07,1.49271e+10
2021-07-28,868607,7.49638e+11,1.06708e+08,39939.2,1.87695e+07,1.75878e+10
2021-07-29,880689,7.52436e+11,1.08747e+08,40086.2,1.87705e+07,1.09252e+10
2021-07-30,841162,7.84455e+11,1.12825e+08,41789.7,1.87715e+07,1.41285e+10
2021-07-31,720022,7.84565e+11,1.12671e+08,41793.3,1.87725e+07,1.02847e+10
2021-08-01,695892,7.50356e+11,1.10976e+08,39969,1.87735e+07,1.18858e+10
2021-08-02,899861,7.37911e+11,1.03049e+08,39304.2,1.87744e+07,1.08292e+10
2021-08-03,820918,7.18888e+11,1.21785e+08,38288.8,1.87754e+07,1.12514e+10
2021-08-04,842870,7.46805e+11,9.80046e+07,39773.9,1.87763e+07,1.05647e+10
2021-08-05,854629,7.68772e+11,1.153e+08,40941.7,1.87773e+07,1.61526e+10
2021-08-06,894265,8.03528e+11,1.14579e+08,42790.4,1.87783e+07,1.65521e+10
2021-08-07,724467,8.35395e+11,1.20344e+08,44484.9,1.87793e+07,1.79232e+10
2021-08-08,740945,8.25812e+11,1.13858e+08,43972.3,1.87803e+07,1.63242e+10
2021-08-09,934412,8.68926e+11,1.09535e+08,46265.6,1.87812e+07,1.76041e+10
2021-08-10,875882,8.54383e+11,1.18903e+08,45488.8,1.87823e+07,1.44137e+10
2021-08-11,866724,8.57947e+11,1.05931e+08,45676.3,1.87832e+07,1.50287e+10
2021-08-12,842547,8.34123e+11,1.08814e+08,44405.7,1.87841e+07,1.47439e+10
2021-08-13,917929,8.96374e+11,1.08439e+08,47717.5,1.8785e+07,1.34663e+10
2021-08-14,724702,8.85277e+11,1.26821e+08,47124.2,1.8786e+07,1.29502e+10
2021-08-15,750378,8.84395e+11,1.4074e+08,47074.4,1.87872e+07,1.23758e+10
2021-08-16,978773,8.6397e+11,1.24501e+08,45984.7,1.87882e+07,1.45089e+10
2021-08-17,953226,8.40145e+11,1.33007e+08,44714.1,1.87893e+07,1.52824e+10
2021-08-18,876483,8.44697e+11,1.04395e+08,44954.4,1.87901e+07,1.44709e+10
2021-08-19,888796,8.76544e+11,1.19088e+08,46646.9,1.87911e+07,1.62058e+10
2021-08-20,984372,9.25337e+11,1.23728e+08,49240.8,1.87921e+07,1.55711e+10
2021-08-21,787645,9.22183e+11,1.31461e+08,49070.2,1.87931e+07,1.63633e+10
2021-08-22,715639,9.27742e+11,1.26821e+08,49363.3,1.87942e+07,1.01564e+10
2021-08-23,973417,9.3208e+11,1.5234e+08,49590.9,1.87954e+07,1.51311e+10
2021-08-24,945668,9.00831e+11,1.19088e+08,47925.9,1.87964e+07,1.6495e+10
2021-08-25,867743,9.21114e+11,1.31199e+08,49002.3,1.87974e+07,1.35863e+10
2021-08-26,818959,8.87096e+11,1.27845e+08,47190.3,1.87983e+07,1.42468e+10
2021-08-27,864176,9.22071e+11,1.27845e+08,49048.5,1.87992e+07,1.39169e+10
2021-08-28,726381,9.18429e+11,1.23466e+08,48852.5,1.88001e+07,1.03062e+10
2021-08-29,685753,9.20279e+11,1.36601e+08,48948.3,1.8801e+07,1.06364e+10
2021-08-30,910173,8.86053e+11,1.18212e+08,47125.8,1.88019e+07,1.46815e+10
2021-08-31,930055,8.87853e+11,1.26093e+08,47219.2,1.88028e+07,1.53207e+10
2021-09-01,954959,9.15521e+11,1.19964e+08,48688.5,1.88036e+07,1.6228e+10
2021-09-02,1.02634e+06,9.28373e+11,1.30472e+08,49369.6,1.88046e+07,1.66004e+10
2021-09-03,1.00807e+06,9.37652e+11,1.29596e+08,49860.5,1.88055e+07,1.89564e+10
2021-09-04,776022,9.3881e+11,1.35725e+08,49919.6,1.88065e+07,1.4245e+10
2021-09-05,735688,9.73243e+11,1.43606e+08,51747.6,1.88075e+07,1.28598e+10
2021-09-06,968860,9.90093e+11,1.50611e+08,52640.6,1.88086e+07,1.60142e+10
2021-09-07,938525,8.81308e+11,1.34093e+08,46854.4,1.88095e+07,3.54433e+10
2021-09-08,907794,8.68814e+11,1.2999e+08,46188,1.88104e+07,2.15458e+10
2021-09-09,937415,8.7376e+11,1.25413e+08,46448.8,1.88113e+07,1.6794e+10
2021-09-10,906178,8.42129e+11,1.24497e+08,44765.3,1.88121e+07,1.7345e+10
2021-09-11,823454,8.48441e+11,1.35483e+08,45098.6,1.8813e+07,1.2615e+10
2021-09-12,705573,8.6884e+11,1.34567e+08,46180.6,1.8814e+07,1.02573e+10
2021-09-13,908372,8.46513e+11,1.45552e+08,44991.5,1.88149e+07,1.78041e+10
2021-09-14,952892,8.84777e+11,1.53791e+08,47022.6,1.8816e+07,1.50197e+10
2021-09-15,976201,9.06356e+11,1.2999e+08,48167.2,1.88169e+07,1.23883e+10
2021-09-16,1.02105e+06,8.99437e+11,1.24497e+08,47797.3,1.88177e+07,1.29173e+10
2021-09-17,943981,8.885e+11,1.34567e+08,47213.8,1.88187e+07,1.15985e+10
2021-09-18,819880,9.07181e+11,1.4189e+08,48204,1.88196e+07,1.06148e+10
2021-09-19,714326,8.88681e+11,1.46468e+08,47218.5,1.88206e+07,9.66179e+09
2021-09-20,1.01497e+06,8.06611e+11,1.50129e+08,42855.5,1.88216e+07,2.03836e+10
2021-09-21,844883,7.62806e+11,1.14074e+08,40526.5,1.88224e+07,2.19035e+10
2021-09-22,888195,8.20272e+11,1.26547e+08,43577.6,1.88233e+07,1.52385e+10
2021-09-23,918846,8.44482e+11,1.55822e+08,44861.3,1.88243e+07,1.33612e+10
2021-09-24,958548,8.05781e+11,1.39768e+08,42803.3,1.88252e+07,1.98105e+10
2021-09-25,702530,8.04539e+11,1.3599e+08,42735.3,1.88261e+07,1.07944e+10
2021-09-26,699993,8.12032e+11,1.31269e+08,43131.3,1.8827e+07,1.17068e+10
2021-09-27,901586,8.00127e+11,1.46379e+08,42496.8,1.88279e+07,1.09269e+10
2021-09-28,935822,7.76198e+11,1.43545e+08,41223.8,1.88289e+07,1.08007e+10
2021-09-29,830989,7.80566e+11,1.22769e+08,41453.9,1.88297e+07,1.04751e+10
2021-09-30,1.05961e+06,8.2444e+11,1.61489e+08,43781.5,1.88308e+07,1.1041e+10
2021-10-01,962201,9.05391e+11,1.32213e+08,48078.1,1.88317e+07,1.75541e+10
2021-10-02,963528,9.00067e+11,1.77543e+08,47792.4,1.88328e+07,1.10223e+10
2021-10-03,808347,9.07837e+11,1.41657e+08,48202.6,1.88338e+07,9.89919e+09
2021-10-04,1.01565e+06,9.28336e+11,1.47635e+08,49288.5,1.88347e+07,1.33123e+10
2021-10-05,1.03768e+06,9.71135e+11,1.62178e+08,51558,1.88358e+07,1.47632e+10
2021-10-06,914612,1.04392e+12,1.29544e+08,55419.8,1.88366e+07,2.26176e+10
2021-10-07,1.14414e+06,1.01355e+12,1.39433e+08,53805.2,1.88375e+07,1.66129e+10
2021-10-08,978503,1.01601e+12,1.18667e+08,53933.5,1.88382e+07,1.43874e+10
2021-10-09,991926,1.03636e+12,1.48333e+08,55010.9,1.88392e+07,1.1644e+10
2021-10-10,803826,1.03058e+12,1.57233e+08,54701.3,1.88401e+07,1.51814e+10
2021-10-11,1.00902e+06,1.07939e+12,1.44378e+08,57289.2,1.88411e+07,1.78491e+10
2021-10-12,937369,1.05884e+12,1.32511e+08,56196.2,1.88419e+07,1.74093e+10
2021-10-13,975651,1.08062e+12,1.67122e+08,57348.9,1.8843e+07,1.78076e+10
2021-10-14,1.0071e+06,1.08133e+12,1.35478e+08,57384,1.88438e+07,1.52528e+10
2021-10-15,1.01712e+06,1.15793e+12,1.39433e+08,61446.1,1.88447e+07,2.62055e+10
2021-10-16,937355,1.1483e+12,1.31522e+08,60932.1,1.88455e+07,1.53847e+10
2021-10-17,823877,1.15835e+12,1.58222e+08,61462.2,1.88465e+07,1.26051e+10
2021-10-18,1.00348e+06,1.16811e+12,1.46581e+08,61977.1,1.88474e+07,1.8267e+10
2021-10-19,1.07737e+06,1.21178e+12,1.54737e+08,64290.9,1.88484e+07,1.89699e+10
2021-10-20,977215,1.24522e+12,1.48747e+08,66061.8,1.88493e+07,2.06056e+10
2021-10-21,1.13913e+06,1.17576e+12,1.47749e+08,62373.9,1.88503e+07,2.52498e+10
2021-10-22,957015,1.14523e+12,1.57732e+08,60751,1.88513e+07,1.96665e+10
2021-10-23,826969,1.1547e+12,1.44754e+08,61250.1,1.88522e+07,1.14329e+10
2021-10-24,737951,1.1475e+12,1.52741e+08,60865.4,1.88531e+07,1.16403e+10
2021-10-25,1.07952e+06,1.18842e+12,1.81691e+08,63031.7,1.88543e+07,1.3329e+10
2021-10-26,998333,1.13874e+12,1.49746e+08,60394,1.88552e+07,1.54494e+10
2021-10-27,944035,1.10428e+12,1.56734e+08,58563.3,1.88562e+07,2.21114e+10
2021-10-28,1.05511e+06,1.14207e+12,1.52741e+08,60564.6,1.88571e+07,2.23433e+10
2021-10-29,1.01486e+06,1.17356e+12,1.7071e+08,62230.8,1.88582e+07,1.67029e+10
2021-10-30,906672,1.16442e+12,1.54737e+08,61742.9,1.88592e+07,1.32939e+10
2021-10-31,893617,1.15863e+12,1.40567e+08,61433,1.886e+07,1.47318e+10
2021-11-01,1.05343e+06,1.15226e+12,1.5935e+08,61092.1,1.8861e+07,1.68158e+10
2021-11-02,1.03503e+06,1.18877e+12,1.70117e+08,63024.7,1.8862e+07,1.75876e+10
2021-11-03,1.06921e+06,1.18754e+12,1.73347e+08,62956,1.8863e+07,1.76447e+10
2021-11-04,998917,1.15813e+12,1.53967e+08,61393.9,1.88639e+07,1.47384e+10
2021-11-05,1.03744e+06,1.15086e+12,1.66887e+08,61005.8,1.88648e+07,1.3013e+10
2021-11-06,825483,1.1594e+12,1.65811e+08,61455.1,1.88658e+07,1.13773e+10
2021-11-07,826432,1.18943e+12,1.64734e+08,63043.8,1.88667e+07,1.00948e+10
2021-11-08,1.0188e+06,1.27435e+12,1.45353e+08,67541.8,1.88676e+07,1.97865e+10
2021-11-09,1.19564e+06,1.266e+12,1.63657e+08,67095.6,1.88685e+07,1.96202e+10
2021-11-10,1.02276e+06,1.22191e+12,1.60427e+08,64756.1,1.88695e+07,2.57435e+10
2021-11-11,1.03795e+06,1.22588e+12,1.70117e+08,64962.9,1.88705e+07,1.62933e+10
2021-11-12,975353,1.20926e+12,1.5289e+08,64079,1.88713e+07,1.69075e+10
2021-11-13,828248,1.21533e+12,1.64734e+08,64397.8,1.88723e+07,1.18525e+10
2021-11-14,806451,1.22737e+12,1.75346e+08,65032.2,1.88733e+07,1.02812e+10
2021-11-15,1.08339e+06,1.2033e+12,1.70198e+08,63753.5,1.88742e+07,1.40844e+10
2021-11-16,1.03057e+06,1.1386e+12,1.69071e+08,60322.5,1.88752e+07,2.50689e+10
2021-11-17,993545,1.13548e+12,1.67944e+08,60154.3,1.88761e+07,1.77041e+10
2021-11-18,990087,1.0721e+12,1.62308e+08,56794.2,1.8877e+07,2.18044e+10
2021-11-19,976682,1.09518e+12,1.54418e+08,58014.1,1.88778e+07,1.68823e+10
2021-11-20,848464,1.128e+12,1.63435e+08,59749.5,1.88788e+07,1.22901e+10
2021-11-21,842004,1.11451e+12,1.48782e+08,59032.6,1.88796e+07,1.11345e+10
2021-11-22,947435,1.06455e+12,1.58926e+08,56383.6,1.88805e+07,1.68381e+10
2021-11-23,909010,1.08836e+12,1.48782e+08,57642.3,1.88813e+07,1.70223e+10
2021-11-24,1.07192e+06,1.07897e+12,1.76961e+08,57141.8,1.88823e+07,1.50685e+10
2021-11-25,973237,1.11426e+12,1.46528e+08,59008.7,1.88831e+07,1.60182e+10
2021-11-26,996141,1.01597e+12,1.48782e+08,53800.6,1.88839e+07,2.23771e+10
2021-11-27,777970,1.03179e+12,1.61181e+08,54635.9,1.88848e+07,1.23592e+10
2021-11-28,816560,1.08118e+12,1.55141e+08,57248.6,1.88857e+07,1.17835e+10
2021-11-29,993217,1.09392e+12,1.58775e+08,57920.7,1.88866e+07,1.38677e+10
2021-11-30,977183,1.07841e+12,1.48782e+08,57097,1.88874e+07,1.73106e+10
2021-12-01,1.0577e+06,1.08004e+12,1.52113e+08,57180.6,1.88883e+07,1.62569e+10
2021-12-02,1.18476e+06,1.06881e+12,1.72098e+08,56582.9,1.88892e+07,1.48815e+10
2021-12-03,1.0106e+06,1.01387e+12,1.86532e+08,53671.6,1.88903e+07,1.97975e+10
2021-12-04,961294,9.28688e+11,1.72098e+08,49159.7,1.88912e+07,3.33053e+10
2021-12-05,978899,9.31901e+11,1.84312e+08,49327.1,1.88923e+07,1.71365e+10
2021-12-06,1.07837e+06,9.54783e+11,1.90974e+08,50535.4,1.88934e+07,1.78706e+10
2021-12-07,983177,9.5557e+11,1.70988e+08,50574.5,1.88943e+07,1.43037e+10
2021-12-08,927369,9.54228e+11,1.86532e+08,50500.7,1.88954e+07,1.23395e+10
2021-12-09,1.12374e+06,9.05851e+11,1.80981e+08,47937.8,1.88964e+07,1.31657e+10
2021-12-10,930831,8.96438e+11,1.73209e+08,47437.2,1.88974e+07,1.41214e+10
2021-12-11,805461,9.32098e+11,1.76624e+08,49321.8,1.88983e+07,9.95849e+09
2021-12-12,725043,9.4754e+11,1.68386e+08,50136.6,1.88992e+07,8.28682e+09
2021-12-13,996713,8.84245e+11,1.69588e+08,46785.3,1.89001e+07,1.48591e+10
2021-12-14,966596,9.12779e+11,1.78008e+08,48292.7,1.8901e+07,1.33385e+10
2021-12-15,1.05826e+06,9.2299e+11,1.69588e+08,48830.6,1.89019e+07,1.59814e+10
2021-12-16,873836,9.00963e+11,1.38317e+08,47663.5,1.89026e+07,1.096e+10
2021-12-17,979005,8.75884e+11,1.7921e+08,46334.5,1.89035e+07,1.38434e+10
2021-12-18,855978,8.86704e+11,1.53953e+08,46904.9,1.89043e+07,9.40149e+09
2021-12-19,755797,8.8621e+11,1.7921e+08,46876.4,1.89052e+07,9.58824e+09
2021-12-20,1.01526e+06,8.87734e+11,1.73197e+08,46954.8,1.89061e+07,1.25278e+10
2021-12-21,1.00923e+06,9.28002e+11,1.93643e+08,49082.1,1.89072e+07,1.12593e+10
2021-12-22,992589,9.20674e+11,1.78008e+08,48692.1,1.89081e+07,1.00238e+10
2021-12-23,991240,9.58933e+11,1.82819e+08,50713,1.8909e+07,1.20535e+10
2021-12-24,974212,9.60321e+11,1.81616e+08,50783.8,1.891e+07,1.05187e+10
2021-12-25,866151,9.5671e+11,1.77169e+08,50590.5,1.89109e+07,7.10989e+09
2021-12-26,774902,9.60684e+11,1.61682e+08,50798.3,1.89117e+07,7.99634e+09
2021-12-27,992531,9.60694e+11,1.78574e+08,50796.4,1.89127e+07,1.02392e+10
2021-12-28,1.05157e+06,9.01664e+11,1.61682e+08,47673,1.89135e+07,1.45039e+10
2021-12-29,1.14287e+06,8.78958e+11,1.74955e+08,46470.3,1.89144e+07,1.18755e+10
2021-12-30,977727,8.9095e+11,1.43584e+08,47102.5,1.89151e+07,1.00591e+10
2021-12-31,1.0934e+06,8.76857e+11,1.79781e+08,46355.1,1.89161e+07,1.12442e+10
2022-01-01,695722,8.997e+11,2.07532e+08,47560,1.89171e+07,6.9079e+09
2022-01-02,734444,8.95822e+11,1.9064e+08,47352.6,1.89181e+07,6.75069e+09
2022-01-03,948843,8.78853e+11,1.68922e+08,46453.4,1.8919e+07,9.11708e+09
2022-01-04,971141,8.68537e+11,1.77368e+08,45906,1.89199e+07,1.08312e+10
2022-01-05,1.02348e+06,8.23643e+11,1.80988e+08,43530.9,1.89209e+07,1.56269e+10
2022-01-06,937879,8.16379e+11,1.76161e+08,43145,1.89218e+07,1.16151e+10
2022-01-07,961733,7.85532e+11,1.68922e+08,41512.8,1.89227e+07,1.56043e+10
2022-01-08,823193,7.91001e+11,1.74268e+08,41799.8,1.89236e+07,1.0015e+10
2022-01-09,734904,7.92678e+11,1.70826e+08,41886.5,1.89244e+07,7.28821e+09
2022-01-10,977953,7.91399e+11,1.72038e+08,41817,1.89253e+07,1.31147e+10
2022-01-11,973363,8.09444e+11,1.91422e+08,42768.2,1.89263e+07,1.03141e+10
2022-01-12,958871,8.32058e+11,1.68403e+08,43961,1.89272e+07,9.81804e+09
2022-01-13,943218,8.06854e+11,2.16864e+08,42626.9,1.89283e+07,9.40143e+09
2022-01-14,959705,8.15902e+11,1.92634e+08,43102.6,1.89293e+07,8.67307e+09
2022-01-15,819060,8.17916e+11,2.01114e+08,43206.7,1.89303e+07,5.76746e+09
2022-01-16,768912,8.17248e+11,2.12018e+08,43168.9,1.89314e+07,5.52614e+09
2022-01-17,963405,7.99162e+11,1.95057e+08,42211.3,1.89324e+07,7.479e+09
2022-01-18,906852,8.03362e+11,1.64768e+08,42431.2,1.89333e+07,8.40288e+09
2022-01-19,940760,7.91224e+11,2.09595e+08,41787.7,1.89344e+07,9.23861e+09
2022-01-20,944092,7.71734e+11,2.04749e+08,40756.1,1.89354e+07,1.02422e+10
2022-01-21,1.01754e+06,6.91027e+11,1.76007e+08,36492.3,1.89363e+07,2.15631e+10
2022-01-22,980566,6.6273e+11,1.77475e+08,34996.4,1.89371e+07,1.88548e+10
2022-01-23,764279,6.869e+11,1.86746e+08,36271.1,1.8938e+07,1.08488e+10
2022-01-24,967257,6.94295e+11,1.98666e+08,36659.7,1.89389e+07,1.94602e+10
2022-01-25,892344,6.99877e+11,2.01315e+08,36952.6,1.89399e+07,1.10331e+10
2022-01-26,872302,6.97506e+11,1.72177e+08,36825.8,1.89407e+07,1.43814e+10
2022-01-27,894323,7.01251e+11,1.73502e+08,37021.9,1.89415e+07,1.06401e+10
2022-01-28,953545,7.15435e+11,2.03964e+08,37768.8,1.89425e+07,9.13581e+09
2022-01-29,800040,7.21521e+11,1.97342e+08,38088.3,1.89434e+07,6.43493e+09
2022-01-30,780477,7.19571e+11,1.93368e+08,37983.5,1.89443e+07,5.1429e+09
2022-01-31,993797,7.28683e+11,1.89395e+08,38462.7,1.89452e+07,8.41458e+09
2022-02-01,1.0584e+06,7.34883e+11,2.03964e+08,38788,1.89462e+07,8.1567e+09
2022-02-02,954043,6.9995e+11,2.02639e+08,36942.3,1.89471e+07,8.0921e+09
2022-02-03,931571,7.02169e+11,1.94693e+08,37057.7,1.8948e+07,7.44068e+09
2022-02-04,885216,7.78416e+11,1.72457e+08,41079.9,1.89488e+07,1.24119e+10
2022-02-05,951087,7.8657e+11,1.57888e+08,41508.6,1.89496e+07,7.51948e+09
2022-02-06,891700,8.02712e+11,2.0698e+08,42358.2,1.89506e+07,5.58838e+09
2022-02-07,927917,8.31758e+11,1.80444e+08,43889,1.89514e+07,1.18147e+10
2022-02-08,1.01477e+06,8.37078e+11,2.04326e+08,44167.4,1.89524e+07,1.42068e+10
2022-02-09,998247,8.4162e+11,1.85751e+08,44405.1,1.89532e+07,8.88732e+09
2022-02-10,1.02972e+06,8.26673e+11,1.95039e+08,43614.3,1.89542e+07,1.37578e+10
2022-02-11,987669,8.02885e+11,1.88405e+08,42357.3,1.89551e+07,1.09688e+10
2022-02-12,1.06026e+06,7.99449e+11,2.4811e+08,42173.5,1.89562e+07,6.47887e+09
2022-02-13,829229,7.9991e+11,2.09633e+08,42195.6,1.89572e+07,4.79694e+09
2022-02-14,899786,8.08493e+11,2.02999e+08,42646.2,1.89582e+07,7.80617e+09
2022-02-15,1.01369e+06,8.43913e+11,2.32189e+08,44511.9,1.89593e+07,8.72832e+09
2022-02-16,925324,8.35496e+11,2.0698e+08,44065.7,1.89602e+07,7.21671e+09
2022-02-17,931220,7.70015e+11,2.13574e+08,40610,1.89612e+07,1.0604e+10
2022-02-18,940726,7.5932e+11,1.86294e+08,40044.2,1.8962e+07,8.87776e+09
2022-02-19,839236,7.60337e+11,2.07148e+08,40095.9,1.8963e+07,4.37839e+09
2022-02-20,741534,7.31088e+11,2.00197e+08,38551.6,1.89639e+07,6.85371e+09
2022-02-21,886316,7.03551e+11,1.71001e+08,37098,1.89646e+07,1.22297e+10
2022-02-22,886571,7.24535e+11,2.11319e+08,38202.6,1.89656e+07,1.01696e+10
2022-02-23,859810,7.07608e+11,2.08538e+08,37308.3,1.89665e+07,8.69832e+09
2022-02-24,958866,7.26142e+11,1.83514e+08,38283.8,1.89674e+07,2.06664e+10
2022-02-25,936543,7.45901e+11,1.86294e+08,39323.8,1.89682e+07,1.08934e+10
2022-02-26,818914,7.40863e+11,1.73782e+08,39056.6,1.8969e+07,6.37426e+09
2022-02-27,768705,7.14494e+11,1.89075e+08,37664.8,1.89698e+07,9.16769e+09
2022-02-28,981066,8.19144e+11,2.14099e+08,43179.3,1.89708e+07,1.46432e+10
2022-03-01,1.06535e+06,8.41104e+11,2.25221e+08,44334.5,1.89718e+07,1.40474e+10
2022-03-02,1.0918e+06,8.34504e+11,1.89075e+08,43984.6,1.89726e+07,1.21247e+10
2022-03-03,1.01145e+06,8.0624e+11,2.04805e+08,42492.8,1.89736e+07,1.00169e+10
2022-03-04,949176,7.42022e+11,1.90365e+08,39106.4,1.89744e+07,1.24882e+10
2022-03-05,801293,7.47318e+11,1.68453e+08,39383.9,1.89752e+07,5.97715e+09
2022-03-06,771254,7.28667e+11,1.79409e+08,38399.3,1.8976e+07,7.25558e+09
2022-03-07,917289,7.23909e+11,2.02691e+08,38146.7,1.8977e+07,1.1344e+10
2022-03-08,962840,7.34927e+11,2.02691e+08,38725.5,1.89779e+07,1.04831e+10
2022-03-09,960901,7.96906e+11,1.88996e+08,41989.4,1.89787e+07,1.40194e+10
2022-03-10,993366,7.49359e+11,1.98582e+08,39482.3,1.89796e+07,1.40104e+10
2022-03-11,903967,7.36925e+11,1.88996e+08,38825.4,1.89805e+07,1.12852e+10
2022-03-12,787792,7.3935e+11,2.13647e+08,38951.1,1.89815e+07,4.92698e+09
2022-03-13,751546,7.17694e+11,2.068e+08,37808.3,1.89824e+07,6.14284e+09
2022-03-14,936153,7.52673e+11,2.09539e+08,39649,1.89834e+07,9.25686e+09
2022-03-15,949102,7.4716e+11,1.90365e+08,39356.8,1.89843e+07,8.89519e+09
2022-03-16,1.01499e+06,7.80326e+11,2.12278e+08,41101.8,1.89852e+07,1.68375e+10
2022-03-17,1.00986e+06,7.77797e+11,2.17499e+08,40966.4,1.89862e+07,8.22914e+09
2022-03-18,1.00489e+06,7.94157e+11,1.95149e+08,41826.1,1.89871e+07,9.17924e+09
2022-03-19,864890,8.01167e+11,2.11526e+08,42193.2,1.89881e+07,6.74972e+09
2022-03-20,780069,7.84147e+11,2.10161e+08,41294.7,1.8989e+07,6.54507e+09
2022-03-21,941088,7.79813e+11,2.08796e+08,41064.4,1.899e+07,8.58748e+09
2022-03-22,920483,8.04896e+11,2.03338e+08,42383.2,1.89909e+07,1.24064e+10
2022-03-23,972037,8.11601e+11,1.97879e+08,42734.2,1.89918e+07,9.22847e+09
2022-03-24,966209,8.35198e+11,1.95149e+08,43974.6,1.89927e+07,1.15623e+10
2022-03-25,1.06873e+06,8.42314e+11,2.1289e+08,44347,1.89937e+07,1.09276e+10
2022-03-26,825356,8.45643e+11,2.19714e+08,44519.9,1.89947e+07,5.02901e+09
2022-03-27,812882,8.88558e+11,1.78773e+08,46777.2,1.89955e+07,9.06025e+09
2022-03-28,1.02926e+06,8.97085e+11,2.16984e+08,47223.7,1.89965e+07,1.33024e+10
2022-03-29,972049,9.0169e+11,2.06067e+08,47463.7,1.89975e+07,1.12044e+10
2022-03-30,940234,8.95263e+11,1.84232e+08,47123.3,1.89983e+07,1.00553e+10
2022-03-31,979952,8.65644e+11,1.94529e+08,45562.2,1.89992e+07,1.24408e+10
2022-04-01,1.07386e+06,8.78759e+11,2.00372e+08,46250.3,1.90001e+07,1.43631e+10
2022-04-02,932911,8.72899e+11,1.91845e+08,45939.9,1.90009e+07,1.06823e+10
2022-04-03,794992,8.82452e+11,1.97529e+08,46440.5,1.90018e+07,9.22275e+09
2022-04-04,985718,8.86726e+11,2.2453e+08,46663,1.90028e+07,1.24158e+10
2022-04-05,952254,8.68335e+11,2.06056e+08,45693,1.90037e+07,1.05384e+10
2022-04-06,919776,8.22993e+11,2.13161e+08,43304.9,1.90046e+07,1.48426e+10
2022-04-07,927811,8.2805e+11,1.96108e+08,43569,1.90055e+07,9.33844e+09
2022-04-08,929602,8.02485e+11,1.90424e+08,42222.1,1.90063e+07,1.02518e+10
2022-04-09,786423,8.11249e+11,2.17425e+08,42681,1.90073e+07,4.81871e+09
2022-04-10,754197,8.03368e+11,1.98951e+08,42264.5,1.90081e+07,5.53557e+09
2022-04-11,986075,7.51692e+11,1.94687e+08,39544,1.9009e+07,1.30296e+10
2022-04-12,970523,7.6223e+11,2.17425e+08,40096.4,1.90099e+07,1.13005e+10
2022-04-13,960119,7.82348e+11,1.98951e+08,41152.8,1.90108e+07,9.21164e+09
2022-04-14,910470,7.5888e+11,1.94402e+08,39916.5,1.90117e+07,7.53638e+09
2022-04-15,893942,7.70533e+11,2.21693e+08,40527.3,1.90127e+07,5.48719e+09
2022-04-16,774863,7.68898e+11,1.88018e+08,40439.6,1.90135e+07,3.69071e+09
2022-04-17,760823,7.54968e+11,2.31515e+08,39704.8,1.90145e+07,4.62673e+09
2022-04-18,930250,7.76186e+11,1.88018e+08,40818.9,1.90154e+07,1.07098e+10
2022-04-19,945444,7.88974e+11,1.73987e+08,41489.7,1.90161e+07,7.40599e+09
2022-04-20,961981,7.87227e+11,2.24499e+08,41395.6,1.90171e+07,9.01758e+09
2022-04-21,970130,7.69429e+11,2.37127e+08,40457.5,1.90182e+07,1.19846e+10
2022-04-22,945273,7.55778e+11,1.89421e+08,39738,1.9019e+07,9.80695e+09
2022-04-23,857006,7.52861e+11,2.28708e+08,39582.5,1.90201e+07,4.28636e+09
2022-04-24,796298,7.51556e+11,2.39933e+08,39511.6,1.90211e+07,5.10168e+09
2022-04-25,1.00333e+06,7.69898e+11,2.27305e+08,40473.7,1.90221e+07,1.28432e+10
2022-04-26,965991,7.2426e+11,1.96437e+08,38072.8,1.9023e+07,1.22153e+10
2022-04-27,967943,7.46097e+11,2.4352e+08,39218.5,1.90241e+07,9.64668e+09
2022-04-28,1.00314e+06,7.56202e+11,1.95504e+08,39748,1.90249e+07,1.0483e+10
2022-04-29,1.05999e+06,7.34579e+11,2.22163e+08,38609.5,1.90258e+07,8.95701e+09
2022-04-30,944577,7.17578e+11,2.22163e+08,37714.1,1.90268e+07,6.03988e+09
2022-05-01,834397,7.31796e+11,2.47342e+08,38459.2,1.90278e+07,6.95791e+09
2022-05-02,966035,7.33867e+11,2.36974e+08,38566.1,1.90288e+07,9.80931e+09
2022-05-03,956710,7.17506e+11,2.22163e+08,37704.4,1.90298e+07,7.55982e+09
2022-05-04,862312,7.54411e+11,2.16239e+08,39641.9,1.90307e+07,1.12768e+10
2022-05-05,1.18973e+06,6.94694e+11,2.32531e+08,36502,1.90317e+07,1.53584e+10
2022-05-06,1.08647e+06,6.8599e+11,2.10315e+08,36043,1.90325e+07,1.25619e+10
2022-05-07,837217,6.75853e+11,2.11796e+08,35508.7,1.90334e+07,6.39507e+09
2022-05-08,813799,6.48291e+11,2.29569e+08,34058.9,1.90344e+07,1.19998e+10
2022-05-09,1.06779e+06,5.79778e+11,2.29569e+08,30457.9,1.90354e+07,2.51817e+10
2022-05-10,978190,5.8995e+11,2.27186e+08,30990.7,1.90363e+07,2.40284e+10
2022-05-11,981424,5.48207e+11,2.25258e+08,28796.6,1.90372e+07,3.46574e+10
2022-05-12,1.05868e+06,5.52689e+11,2.09723e+08,29030.7,1.90381e+07,3.00976e+10
2022-05-13,1.0289e+06,5.57576e+11,2.36132e+08,29285.9,1.9039e+07,1.50538e+10
2022-05-14,1.10136e+06,5.72186e+11,2.19044e+08,30051.9,1.90399e+07,8.17394e+09
2022-05-15,1.01625e+06,5.93738e+11,1.89527e+08,31182.6,1.90407e+07,7.44387e+09
2022-05-16,1.09415e+06,5.69149e+11,2.54774e+08,29889.6,1.90417e+07,1.05367e+10
2022-05-17,1.02942e+06,5.79623e+11,2.28365e+08,30438.2,1.90426e+07,8.94583e+09
2022-05-18,902599,5.47904e+11,2.08169e+08,28771.2,1.90435e+07,1.03515e+10
2022-05-19,897588,5.76238e+11,1.89527e+08,30257.9,1.90442e+07,1.06331e+10
2022-05-20,949339,5.56576e+11,1.98848e+08,29224.2,1.9045e+07,1.02358e+10
2022-05-21,758937,5.60331e+11,2.09723e+08,29420.1,1.90459e+07,4.17648e+09
2022-05-22,749577,5.7772e+11,1.89527e+08,30331.9,1.90466e+07,5.70884e+09
2022-05-23,939531,5.54062e+11,2.4856e+08,29088.3,1.90476e+07,9.82949e+09
2022-05-24,841611,5.64664e+11,1.8642e+08,29643.7,1.90484e+07,7.89389e+09
2022-05-25,1.01616e+06,5.63425e+11,2.19465e+08,29577.3,1.90493e+07,8.37681e+09
2022-05-26,894042,5.58789e+11,2.09555e+08,29332.5,1.90502e+07,1.25335e+10
2022-05-27,942679,5.45089e+11,2.05097e+08,28612,1.9051e+07,1.20256e+10
2022-05-28,783393,5.53374e+11,2.19959e+08,29045.5,1.90519e+07,4.64614e+09
2022-05-29,751185,5.60728e+11,2.21445e+08,29430.1,1.90529e+07,4.07528e+09
2022-05-30,925404,6.04692e+11,2.28876e+08,31736,1.90538e+07,1.22809e+10
2022-05-31,998795,6.0654e+11,2.16986e+08,31831.4,1.90548e+07,1.02355e+10
2022-06-01,962754,5.68351e+11,2.02124e+08,29825.9,1.90556e+07,1.32419e+10
2022-06-02,945705,5.81301e+11,1.85776e+08,30504.3,1.90564e+07,8.93221e+09
2022-06-03,932672,5.6529e+11,2.12528e+08,29662.7,1.90573e+07,7.77168e+09
2022-06-04,776053,5.67788e+11,2.06583e+08,29792.4,1.90581e+07,3.56737e+09
2022-06-05,721815,5.7016e+11,2.16986e+08,29915.4,1.90591e+07,3.66938e+09
2022-06-06,952859,5.9722e+11,2.22931e+08,31333.7,1.906e+07,1.00419e+10
2022-06-07,941706,5.94228e+11,2.40766e+08,31175,1.9061e+07,1.37829e+10
2022-06-08,888118,5.76219e+11,2.66502e+08,30228.5,1.90621e+07,9.88553e+09
2022-06-09,914304,5.7312e+11,2.19787e+08,30064.5,1.9063e+07,6.63119e+09
2022-06-10,900195,5.54197e+11,2.21292e+08,29070.4,1.9064e+07,1.03008e+10
2022-06-11,831309,5.40696e+11,2.3183e+08,28360.8,1.90649e+07,8.278e+09
2022-06-12,762985,5.11538e+11,1.91185e+08,26830.3,1.90657e+07,1.14344e+10
2022-06-13,1.01132e+06,4.25494e+11,2.00217e+08,22316.3,1.90665e+07,2.99444e+10
2022-06-14,1.07599e+06,4.20873e+11,2.19787e+08,22072.9,1.90675e+07,2.13042e+10
2022-06-15,1.06357e+06,4.29437e+11,2.48389e+08,22520.8,1.90685e+07,2.28229e+10
2022-06-16,911369,3.87299e+11,1.79141e+08,20310.2,1.90692e+07,1.25452e+10
2022-06-17,876153,3.90264e+11,1.62582e+08,20464.9,1.90699e+07,9.68879e+09
2022-06-18,924686,3.62611e+11,2.34841e+08,19013.9,1.90709e+07,1.63898e+10
2022-06-19,733337,3.90823e+11,2.00217e+08,20492.3,1.90717e+07,1.32983e+10
2022-06-20,833932,3.92353e+11,1.98712e+08,20571.6,1.90725e+07,1.11376e+10
2022-06-21,927938,3.94601e+11,2.25809e+08,20688.5,1.90735e+07,1.02149e+10
2022-06-22,859651,3.81546e+11,1.93096e+08,20003.2,1.90743e+07,9.86306e+09
2022-06-23,866807,4.02432e+11,2.23431e+08,21097.1,1.90752e+07,8.99217e+09
2022-06-24,869532,4.06302e+11,1.89622e+08,21299.1,1.9076e+07,8.77025e+09
2022-06-25,742895,4.09551e+11,2.21961e+08,21468.3,1.9077e+07,5.63297e+09
2022-06-26,734812,4.01906e+11,2.02852e+08,21066.6,1.90778e+07,5.57297e+09
2022-06-27,953524,3.95903e+11,1.99912e+08,20751.1,1.90787e+07,6.76041e+09
2022-06-28,922274,3.86614e+11,2.14611e+08,20263.2,1.90796e+07,6.98792e+09
2022-06-29,899514,3.83156e+11,2.21961e+08,20080.9,1.90805e+07,8.11179e+09
2022-06-30,967680,3.68903e+11,2.5136e+08,19332.9,1.90816e+07,1.00154e+10
2022-07-01,946760,3.6909e+11,1.96972e+08,19341.9,1.90825e+07,1.10883e+10
2022-07-02,844916,3.67007e+11,2.02852e+08,19231.8,1.90833e+07,4.50101e+09
2022-07-03,701943,3.67879e+11,2.27841e+08,19276.5,1.90843e+07,4.83178e+09
2022-07-04,883632,3.86023e+11,2.10202e+08,20226.3,1.90852e+07,6.7466e+09
2022-07-05,864471,3.85408e+11,1.73453e+08,20193.3,1.90859e+07,8.8265e+09
2022-07-06,969280,3.92439e+11,1.866e+08,20560.8,1.90867e+07,7.80328e+09
2022-07-07,1.00726e+06,4.13276e+11,2.27523e+08,21651.4,1.90877e+07,8.12327e+09
2022-07-08,936111,4.16395e+11,2.14481e+08,21813.8,1.90886e+07,1.85136e+10
2022-07-09,773277,4.12048e+11,1.94192e+08,21585.1,1.90895e+07,9.45736e+09
2022-07-10,705622,3.97678e+11,2.21727e+08,20831.3,1.90904e+07,9.65659e+09
2022-07-11,839927,3.81276e+11,1.78251e+08,19971.3,1.90912e+07,8.25467e+09
2022-07-12,943773,3.69226e+11,2.18828e+08,19339.2,1.90921e+07,8.9477e+09
2022-07-13,815549,3.84826e+11,1.59411e+08,20155.5,1.90928e+07,1.33764e+10
2022-07-14,983744,3.92429e+11,1.797e+08,20552.9,1.90936e+07,1.08282e+10
2022-07-15,943171,3.97771e+11,2.05785e+08,20831.7,1.90945e+07,9.53087e+09
2022-07-16,771028,4.04756e+11,2.14481e+08,21196.5,1.90954e+07,7.87481e+09
2022-07-17,723539,3.97733e+11,1.797e+08,20827.9,1.90962e+07,7.69333e+09
2022-07-18,887138,4.25972e+11,1.89844e+08,22305.7,1.9097e+07,1.59982e+10
2022-07-19,994059,4.4634e+11,1.99989e+08,23371.2,1.90979e+07,1.98267e+10
2022-07-20,905497,4.44634e+11,1.82598e+08,23280.9,1.90986e+07,1.83111e+10
2022-07-21,964460,4.422e+11,1.98825e+08,23152.4,1.90995e+07,1.35187e+10
2022-07-22,848578,4.33694e+11,1.81712e+08,22706.1,1.91003e+07,1.25112e+10
2022-07-23,755495,4.29482e+11,2.11997e+08,22484.5,1.91013e+07,8.57352e+09
2022-07-24,736224,4.32731e+11,2.16127e+08,22653.4,1.91023e+07,8.3053e+09
2022-07-25,892636,4.10912e+11,1.95478e+08,21510.1,1.91032e+07,1.33242e+10
2022-07-26,945582,4.04658e+11,2.20257e+08,21181.7,1.91042e+07,1.09299e+10
2022-07-27,916926,4.37479e+11,2.2714e+08,22898.4,1.91052e+07,1.38934e+10
2022-07-28,1.00887e+06,4.55461e+11,1.94101e+08,23838.6,1.91061e+07,1.63954e+10
2022-07-29,945142,4.57627e+11,2.00984e+08,23950.7,1.9107e+07,1.47937e+10
2022-07-30,785742,4.51392e+11,1.77582e+08,23623.4,1.91078e+07,1.06664e+10
2022-07-31,787873,4.46307e+11,2.09244e+08,23356.2,1.91087e+07,8.58946e+09
2022-08-01,907238,4.45855e+11,1.87218e+08,23331.4,1.91096e+07,9.80802e+09
2022-08-02,946865,4.40144e+11,2.13374e+08,23031.4,1.91106e+07,1.0866e+10
2022-08-03,977386,4.35928e+11,1.99608e+08,22809.7,1.91115e+07,1.02218e+10
2022-08-04,948545,4.32479e+11,1.83294e+08,22628.3,1.91123e+07,1.00644e+10
2022-08-05,944004,4.44363e+11,2.10086e+08,23249,1.91132e+07,1.17709e+10
2022-08-06,856759,4.39556e+11,2.25492e+08,22996.3,1.91142e+07,5.05476e+09
2022-08-07,716918,4.42588e+11,2.22691e+08,23153.7,1.91152e+07,5.05101e+09
2022-08-08,918162,4.55034e+11,2.01682e+08,23803.7,1.91161e+07,1.09149e+10
2022-08-09,941249,4.43253e+11,2.00282e+08,23186.3,1.9117e+07,9.34924e+09
2022-08-10,1.03579e+06,4.5736e+11,2.07284e+08,23923.1,1.9118e+07,1.37935e+10
2022-08-11,1.00285e+06,4.57598e+11,1.9608e+08,23934.4,1.91188e+07,1.59064e+10
2022-08-12,948381,4.66452e+11,2.15688e+08,24396.3,1.91198e+07,1.05147e+10
2022-08-13,834925,4.67046e+11,1.94679e+08,24426.2,1.91207e+07,9.22997e+09
2022-08-14,811197,4.64924e+11,1.86276e+08,24314.2,1.91215e+07,9.19051e+09
2022-08-15,922140,4.60543e+11,2.03083e+08,24084,1.91224e+07,1.49582e+10
2022-08-16,1.02082e+06,4.56451e+11,2.07284e+08,23868.8,1.91233e+07,1.09153e+10
2022-08-17,915870,4.46287e+11,1.80674e+08,23336.3,1.91241e+07,1.28211e+10
2022-08-18,1.00984e+06,4.44106e+11,2.02447e+08,23221.2,1.9125e+07,8.04963e+09
2022-08-19,982140,3.99866e+11,2.50867e+08,20906.8,1.91261e+07,1.74787e+10
2022-08-20,841648,4.04474e+11,2.09996e+08,21146.7,1.91271e+07,1.01073e+10
2022-08-21,753797,4.12285e+11,2.05767e+08,21554,1.9128e+07,8.31767e+09
2022-08-22,880923,4.07466e+11,2.04358e+08,21301.1,1.91289e+07,1.15385e+10
2022-08-23,930754,4.11955e+11,2.42411e+08,21534.5,1.913e+07,1.05954e+10
2022-08-24,930584,4.09879e+11,2.05767e+08,21425,1.91309e+07,9.52321e+09
2022-08-25,898274,4.13016e+11,2.24089e+08,21587.8,1.91319e+07,8.42551e+09
2022-08-26,937226,3.87369e+11,2.48048e+08,20246.2,1.9133e+07,1.52683e+10
2022-08-27,830874,3.83519e+11,2.04358e+08,20044,1.91339e+07,8.52404e+09
2022-08-28,776186,3.76451e+11,2.26908e+08,19673.5,1.91349e+07,6.70207e+09
2022-08-29,939245,3.87902e+11,2.2127e+08,20271,1.91359e+07,1.0472e+10
2022-08-30,951380,3.79398e+11,2.28317e+08,19825.5,1.91369e+07,1.29035e+10
2022-08-31,916812,3.83228e+11,2.20515e+08,20024.7,1.91378e+07,1.2717e+10
2022-09-01,969786,3.84792e+11,2.12503e+08,20105.5,1.91387e+07,1.10705e+10
2022-09-02,996822,3.8181e+11,1.98644e+08,19948.9,1.91395e+07,1.10074e+10
2022-09-03,916603,3.79053e+11,2.26362e+08,19803.8,1.91404e+07,5.86146e+09
2022-09-04,774639,3.821e+11,2.58699e+08,19961.9,1.91414e+07,6.22967e+09
2022-09-05,942780,3.78977e+11,2.35601e+08,19797.8,1.91424e+07,8.83146e+09
2022-09-06,927513,3.60777e+11,2.18663e+08,18846.2,1.91433e+07,1.6177e+10
2022-09-07,951645,3.69347e+11,2.24822e+08,19292.9,1.91442e+07,1.27713e+10
2022-09-08,947648,3.69864e+11,1.95564e+08,19319.1,1.9145e+07,1.18007e+10
2022-09-09,1.02188e+06,4.09017e+11,2.26362e+08,21363.3,1.91459e+07,2.0766e+10
2022-09-10,873305,4.15786e+11,2.41761e+08,21715.2,1.91469e+07,1.3708e+10
2022-09-11,871675,4.16141e+11,2.81798e+08,21732.8,1.9148e+07,1.27144e+10
2022-09-12,989815,4.28262e+11,2.35601e+08,22365.2,1.9149e+07,2.05326e+10
2022-09-13,948189,3.86157e+11,2.12238e+08,20165,1.91498e+07,2.40681e+10
2022-09-14,977568,3.87731e+11,2.02309e+08,20246.4,1.91506e+07,1.56672e+10
2022-09-15,953771,3.77226e+11,2.34169e+08,19696.9,1.91515e+07,1.50119e+10
2022-09-16,933213,3.78098e+11,2.03902e+08,19741.6,1.91523e+07,1.31514e+10
2022-09-17,918990,3.8538e+11,2.70807e+08,20120.7,1.91534e+07,9.42158e+09
2022-09-18,775872,3.72114e+11,2.45319e+08,19427.1,1.91544e+07,1.27544e+10
2022-09-19,912328,3.74637e+11,2.07088e+08,19558,1.91552e+07,1.88294e+10
2022-09-20,952698,3.61533e+11,2.42133e+08,18872.9,1.91561e+07,1.53616e+10
2022-09-21,918372,3.54534e+11,2.24611e+08,18506.8,1.9157e+07,2.09765e+10
2022-09-22,860577,3.7194e+11,2.03902e+08,19414.5,1.91578e+07,1.83454e+10
2022-09-23,968636,3.70277e+11,2.15053e+08,19326.9,1.91587e+07,1.56577e+10
2022-09-24,799441,3.6259e+11,2.32576e+08,18924.8,1.91596e+07,9.57537e+09
2022-09-25,781165,3.60086e+11,2.34169e+08,18793.2,1.91605e+07,8.7169e+09
2022-09-26,938059,3.67921e+11,2.38948e+08,19201.1,1.91614e+07,1.99567e+10
2022-09-27,966074,3.66128e+11,2.05495e+08,19106.7,1.91622e+07,2.8149e+10
2022-09-28,849979,3.72818e+11,2.34114e+08,19454.9,1.91632e+07,2.50707e+10
2022-09-29,874705,3.74482e+11,2.22929e+08,19540.9,1.91641e+07,1.0699e+10
2022-09-30,1.0055e+06,3.72478e+11,2.63461e+08,19435.2,1.91651e+07,1.90446e+10
2022-10-01,867330,3.70136e+11,2.82168e+08,19311.9,1.91663e+07,6.54747e+09
2022-10-02,852250,3.64471e+11,2.44754e+08,19015.3,1.91672e+07,8.20008e+09
2022-10-03,964012,3.76338e+11,2.40077e+08,19633.4,1.91682e+07,1.28662e+10
2022-10-04,932869,3.89901e+11,2.54107e+08,20340,1.91692e+07,1.54806e+10
2022-10-05,891063,3.8638e+11,2.72815e+08,20155.1,1.91703e+07,1.44336e+10
2022-10-06,930050,3.82478e+11,2.47872e+08,19950.5,1.91713e+07,1.54746e+10
2022-10-07,936123,3.74612e+11,2.66579e+08,19539.1,1.91724e+07,1.20192e+10
2022-10-08,815047,3.72275e+11,2.72815e+08,19416.2,1.91735e+07,4.97449e+09
2022-10-09,787417,3.72528e+11,2.46313e+08,19428.4,1.91745e+07,5.41702e+09
2022-10-10,896218,3.67295e+11,2.82819e+08,19154.4,1.91755e+07,1.006e+10
2022-10-11,916599,3.65107e+11,2.77925e+08,19039.3,1.91765e+07,1.12855e+10
2022-10-12,871140,3.67379e+11,2.4252e+08,19156.9,1.91773e+07,9.95275e+09
2022-10-13,933599,3.71824e+11,2.53142e+08,19387.8,1.91782e+07,1.95347e+10
2022-10-14,984001,3.67813e+11,2.76155e+08,19177.7,1.91792e+07,1.83392e+10
2022-10-15,838678,3.65763e+11,2.69074e+08,19069.9,1.91802e+07,5.50277e+09
2022-10-16,769067,3.69461e+11,2.54912e+08,19261.7,1.91811e+07,6.82131e+09
2022-10-17,870371,3.75143e+11,2.65533e+08,19557,1.9182e+07,1.21138e+10
2022-10-18,887194,3.71024e+11,2.51372e+08,19341.4,1.91829e+07,1.42996e+10
2022-10-19,923688,3.67028e+11,2.67304e+08,19132.2,1.91838e+07,9.33934e+09
2022-10-20,893489,3.6515e+11,2.56682e+08,19033.4,1.91847e+07,1.10082e+10
2022-10-21,913925,3.67884e+11,2.76155e+08,19174.9,1.91857e+07,1.45619e+10
2022-10-22,817446,3.68528e+11,2.4075e+08,19207.6,1.91866e+07,4.77478e+09
2022-10-23,803523,3.75412e+11,2.74811e+08,19565.4,1.91875e+07,7.95674e+09
2022-10-24,922514,3.71131e+11,2.49031e+08,19341.5,1.91884e+07,1.20486e+10
2022-10-25,829386,3.85605e+11,2.23396e+08,20095,1.91891e+07,1.98959e+10
2022-10-26,1.05195e+06,3.99097e+11,2.83822e+08,20797,1.91901e+07,2.24583e+10
2022-10-27,895161,3.89196e+11,2.472e+08,20280.2,1.9191e+07,1.76628e+10
2022-10-28,925522,3.95443e+11,2.91147e+08,20604.6,1.91919e+07,1.4984e+10
2022-10-29,871729,3.99286e+11,2.61849e+08,20803.9,1.91928e+07,1.33765e+10
2022-10-30,830676,3.95711e+11,2.472e+08,20616.7,1.91937e+07,9.58166e+09
2022-10-31,980614,3.93317e+11,3.16782e+08,20490.9,1.91948e+07,7.67807e+09
2022-11-01,955117,3.93203e+11,2.6368e+08,20484,1.91957e+07,1.23196e+10
2022-11-02,869056,3.86775e+11,2.23396e+08,20148.3,1.91964e+07,1.92498e+10
2022-11-03,1.00948e+06,3.87752e+11,3.00302e+08,20198.1,1.91975e+07,1.34498e+10
2022-11-04,939102,4.06182e+11,2.36213e+08,21157.2,1.91983e+07,2.336e+10
2022-11-05,916525,4.08626e+11,2.76498e+08,21283.5,1.91992e+07,1.14203e+10
2022-11-06,811578,4.0218e+11,2.50862e+08,20946.8,1.92001e+07,1.01053e+10
2022-11-07,920253,3.94936e+11,2.63169e+08,20568.6,1.9201e+07,1.7228e+10
2022-11-08,1.05101e+06,3.55639e+11,2.97876e+08,18521,1.9202e+07,4.84212e+10
2022-11-09,1.07658e+06,3.02605e+11,2.72291e+08,15758.3,1.92029e+07,4.44706e+10
2022-11-10,1.05687e+06,3.36865e+11,2.68636e+08,17541.6,1.92038e+07,2.96277e+10
2022-11-11,964454,3.24882e+11,2.44879e+08,16916.9,1.92047e+07,1.80857e+10
2022-11-12,942728,3.22104e+11,3.05186e+08,16771.2,1.92057e+07,8.26683e+09
2022-11-13,895185,3.1346e+11,2.35742e+08,16320.5,1.92065e+07,8.42676e+09
2022-11-14,954601,3.19407e+11,2.24777e+08,16629.5,1.92073e+07,1.69973e+10
2022-11-15,986709,3.23767e+11,2.83256e+08,16855.6,1.92083e+07,1.20855e+10
2022-11-16,944275,3.20018e+11,2.74119e+08,16659.6,1.92092e+07,1.14109e+10
2022-11-17,902258,3.20331e+11,2.52189e+08,16675.2,1.92101e+07,8.23705e+09
2022-11-18,955851,3.20083e+11,2.54017e+08,16661.5,1.92109e+07,8.06219e+09
2022-11-19,1.11324e+06,3.20761e+11,2.68636e+08,16696,1.92118e+07,4.0167e+09
2022-11-20,1.01389e+06,3.12147e+11,2.72422e+08,16246.8,1.92128e+07,6.47148e+09
2022-11-21,974239,3.03152e+11,2.3695e+08,15778,1.92136e+07,1.31193e+10
2022-11-22,931145,3.10752e+11,2.31439e+08,16172.9,1.92144e+07,1.03033e+10
2022-11-23,1.05778e+06,3.18475e+11,2.58991e+08,16574.1,1.92152e+07,1.08798e+10
2022-11-24,988182,3.1867e+11,2.3695e+08,16583.5,1.92161e+07,8.06176e+09
2022-11-25,981465,3.17508e+11,2.25929e+08,16522.4,1.92168e+07,7.3714e+09
2022-11-26,892687,3.16102e+11,2.00213e+08,16448.6,1.92175e+07,6.57152e+09
2022-11-27,855437,3.15874e+11,2.49807e+08,16436.1,1.92184e+07,5.73435e+09
2022-11-28,931505,3.11593e+11,2.55318e+08,16212.6,1.92192e+07,1.01852e+10
2022-11-29,955669,3.16036e+11,2.40623e+08,16443,1.922e+07,9.41631e+09
2022-11-30,946754,3.30156e+11,2.53481e+08,17176.9,1.92209e+07,1.28661e+10
2022-12-01,1.03023e+06,3.26028e+11,2.81033e+08,16961.3,1.92219e+07,1.01809e+10
2022-12-02,970221,3.28229e+11,2.29602e+08,17075.1,1.92226e+07,8.81592e+09
2022-12-03,938854,3.24867e+11,2.40623e+08,16899.5,1.92235e+07,7.4851e+09
2022-12-04,842351,3.29154e+11,2.57155e+08,17121.7,1.92243e+07,7.67163e+09
2022-12-05,960563,3.26086e+11,2.68176e+08,16961.4,1.92252e+07,1.06902e+10
2022-12-06,941978,3.28199e+11,2.30617e+08,17070.5,1.92261e+07,9.10615e+09
2022-12-07,899850,3.23944e+11,2.92795e+08,16848.3,1.92272e+07,9.17155e+09
2022-12-08,905789,3.3133e+11,2.84283e+08,17231.5,1.92282e+07,9.59902e+09
2022-12-09,946767,3.29514e+11,2.58749e+08,17136.1,1.92292e+07,9.26151e+09
2022-12-10,909506,3.29301e+11,2.62153e+08,17124.2,1.92301e+07,5.24274e+09
2022-12-11,781176,3.28742e+11,2.50237e+08,17094.4,1.9231e+07,6.18146e+09
2022-12-12,905428,3.30703e+11,2.43428e+08,17195.5,1.92319e+07,8.88476e+09
2022-12-13,974065,3.41864e+11,2.80879e+08,17774.9,1.9233e+07,1.30849e+10
2022-12-14,930586,3.4255e+11,2.5194e+08,17809.7,1.92339e+07,1.22742e+10
2022-12-15,897844,3.33609e+11,2.36619e+08,17344.1,1.92348e+07,9.62873e+09
2022-12-16,893040,3.19428e+11,2.21298e+08,16606.1,1.92356e+07,1.15421e+10
2022-12-17,967830,3.22679e+11,2.34917e+08,16774.4,1.92364e+07,5.90507e+09
2022-12-18,783263,3.22728e+11,2.46833e+08,16776.1,1.92373e+07,4.41052e+09
2022-12-19,971140,3.15971e+11,2.3424e+08,16424.1,1.92382e+07,8.02624e+09
2022-12-20,950486,3.25175e+11,2.46114e+08,16901.8,1.92391e+07,1.05071e+10
2022-12-21,905699,3.23242e+11,2.51388e+08,16800.5,1.924e+07,6.24029e+09
2022-12-22,908585,3.23519e+11,2.37324e+08,16814.2,1.92408e+07,7.0748e+09
2022-12-23,891725,3.22884e+11,2.3205e+08,16780.5,1.92416e+07,6.63648e+09
2022-12-24,758680,3.23992e+11,1.56458e+08,16837.6,1.92422e+07,3.60818e+09
2022-12-25,731599,3.23761e+11,2.47872e+08,16824.8,1.92431e+07,4.48818e+09
2022-12-26,787672,3.24835e+11,2.26776e+08,16879.9,1.92439e+07,4.62977e+09
2022-12-27,867369,3.21364e+11,2.02165e+08,16698.9,1.92446e+07,7.10912e+09
2022-12-28,904203,3.18252e+11,2.95337e+08,16536.3,1.92456e+07,7.93637e+09
2022-12-29,945186,3.20081e+11,2.47872e+08,16630.6,1.92465e+07,6.42359e+09
2022-12-30,1.05076e+06,3.19387e+11,2.77757e+08,16593.7,1.92475e+07,6.86897e+09
2022-12-31,839910,3.18066e+11,2.74241e+08,16524.2,1.92485e+07,4.4189e+09
2023-01-01,719716,3.19671e+11,2.72483e+08,16606.8,1.92495e+07,3.48294e+09
2023-01-02,842261,3.21265e+11,2.74241e+08,16688.7,1.92504e+07,5.22673e+09
2023-01-03,985169,3.20922e+11,2.61568e+08,16670.1,1.92514e+07,6.05065e+09
2023-01-04,922281,3.2437e+11,2.42356e+08,16848.4,1.92523e+07,8.68158e+09
2023-01-05,922508,3.23932e+11,2.66084e+08,16824.8,1.92533e+07,5.73969e+09
2023-01-06,932794,3.26513e+11,3.05064e+08,16957.9,1.92544e+07,7.55665e+09
2023-01-07,809225,3.26236e+11,2.60999e+08,16942.6,1.92554e+07,3.183e+09
2023-01-08,755503,3.28498e+11,2.59304e+08,17059.2,1.92563e+07,4.75827e+09
2023-01-09,981056,3.30884e+11,2.5761e+08,17182.3,1.92573e+07,1.02566e+10
2023-01-10,1.14654e+06,3.35748e+11,2.86421e+08,17433.9,1.92583e+07,8.30056e+09
2023-01-11,944957,3.43464e+11,2.49136e+08,17833.7,1.92592e+07,1.02864e+10
2023-01-12,1.03429e+06,3.63434e+11,2.55915e+08,18869.7,1.92602e+07,2.01512e+10
2023-01-13,1.07206e+06,3.82695e+11,2.69473e+08,19868.7,1.92612e+07,1.61453e+10
2023-01-14,965948,4.04717e+11,2.89811e+08,21010.9,1.92622e+07,2.11885e+10
2023-01-15,807742,4.0214e+11,2.8112e+08,20876,1.92633e+07,9.61792e+09
2023-01-16,966312,4.08023e+11,2.74689e+08,21180.4,1.92642e+07,1.50952e+10
2023-01-17,988775,4.08003e+11,2.91507e+08,21178.3,1.92652e+07,1.40232e+10
2023-01-18,942079,3.98993e+11,2.61608e+08,20709.7,1.9266e+07,1.82218e+10
2023-01-19,926693,4.0599e+11,2.70952e+08,21071.8,1.92669e+07,1.19543e+10
2023-01-20,933005,4.36621e+11,2.46659e+08,22660.7,1.92678e+07,1.69359e+10
2023-01-21,906764,4.39386e+11,2.57871e+08,22803.2,1.92686e+07,1.94027e+10
2023-01-22,863236,4.37733e+11,2.82163e+08,22716.3,1.92696e+07,1.43834e+10
2023-01-23,933346,4.41855e+11,2.95244e+08,22929,1.92706e+07,1.56259e+10
2023-01-24,908199,4.35747e+11,2.41053e+08,22611.1,1.92714e+07,1.57722e+10
2023-01-25,912032,4.45369e+11,3.27011e+08,23109.1,1.92725e+07,1.8527e+10
2023-01-26,892287,4.43456e+11,2.89638e+08,23008.7,1.92734e+07,1.53022e+10
2023-01-27,929064,4.4467e+11,2.87769e+08,23070.5,1.92744e+07,1.46916e+10
2023-01-28,857014,4.43505e+11,3.1393e+08,23008.8,1.92754e+07,7.35897e+09
2023-01-29,829895,4.58297e+11,3.11439e+08,23775,1.92764e+07,1.60012e+10
2023-01-30,957363,4.39511e+11,2.69948e+08,22799.4,1.92773e+07,1.59969e+10
2023-01-31,944348,4.45902e+11,2.24957e+08,23130.1,1.9278e+07,1.3051e+10
2023-02-01,1.05053e+06,4.57434e+11,2.67992e+08,23727.2,1.92789e+07,1.50982e+10
2023-02-02,983946,4.53183e+11,2.83641e+08,23505.6,1.92798e+07,1.92326e+10
2023-02-03,988867,4.5205e+11,2.60167e+08,23445.8,1.92806e+07,1.542e+10
2023-02-04,961115,4.50329e+11,2.66036e+08,23355.5,1.92815e+07,8.11353e+09
2023-02-05,802171,4.42671e+11,2.97334e+08,22957.2,1.92824e+07,1.09172e+10
2023-02-06,920525,4.38603e+11,2.8951e+08,22745.2,1.92833e+07,1.36626e+10
2023-02-07,944049,4.48672e+11,2.77773e+08,23266.3,1.92842e+07,1.60586e+10
2023-02-08,942153,4.42353e+11,2.69948e+08,22937.6,1.92851e+07,1.49537e+10
2023-02-09,1.05697e+06,4.20788e+11,3.16896e+08,21818.2,1.92861e+07,1.94802e+10
2023-02-10,923753,4.16996e+11,2.87553e+08,21620.6,1.9287e+07,1.5583e+10
2023-02-11,896301,4.21728e+11,2.8951e+08,21864.9,1.92879e+07,8.79783e+09
2023-02-12,861493,4.19962e+11,3.15851e+08,21772.1,1.9289e+07,9.79711e+09
2023-02-13,957593,4.20496e+11,3.0365e+08,21798.7,1.92899e+07,1.35939e+10
2023-02-14,913570,4.2869e+11,2.99757e+08,22222.4,1.92909e+07,1.53402e+10
2023-02-15,993456,4.68883e+11,3.17275e+08,24304.6,1.92919e+07,1.88627e+10
2023-02-16,1.11823e+06,4.58064e+11,3.48419e+08,23742.4,1.9293e+07,2.371e+10
2023-02-17,1.05001e+06,4.74776e+11,3.21168e+08,24607.3,1.92941e+07,2.43281e+10
2023-02-18,1.04659e+06,4.75365e+11,3.27008e+08,24636.5,1.92951e+07,9.70654e+09
2023-02-19,928713,4.70189e+11,3.15329e+08,24367,1.92961e+07,1.4576e+10
2023-02-20,908106,4.78525e+11,2.86132e+08,24797.8,1.9297e+07,1.64132e+10
2023-02-21,1.01293e+06,4.70881e+11,3.25061e+08,24400.4,1.92981e+07,1.80442e+10
2023-02-22,931144,4.66335e+11,2.72507e+08,24163.7,1.9299e+07,1.75231e+10
2023-02-23,1.0713e+06,4.61464e+11,3.32847e+08,23910,1.93e+07,1.77578e+10
2023-02-24,964247,4.47314e+11,2.62774e+08,23175.8,1.93009e+07,1.55434e+10
2023-02-25,811239,4.4702e+11,2.2881e+08,23159.8,1.93015e+07,8.12164e+09
2023-02-26,905055,4.54424e+11,3.59557e+08,23542.1,1.93026e+07,8.56002e+09
2023-02-27,982682,4.53712e+11,2.99631e+08,23504.2,1.93035e+07,1.25335e+10
2023-02-28,983627,4.46817e+11,2.9321e+08,23145.9,1.93043e+07,1.10327e+10
2023-03-01,1.07626e+06,4.55813e+11,3.63837e+08,23610.7,1.93054e+07,1.35834e+10
2023-03-02,939444,4.53119e+11,3.08191e+08,23470,1.93063e+07,1.0694e+10
2023-03-03,1.08625e+06,4.31521e+11,3.59557e+08,22350.1,1.93073e+07,1.4982e+10
2023-03-04,905589,4.31237e+11,3.25313e+08,22334.3,1.93083e+07,4.81376e+09
2023-03-05,995537,4.3291e+11,3.31734e+08,22419.8,1.93093e+07,6.43723e+09
2023-03-06,931807,4.3283e+11,2.82509e+08,22414.7,1.93101e+07,8.2336e+09
2023-03-07,1.06302e+06,4.28217e+11,3.53136e+08,22174.6,1.93111e+07,1.23377e+10
2023-03-08,885079,4.19096e+11,2.84649e+08,21701.4,1.93119e+07,1.21083e+10
2023-03-09,929904,3.93012e+11,2.88929e+08,20349.8,1.93128e+07,1.79016e+10
2023-03-10,979055,3.90916e+11,2.91688e+08,20240.4,1.93136e+07,2.38166e+10
2023-03-11,982511,3.97597e+11,3.5722e+08,20585.2,1.93147e+07,1.77423e+10
2023-03-12,886609,4.26219e+11,3.4856e+08,22066,1.93157e+07,1.69242e+10
2023-03-13,999918,4.66583e+11,3.399e+08,24154.4,1.93167e+07,2.96918e+10
2023-03-14,1.02478e+06,4.78477e+11,3.16085e+08,24769,1.93176e+07,3.08307e+10
2023-03-15,1.00673e+06,4.7156e+11,3.1825e+08,24409.8,1.93185e+07,2.63033e+10
2023-03-16,879957,4.83818e+11,2.90106e+08,25043.2,1.93193e+07,1.95146e+10
2023-03-17,1.08542e+06,5.30353e+11,3.1825e+08,27450.6,1.93202e+07,3.12891e+10
2023-03-18,955447,5.21398e+11,3.50725e+08,26985.7,1.93213e+07,1.93993e+10
2023-03-19,845573,5.446e+11,3.20415e+08,28185.2,1.93222e+07,1.9458e+10
2023-03-20,1.01436e+06,5.37847e+11,3.33405e+08,27834.3,1.93231e+07,2.45491e+10
2023-03-21,990544,5.44412e+11,3.1392e+08,28172.8,1.9324e+07,2.07903e+10
2023-03-22,940276,5.28377e+11,3.4423e+08,27341.6,1.9325e+07,1.89647e+10
2023-03-23,902932,5.4863e+11,3.98971e+08,28387.9,1.93262e+07,1.24787e+10
2023-03-24,893101,5.30805e+11,3.77233e+08,27464.1,1.93272e+07,1.5655e+10
2023-03-25,898042,5.31309e+11,3.37647e+08,27489,1.93281e+07,5.11731e+09
2023-03-26,851151,5.42167e+11,3.35318e+08,28049.4,1.9329e+07,5.38948e+09
2023-03-27,1.0576e+06,5.24904e+11,3.44633e+08,27155,1.93299e+07,8.06799e+09
2023-03-28,982699,5.2742e+11,3.12032e+08,27284,1.93308e+07,7.75806e+09
2023-03-29,977852,5.48813e+11,3.42304e+08,28389.3,1.93317e+07,9.5458e+09
2023-03-30,1.02184e+06,5.41731e+11,3.60933e+08,28021.6,1.93327e+07,1.10595e+10
2023-03-31,1.04375e+06,5.5129e+11,3.28332e+08,28514.7,1.93335e+07,8.67426e+09
2023-04-01,1.03886e+06,5.50926e+11,3.26004e+08,28494.6,1.93344e+07,4.15277e+09
2023-04-02,1.012e+06,5.44522e+11,3.46961e+08,28162,1.93353e+07,4.24745e+09
2023-04-03,985157,5.38531e+11,3.05046e+08,27851,1.93362e+07,8.81584e+09
2023-04-04,1.10816e+06,5.43645e+11,3.77233e+08,28114,1.93372e+07,6.27016e+09
2023-04-05,964688,5.45145e+11,3.23675e+08,28190.3,1.9338e+07,7.18394e+09
2023-04-06,1.02287e+06,5.42442e+11,3.75587e+08,28049.1,1.9339e+07,4.98526e+09
2023-04-07,956362,5.40296e+11,3.38033e+08,27936.8,1.93399e+07,3.17794e+09
2023-04-08,885739,5.40849e+11,3.49936e+08,27964.1,1.93408e+07,2.57579e+09
2023-04-09,936112,5.4849e+11,3.47555e+08,28357.8,1.93418e+07,3.86434e+09
2023-04-10,947327,5.74233e+11,2.92803e+08,29687.6,1.93425e+07,7.85929e+09
2023-04-11,1.14615e+06,5.85084e+11,3.66599e+08,30247.1,1.93435e+07,8.96719e+09
2023-04-12,1.05654e+06,5.78652e+11,3.80882e+08,29913,1.93445e+07,8.37445e+09
2023-04-13,1.00967e+06,5.87535e+11,3.38033e+08,30370.8,1.93454e+07,6.98973e+09
2023-04-14,1.01604e+06,5.89267e+11,3.33272e+08,30459,1.93463e+07,9.34924e+09
2023-04-15,1.04566e+06,5.87035e+11,3.76121e+08,30342.1,1.93472e+07,3.70677e+09
2023-04-16,840992,5.86495e+11,2.95184e+08,30312.9,1.9348e+07,4.05247e+09
2023-04-17,984242,5.70205e+11,3.6898e+08,29469.5,1.9349e+07,7.07177e+09
2023-04-18,1.14926e+06,5.876e+11,3.95165e+08,30366.9,1.935e+07,7.94731e+09
2023-04-19,985732,5.57243e+11,3.30891e+08,28796.7,1.93509e+07,1.10218e+10
2023-04-20,951443,5.46711e+11,3.19519e+08,28251.3,1.93517e+07,8.64974e+09
2023-04-21,1.01555e+06,5.28172e+11,3.51118e+08,27292,1.93526e+07,8.53561e+09
2023-04-22,914896,5.38562e+11,3.60805e+08,27827.5,1.93536e+07,4.26027e+09
2023-04-23,840711,5.34274e+11,3.55962e+08,27604.7,1.93545e+07,4.12066e+09
2023-04-24,998948,5.32663e+11,3.41432e+08,27520.2,1.93554e+07,7.05055e+09
2023-04-25,895988,5.47831e+11,3.02688e+08,28302.7,1.93561e+07,6.84744e+09
2023-04-26,893248,5.49432e+11,3.14796e+08,28384.2,1.9357e+07,1.52124e+10
2023-04-27,892914,5.70387e+11,3.14796e+08,29465.6,1.93578e+07,1.23635e+10
2023-04-28,957827,5.68193e+11,3.55962e+08,29350.8,1.93587e+07,7.14433e+09
2023-04-29,803633,5.65715e+11,3.31746e+08,29221.5,1.93595e+07,3.20771e+09
2023-04-30,767567,5.68464e+11,3.58383e+08,29362.1,1.93605e+07,5.50428e+09
2023-05-01,929691,5.44351e+11,4.40714e+08,28115,1.93616e+07,7.8835e+09
2023-05-02,820724,5.55519e+11,3.12374e+08,28690.6,1.93624e+07,6.64663e+09
2023-05-03,953701,5.62408e+11,3.41432e+08,29045,1.93633e+07,8.26521e+09
2023-05-04,914598,5.58771e+11,3.51713e+08,28855.9,1.93642e+07,6.16602e+09
2023-05-05,822037,5.72292e+11,2.83978e+08,29553,1.93649e+07,7.49215e+09
2023-05-06,764917,5.59664e+11,3.55569e+08,28899.5,1.93659e+07,5.93112e+09
2023-05-07,549932,5.57021e+11,3.31705e+08,28761.7,1.93667e+07,3.91187e+09
2023-05-08,696710,5.37011e+11,3.26932e+08,27727.3,1.93676e+07,7.73723e+09
2023-05-09,772112,5.35394e+11,3.60342e+08,27642.4,1.93685e+07,4.88414e+09
2023-05-10,891517,5.35492e+11,4.05683e+08,27646,1.93696e+07,8.49161e+09
2023-05-11,831417,5.22739e+11,3.60342e+08,26986.3,1.93706e+07,6.42528e+09
2023-05-12,809188,5.18638e+11,3.36478e+08,26773.3,1.93714e+07,7.81855e+09
2023-05-13,705679,5.19981e+11,3.46023e+08,26841.4,1.93723e+07,2.83832e+09
2023-05-14,835319,5.21499e+11,4.15228e+08,26918.3,1.93734e+07,2.88268e+09
2023-05-15,817441,5.27595e+11,3.50796e+08,27231.6,1.93743e+07,5.5909e+09
2023-05-16,814467,5.23632e+11,3.65114e+08,27025.7,1.93753e+07,4.76476e+09
2023-05-17,841652,5.30931e+11,3.81819e+08,27401,1.93763e+07,5.81091e+09
2023-05-18,814709,5.20146e+11,3.45152e+08,26843.2,1.93772e+07,6.2128e+09
2023-05-19,904374,5.21068e+11,3.69469e+08,26889.5,1.93781e+07,4.3897e+09
2023-05-20,719434,5.25186e+11,3.2267e+08,27100.9,1.93789e+07,1.91527e+09
2023-05-21,775828,5.18937e+11,3.71932e+08,26777.1,1.93799e+07,2.85439e+09
2023-05-22,817592,5.20543e+11,3.54691e+08,26858.7,1.93808e+07,4.45125e+09
2023-05-23,859507,5.27704e+11,3.79322e+08,27226.9,1.93817e+07,5.50595e+09
2023-05-24,859470,5.10566e+11,3.47301e+08,26341.4,1.93826e+07,7.0966e+09
2023-05-25,923963,5.13371e+11,3.71932e+08,26484.8,1.93836e+07,5.83292e+09
2023-05-26,963216,5.17962e+11,3.76859e+08,26720.4,1.93845e+07,5.00378e+09
2023-05-27,877266,5.20587e+11,3.57154e+08,26854.5,1.93854e+07,2.53859e+09
2023-05-28,863880,5.44711e+11,3.94101e+08,28097.5,1.93864e+07,5.79861e+09
2023-05-29,912071,5.38294e+11,3.99027e+08,27765.1,1.93874e+07,6.11958e+09
2023-05-30,959148,5.37301e+11,3.79322e+08,27712.5,1.93884e+07,5.48448e+09
2023-05-31,925966,5.27732e+11,3.50148e+08,27217.7,1.93893e+07,6.91152e+09
2023-06-01,919298,5.20147e+11,3.36187e+08,26825.4,1.93901e+07,6.36329e+09
2023-06-02,982760,5.2851e+11,4.17687e+08,27255.2,1.93911e+07,6.65269e+09
2023-06-03,873884,5.25123e+11,3.31093e+08,27079.4,1.9392e+07,2.85809e+09
2023-06-04,879948,5.26677e+11,3.76937e+08,27158.3,1.93929e+07,3.47188e+09
2023-06-05,884289,5.00084e+11,3.51468e+08,25785.9,1.93937e+07,1.01485e+10
2023-06-06,1.0329e+06,5.27803e+11,3.84578e+08,27213.8,1.93947e+07,9.61949e+09
2023-06-07,1.00459e+06,5.1087e+11,3.43828e+08,26339.6,1.93955e+07,8.41729e+09
2023-06-08,964762,5.14428e+11,3.92218e+08,26521.7,1.93965e+07,4.61826e+09
2023-06-09,1.02014e+06,5.13466e+11,4.30422e+08,26470.7,1.93975e+07,4.22392e+09
2023-06-10,943047,5.01708e+11,3.92218e+08,25863.2,1.93985e+07,8.25542e+09
2023-06-11,872589,5.0258e+11,4.1514e+08,25906.8,1.93995e+07,3.91264e+09
2023-06-12,985947,5.02604e+11,3.99859e+08,25906.8,1.94005e+07,4.67022e+09
2023-06-13,933842,5.02126e+11,3.7439e+08,25880.9,1.94014e+07,5.87774e+09
2023-06-14,828183,4.86948e+11,3.12666e+08,25097.6,1.94022e+07,5.8633e+09
2023-06-15,919869,4.95927e+11,3.85148e+08,25559.1,1.94031e+07,6.05307e+09
2023-06-16,958674,5.10944e+11,3.9816e+08,26331.8,1.94041e+07,6.02152e+09
2023-06-17,863600,5.14506e+11,3.6433e+08,26514.2,1.94049e+07,3.57824e+09
2023-06-18,883864,5.11422e+11,3.92956e+08,26354,1.94059e+07,2.86721e+09
2023-06-19,920552,5.19676e+11,3.69534e+08,26778.1,1.94068e+07,4.86883e+09
2023-06-20,951926,5.49341e+11,3.5392e+08,28305.4,1.94076e+07,9.16085e+09
2023-06-21,920555,5.84183e+11,3.14885e+08,30099.5,1.94084e+07,1.48256e+10
2023-06-22,1.00099e+06,5.81355e+11,3.56523e+08,29952.5,1.94092e+07,8.68752e+09
2023-06-23,948738,5.94691e+11,3.25294e+08,30638.4,1.941e+07,1.18391e+10
2023-06-24,1.01111e+06,5.92985e+11,3.79944e+08,30549,1.94109e+07,4.8757e+09
2023-06-25,944147,5.91431e+11,3.9816e+08,30467.4,1.94119e+07,5.25675e+09
2023-06-26,998904,5.87351e+11,3.79944e+08,30255.9,1.94128e+07,7.41095e+09
2023-06-27,978594,5.95361e+11,3.6433e+08,30667.1,1.94137e+07,7.23477e+09
2023-06-28,826245,5.8445e+11,2.80122e+08,30104,1.94143e+07,5.90993e+09
2023-06-29,970467,5.91404e+11,3.67575e+08,30460.8,1.94153e+07,4.91494e+09
2023-06-30,1.06704e+06,5.91895e+11,3.97787e+08,30484.5,1.94162e+07,1.17805e+10
2023-07-01,918349,5.93807e+11,3.34846e+08,30581.7,1.94171e+07,2.7266e+09
2023-07-02,997177,5.94083e+11,4.30516e+08,30594.2,1.94181e+07,3.53709e+09
2023-07-03,977874,6.04618e+11,3.44916e+08,31135.4,1.9419e+07,6.04399e+09
2023-07-04,963366,5.98131e+11,3.54987e+08,30799.9,1.94199e+07,4.74845e+09
2023-07-05,964759,5.92294e+11,3.92751e+08,30497.8,1.94209e+07,4.82921e+09
2023-07-06,973154,5.82258e+11,3.49951e+08,29979.7,1.94217e+07,9.65469e+09
2023-07-07,1.02114e+06,5.89092e+11,4.40586e+08,30329.9,1.94228e+07,5.31429e+09
2023-07-08,1.00993e+06,5.87839e+11,4.48139e+08,30263.6,1.94239e+07,2.26121e+09
2023-07-09,978223,5.8592e+11,4.25481e+08,30163.2,1.9425e+07,2.597e+09
2023-07-10,925790,5.90445e+11,3.87716e+08,30394.7,1.9426e+07,6.2153e+09
2023-07-11,937945,5.94776e+11,3.39881e+08,30616.2,1.94268e+07,4.87453e+09
2023-07-12,942309,5.90322e+11,3.83801e+08,30385.6,1.94277e+07,6.23095e+09
2023-07-13,874515,6.10728e+11,3.21593e+08,31434.7,1.94284e+07,1.07904e+10
2023-07-14,996373,5.88915e+11,3.69832e+08,30310.7,1.94293e+07,8.95301e+09
2023-07-15,914738,5.88557e+11,3.69832e+08,30290.9,1.94302e+07,2.26521e+09
2023-07-16,927843,5.87788e+11,4.15391e+08,30249.8,1.94311e+07,2.76412e+09
2023-07-17,931087,5.85753e+11,3.64472e+08,30143.7,1.9432e+07,5.10641e+09
2023-07-18,1.02895e+06,5.79798e+11,4.3415e+08,29835.7,1.9433e+07,5.09486e+09
2023-07-19,969285,5.81328e+11,3.96631e+08,29913,1.94339e+07,4.53264e+09
2023-07-20,901211,5.79264e+11,3.43032e+08,29805.6,1.94347e+07,5.66937e+09
2023-07-21,855163,5.81502e+11,3.00153e+08,29919.7,1.94354e+07,3.70498e+09
2023-07-22,923147,5.77763e+11,3.59112e+08,29726,1.94363e+07,2.21928e+09
2023-07-23,894084,5.8441e+11,3.93951e+08,30066.6,1.94372e+07,3.08304e+09
2023-07-24,938461,5.67173e+11,4.01991e+08,29178.4,1.94381e+07,6.48658e+09
2023-07-25,940528,5.68032e+11,3.69832e+08,29221.3,1.9439e+07,3.44499e+09
2023-07-26,1.01534e+06,5.70786e+11,3.80797e+08,29361.6,1.94399e+07,5.17888e+09
2023-07-27,943734,5.67703e+11,3.58973e+08,29201.7,1.94407e+07,4.15318e+09
2023-07-28,948590,5.69957e+11,3.64176e+08,29316.3,1.94416e+07,4.329e+09
2023-07-29,889450,5.70838e+11,3.43366e+08,29360.4,1.94424e+07,1.93131e+09
2023-07-30,1.01094e+06,5.68972e+11,4.37011e+08,29262.8,1.94435e+07,2.99824e+09
2023-07-31,922082,5.68161e+11,3.66777e+08,29219.8,1.94444e+07,4.79961e+09
2023-08-01,983005,5.73627e+11,3.61574e+08,29499.6,1.94452e+07,7.83605e+09
2023-08-02,1.0699e+06,5.66724e+11,4.00593e+08,29143.2,1.94462e+07,7.87222e+09
2023-08-03,1.03033e+06,5.67708e+11,3.92789e+08,29192.3,1.94472e+07,5.14883e+09
2023-08-04,912508,5.65103e+11,3.14752e+08,29057.3,1.94479e+07,4.71971e+09
2023-08-05,992041,5.6505e+11,4.00593e+08,29053.1,1.94489e+07,2.03002e+09
2023-08-06,973822,5.64982e+11,4.26606e+08,29048,1.94499e+07,2.35355e+09
2023-08-07,952272,5.6727e+11,3.79783e+08,29164.4,1.94508e+07,5.54209e+09
2023-08-08,874562,5.79259e+11,3.25157e+08,29779.5,1.94516e+07,7.29849e+09
2023-08-09,1.05727e+06,5.75465e+11,4.21666e+08,29582.9,1.94526e+07,6.2646e+09
2023-08-10,947623,5.72517e+11,3.30756e+08,29430.2,1.94534e+07,4.53773e+09
2023-08-11,954168,5.71953e+11,3.93261e+08,29399.8,1.94543e+07,3.63553e+09
2023-08-12,926800,5.72294e+11,4.34931e+08,29415.7,1.94554e+07,1.602e+09
2023-08-13,860881,5.69797e+11,3.51591e+08,29286.1,1.94562e+07,1.96961e+09
2023-08-14,1.00772e+06,5.72219e+11,4.45349e+08,29409,1.94573e+07,5.41157e+09
2023-08-15,1.07356e+06,5.67554e+11,4.45349e+08,29167.6,1.94584e+07,4.48888e+09
2023-08-16,947796,5.59541e+11,4.24514e+08,28754.3,1.94594e+07,5.3974e+09
2023-08-17,1.0505e+06,5.18824e+11,4.06283e+08,26660.6,1.94604e+07,1.36872e+10
2023-08-18,1.01646e+06,5.06719e+11,3.62009e+08,26037.4,1.94612e+07,9.61218e+09
2023-08-19,878361,5.07844e+11,3.64613e+08,26094,1.94621e+07,3.64453e+09
2023-08-20,929724,5.09476e+11,4.2191e+08,26176.5,1.94631e+07,2.73427e+09
2023-08-21,1.00238e+06,5.08577e+11,4.29723e+08,26128.9,1.94641e+07,4.87916e+09
2023-08-22,922178,5.05667e+11,3.8174e+08,25978.2,1.9465e+07,5.53945e+09
2023-08-23,937656,5.14917e+11,3.92624e+08,26452.2,1.94659e+07,6.33803e+09
2023-08-24,946410,5.08605e+11,3.84329e+08,26126.8,1.94668e+07,4.58426e+09
2023-08-25,922155,5.06955e+11,3.73269e+08,26040.9,1.94676e+07,4.68462e+09
2023-08-26,917123,5.06301e+11,3.78799e+08,26006.2,1.94685e+07,1.36486e+09
2023-08-27,808508,5.07881e+11,3.20735e+08,26086.4,1.94692e+07,1.63478e+09
2023-08-28,873786,5.0823e+11,3.26265e+08,26103.3,1.947e+07,3.67537e+09
2023-08-29,1.061e+06,5.38804e+11,4.36863e+08,27672.2,1.94709e+07,1.18541e+10
2023-08-30,877649,5.31559e+11,3.48385e+08,27299,1.94717e+07,6.17973e+09
2023-08-31,968985,5.0541e+11,3.98154e+08,25954.9,1.94726e+07,8.20962e+09
2023-09-01,1.05117e+06,5.02473e+11,4.17509e+08,25802.8,1.94736e+07,6.90213e+09
2023-09-02,955720,5.03773e+11,4.20273e+08,25868.3,1.94745e+07,2.92984e+09
2023-09-03,864433,5.05634e+11,4.36863e+08,25962.5,1.94755e+07,3.08986e+09
2023-09-04,920027,5.02483e+11,4.11979e+08,25799.5,1.94764e+07,3.6781e+09
2023-09-05,940913,5.02169e+11,3.42855e+08,25782.4,1.94772e+07,3.71206e+09
2023-09-06,1.00112e+06,5.01654e+11,3.64054e+08,25754.8,1.94781e+07,4.65698e+09
2023-09-07,1.00331e+06,5.10556e+11,3.93005e+08,26210.6,1.9479e+07,3.72307e+09
2023-09-08,986937,5.04619e+11,3.58012e+08,25904.7,1.94798e+07,3.50724e+09
2023-09-09,1.11633e+06,5.04447e+11,4.06465e+08,25894.6,1.94808e+07,1.18765e+09
2023-09-10,1.04936e+06,5.0324e+11,3.95697e+08,25831.5,1.94817e+07,2.26338e+09
2023-09-11,1.12061e+06,4.89698e+11,4.27999e+08,25135,1.94827e+07,5.41722e+09
2023-09-12,1.04254e+06,5.03839e+11,3.79546e+08,25859.7,1.94835e+07,7.23987e+09
2023-09-13,1.0491e+06,5.11017e+11,3.95697e+08,26226.9,1.94845e+07,4.27999e+09
2023-09-14,1.131e+06,5.17458e+11,4.36075e+08,26556.1,1.94855e+07,4.69609e+09
2023-09-15,1.2343e+06,5.1976e+11,5.06062e+08,26672.6,1.94867e+07,3.42412e+09
2023-09-16,1.05371e+06,5.17506e+11,4.17232e+08,26555.6,1.94876e+07,1.74459e+09
2023-09-17,1.03921e+06,5.16494e+11,4.01081e+08,26502.4,1.94886e+07,1.49061e+09
2023-09-18,1.12517e+06,5.2163e+11,4.19924e+08,26764.6,1.94895e+07,5.56064e+09
2023-09-19,1.03595e+06,5.30432e+11,3.86416e+08,27215.1,1.94904e+07,4.91325e+09
2023-09-20,1.06206e+06,5.28866e+11,4.14559e+08,27133.4,1.94913e+07,4.63352e+09
2023-09-21,1.07848e+06,5.17938e+11,3.91843e+08,26571.6,1.94922e+07,4.27612e+09
2023-09-22,978848,5.18146e+11,3.66288e+08,26581.1,1.9493e+07,2.8436e+09
2023-09-23,1.09019e+06,5.18067e+11,4.42953e+08,26575.8,1.9494e+07,1.16611e+09
2023-09-24,1.06116e+06,5.12455e+11,4.14559e+08,26286.6,1.94949e+07,2.09576e+09
2023-09-25,1.10412e+06,5.12521e+11,4.11719e+08,26288.8,1.94958e+07,4.05174e+09
2023-09-26,1.02767e+06,5.10705e+11,3.86164e+08,26194.5,1.94966e+07,2.8343e+09
2023-09-27,1.07209e+06,5.13491e+11,4.45793e+08,26336.1,1.94976e+07,4.84526e+09
2023-09-28,1.04592e+06,5.27112e+11,4.14559e+08,27033.4,1.94985e+07,5.96404e+09
2023-09-29,1.05087e+06,5.24754e+11,4.17398e+08,26911.3,1.94994e+07,4.36132e+09
2023-09-30,1.01975e+06,5.26073e+11,3.91843e+08,26977.7,1.95003e+07,1.75581e+09
2023-10-01,921731,5.45061e+11,4.00362e+08,27950.1,1.95012e+07,3.78942e+09
2023-10-02,1.02708e+06,5.37594e+11,4.45793e+08,27565.9,1.95022e+07,8.72718e+09
2023-10-03,1.07756e+06,5.35151e+11,4.66801e+08,27439.1,1.95032e+07,4.94748e+09
2023-10-04,904067,5.42158e+11,3.7328e+08,27797.3,1.9504e+07,4.80233e+09
2023-10-05,946720,5.34948e+11,4.01775e+08,27426.3,1.95049e+07,5.3325e+09
2023-10-06,915218,5.45033e+11,4.55915e+08,27942,1.95059e+07,6.07101e+09
2023-10-07,853582,5.45663e+11,4.87259e+08,27972.8,1.9507e+07,2.61659e+09
2023-10-08,786381,5.44979e+11,4.21721e+08,27936.3,1.95079e+07,3.25472e+09
2023-10-09,942188,5.38276e+11,4.44517e+08,27591.3,1.95089e+07,5.45762e+09
2023-10-10,903210,5.34957e+11,4.61614e+08,27419.8,1.95099e+07,4.5144e+09
2023-10-11,867301,5.23441e+11,4.55915e+08,26828.2,1.95109e+07,6.26091e+09
2023-10-12,911879,5.21774e+11,4.70162e+08,26741.3,1.95119e+07,4.28751e+09
2023-10-13,917035,5.2377e+11,3.93227e+08,26842.4,1.95128e+07,4.54416e+09
2023-10-14,806946,5.24176e+11,4.16022e+08,26862,1.95137e+07,1.88281e+09
2023-10-15,795940,5.2944e+11,4.75861e+08,27130.3,1.95147e+07,2.82066e+09
2023-10-16,1.01854e+06,5.56327e+11,4.17079e+08,28506.8,1.95156e+07,1.23242e+10
2023-10-17,917408,5.5492e+11,4.91484e+08,28433.2,1.95166e+07,6.38246e+09
2023-10-18,932487,5.52894e+11,4.39908e+08,28328.1,1.95175e+07,5.49862e+09
2023-10-19,918882,5.5999e+11,4.24739e+08,28690.4,1.95184e+07,6.30446e+09
2023-10-20,952627,5.79818e+11,4.06536e+08,29705,1.95192e+07,9.62746e+09
2023-10-21,871252,5.84093e+11,4.55078e+08,29922.5,1.95202e+07,4.90862e+09
2023-10-22,795000,5.85325e+11,4.64179e+08,29984.2,1.95211e+07,4.35734e+09
2023-10-23,1.07167e+06,6.43335e+11,4.76315e+08,32954.2,1.95221e+07,1.65654e+10
2023-10-24,1.02119e+06,6.61454e+11,3.82265e+08,33881,1.95229e+07,1.95765e+10
2023-10-25,1.09047e+06,6.73349e+11,4.36875e+08,34488.7,1.95238e+07,1.13147e+10
2023-10-26,1.09937e+06,6.67384e+11,4.55078e+08,34181.5,1.95247e+07,8.61539e+09
2023-10-27,1.05299e+06,6.61861e+11,4.67213e+08,33896.9,1.95257e+07,7.10574e+09
2023-10-28,1.01857e+06,6.65696e+11,4.85416e+08,34091.6,1.95267e+07,3.71727e+09
2023-10-29,909920,6.75152e+11,4.15638e+08,34574.3,1.95275e+07,4.17295e+09
2023-10-30,1.09749e+06,6.73638e+11,4.82896e+08,34495.1,1.95285e+07,6.95795e+09
2023-10-31,1.0445e+06,6.76432e+11,4.81287e+08,34636.4,1.95295e+07,6.88352e+09
2023-11-01,1.05303e+06,6.92002e+11,4.62656e+08,35432,1.95304e+07,9.54862e+09
2023-11-02,1.06299e+06,6.8131e+11,4.47131e+08,34882.9,1.95313e+07,9.26271e+09
2023-11-03,990903,6.77927e+11,4.2229e+08,34708.2,1.95322e+07,7.09597e+09
2023-11-04,1.11882e+06,6.85442e+11,5.21653e+08,35091.1,1.95332e+07,3.37487e+09
2023-11-05,1.14444e+06,6.8575e+11,5.06127e+08,35105,1.95342e+07,4.82279e+09
2023-11-06,993108,6.84072e+11,3.94345e+08,35017.7,1.9535e+07,5.08327e+09
2023-11-07,961106,6.91931e+11,4.12975e+08,35418.5,1.95359e+07,7.3512e+09
2023-11-08,1.00481e+06,6.99376e+11,4.62656e+08,35797.9,1.95368e+07,6.91167e+09
2023-11-09,989778,7.16551e+11,4.44026e+08,36675.3,1.95377e+07,1.59481e+10
2023-11-10,1.1272e+06,7.30111e+11,4.78182e+08,37367.5,1.95387e+07,8.91438e+09
2023-11-11,1.07348e+06,7.22575e+11,4.96812e+08,36979.9,1.95397e+07,5.09765e+09
2023-11-12,1.00866e+06,7.24047e+11,5.06634e+08,37053.3,1.95407e+07,4.17208e+09
2023-11-13,963722,7.14107e+11,3.89038e+08,36543.3,1.95414e+07,7.86772e+09
2023-11-14,957065,6.95523e+11,4.43696e+08,35590.7,1.95423e+07,1.00736e+10
2023-11-15,961281,7.39526e+11,4.75848e+08,37840.6,1.95432e+07,1.09788e+10
2023-11-16,933700,7.06724e+11,4.75848e+08,36160.4,1.95441e+07,1.08435e+10
2023-11-17,1.01405e+06,7.14758e+11,4.82279e+08,36569.7,1.95451e+07,8.60948e+09
2023-11-18,860889,7.14942e+11,4.79063e+08,36577.4,1.9546e+07,3.82065e+09
2023-11-19,962703,7.31895e+11,5.46582e+08,37442.7,1.95471e+07,4.36544e+09
2023-11-20,1.06491e+06,7.33367e+11,5.33722e+08,37516.1,1.95481e+07,8.63333e+09
2023-11-21,1.0075e+06,7.04451e+11,4.88709e+08,36035,1.9549e+07,1.13457e+10
2023-11-22,979014,7.31227e+11,4.56557e+08,37403,1.95499e+07,9.69682e+09
2023-11-23,970303,7.29476e+11,4.72633e+08,37311.7,1.95509e+07,5.66176e+09
2023-11-24,1.13681e+06,7.37474e+11,5.40152e+08,37718.8,1.95519e+07,9.28327e+09
2023-11-25,1.0327e+06,7.39102e+11,5.11704e+08,37800.1,1.95529e+07,2.93566e+09
2023-11-26,983533,7.3293e+11,4.93217e+08,37482.7,1.95538e+07,4.74968e+09
2023-11-27,981736,7.28004e+11,4.39166e+08,37229.2,1.95546e+07,7.48978e+09
2023-11-28,996007,7.39756e+11,4.96595e+08,37828.5,1.95555e+07,8.68278e+09
2023-11-29,915309,7.40148e+11,4.59435e+08,37846.9,1.95564e+07,7.82512e+09
2023-11-30,958958,7.37556e+11,4.52679e+08,37712.7,1.95572e+07,5.93939e+09
2023-12-01,1.13152e+06,7.56975e+11,5.70916e+08,38703.6,1.95583e+07,9.34757e+09
2023-12-02,860355,7.71846e+11,4.29031e+08,39462.3,1.95591e+07,5.94941e+09
2023-12-03,919493,7.81979e+11,5.57403e+08,39978.2,1.95601e+07,6.09392e+09
2023-12-04,1.03466e+06,8.19811e+11,5.23621e+08,41910.3,1.95611e+07,1.59883e+10
2023-12-05,867570,8.62036e+11,4.66192e+08,44067,1.95619e+07,1.59485e+10
2023-12-06,867353,8.55791e+11,4.59435e+08,43745.8,1.95628e+07,1.33244e+10
2023-12-07,898183,8.4676e+11,3.88493e+08,43282.6,1.95635e+07,1.15737e+10
2023-12-08,924415,8.64843e+11,4.56057e+08,44205.1,1.95644e+07,1.0162e+10
2023-12-09,927620,8.55788e+11,5.30377e+08,43740,1.95653e+07,6.79766e+09
2023-12-10,848613,8.55684e+11,4.69157e+08,43732.7,1.95662e+07,4.82357e+09
2023-12-11,1.01074e+06,8.06362e+11,5.28636e+08,41209.9,1.95672e+07,1.72602e+10
2023-12-12,886419,8.11436e+11,4.81794e+08,41467.3,1.95681e+07,1.09418e+10
2023-12-13,742559,8.40276e+11,4.98523e+08,42939.1,1.9569e+07,1.1726e+10
2023-12-14,711343,8.42156e+11,4.88486e+08,43033.1,1.95699e+07,1.13118e+10
2023-12-15,860116,8.21552e+11,5.45365e+08,41978.1,1.9571e+07,8.60845e+09
2023-12-16,724669,8.25998e+11,5.08561e+08,42203.2,1.95719e+07,6.09349e+09
2023-12-17,703993,8.10877e+11,5.01869e+08,41428.7,1.95728e+07,7.02138e+09
2023-12-18,928612,8.34548e+11,5.62094e+08,42635.7,1.95739e+07,1.14943e+10
2023-12-19,817240,8.27468e+11,5.42019e+08,42271.9,1.95749e+07,1.06213e+10
2023-12-20,787679,8.53607e+11,4.8514e+08,43605.2,1.95758e+07,1.27228e+10
2023-12-21,815395,8.58836e+11,4.88486e+08,43870.2,1.95767e+07,1.03204e+10
2023-12-22,1.01212e+06,8.61608e+11,5.62094e+08,44009.5,1.95778e+07,8.96513e+09
2023-12-23,893092,8.5694e+11,5.61496e+08,43768.8,1.95788e+07,4.51514e+09
2023-12-24,880971,8.43849e+11,6.12085e+08,43097.8,1.95798e+07,6.19901e+09
2023-12-25,702609,8.54184e+11,4.97543e+08,43623.8,1.95807e+07,7.19393e+09
2023-12-26,742922,8.32044e+11,4.97543e+08,42491.1,1.95816e+07,1.07309e+10
2023-12-27,776011,8.506e+11,4.61748e+08,43437,1.95824e+07,9.34406e+09
2023-12-28,848615,8.35626e+11,4.33113e+08,42670.7,1.95831e+07,9.73485e+09
2023-12-29,910761,8.22505e+11,5.40496e+08,41998.6,1.95841e+07,1.0997e+10
2023-12-30,787521,8.26575e+11,5.1902e+08,42204.5,1.9585e+07,6.62715e+09
2023-12-31,791644,8.26864e+11,5.58393e+08,42217.2,1.9586e+07,6.83709e+09
2024-01-01,827239,8.62795e+11,5.54814e+08,44049.5,1.95869e+07,7.25055e+09
2024-01-02,867688,8.80297e+11,4.68907e+08,44941.2,1.95878e+07,1.70815e+10
2024-01-03,940343,8.37882e+11,5.65552e+08,42773.7,1.95887e+07,1.95537e+10
2024-01-04,1.01093e+06,8.66864e+11,6.08506e+08,44250.7,1.95898e+07,1.40392e+10
2024-01-05,813324,8.64856e+11,4.93963e+08,44146.3,1.95907e+07,1.45881e+10
2024-01-06,808917,8.60421e+11,5.09355e+08,43918,1.95915e+07,6.2479e+09
2024-01-07,713381,8.59008e+11,4.29364e+08,43844.2,1.95923e+07,7.43134e+09
2024-01-08,756849,9.20508e+11,4.47557e+08,46981.3,1.95931e+07,1.85423e+10
2024-01-09,902934,9.0297e+11,5.53078e+08,46084,1.9594e+07,1.91553e+10
2024-01-10,839431,9.17394e+11,4.83944e+08,46818.2,1.95948e+07,2.47153e+10
2024-01-11,960999,9.08876e+11,6.29491e+08,46380.9,1.95959e+07,2.24112e+10
2024-01-12,987727,8.39092e+11,6.11297e+08,42817.4,1.9597e+07,2.12132e+10
2024-01-13,845713,8.39713e+11,5.78549e+08,42847,1.9598e+07,9.33712e+09
2024-01-14,722721,8.20956e+11,4.6575e+08,41888.2,1.95988e+07,7.57365e+09
2024-01-15,786699,8.33544e+11,4.14809e+08,42528.9,1.95995e+07,9.92856e+09
2024-01-16,782242,8.46171e+11,4.54834e+08,43171.4,1.96003e+07,1.09096e+10
2024-01-17,809220,8.36754e+11,4.4028e+08,42689.3,1.9601e+07,9.95602e+09
2024-01-18,897358,8.08812e+11,5.16692e+08,41261.9,1.96019e+07,1.22549e+10
2024-01-19,806018,8.15608e+11,4.80305e+08,41606.9,1.96027e+07,1.24728e+10
2024-01-20,817313,8.16857e+11,5.12669e+08,41668.7,1.96036e+07,4.73428e+09
2024-01-21,767739,8.14314e+11,4.89551e+08,41537.1,1.96045e+07,3.51621e+09
2024-01-22,951076,7.75929e+11,5.59487e+08,39577.1,1.96055e+07,1.60416e+10
2024-01-23,865990,7.79108e+11,5.38506e+08,39737.3,1.96065e+07,1.40348e+10
2024-01-24,899326,7.86293e+11,5.24519e+08,40101.9,1.96074e+07,1.02936e+10
2024-01-25,1.1014e+06,7.82726e+11,6.3292e+08,39917.7,1.96085e+07,8.33684e+09
2024-01-26,892906,8.20867e+11,5.31513e+08,41860.7,1.96095e+07,1.18367e+10
2024-01-27,965883,8.261e+11,5.97952e+08,42125.3,1.96105e+07,4.27796e+09
2024-01-28,898096,8.23352e+11,5.59487e+08,41983,1.96115e+07,7.45249e+09
2024-01-29,959589,8.47621e+11,5.455e+08,43218.3,1.96125e+07,9.28734e+09
2024-01-30,907924,8.42397e+11,5.03539e+08,42950.1,1.96134e+07,1.16888e+10
2024-01-31,870798,8.3536e+11,4.5808e+08,42589.5,1.96142e+07,1.24006e+10
2024-02-01,933880,8.43853e+11,5.3501e+08,43020.4,1.96152e+07,1.04651e+10
2024-02-02,932903,8.46552e+11,6.774e+08,43155.4,1.96164e+07,8.98273e+09
2024-02-03,820828,8.43199e+11,5.66738e+08,42982.4,1.96173e+07,5.56627e+09
2024-02-04,802004,8.35274e+11,5.81751e+08,42576.3,1.96183e+07,7.27756e+09
2024-02-05,852467,8.36158e+11,5.85504e+08,42619.3,1.96193e+07,9.40637e+09
2024-02-06,865722,8.45689e+11,6.3805e+08,43102.7,1.96203e+07,8.19009e+09
2024-02-07,901234,8.68303e+11,6.00517e+08,44253,1.96213e+07,1.00025e+10
2024-02-08,818130,8.89514e+11,5.17946e+08,45332.1,1.96222e+07,1.25977e+10
2024-02-09,950564,9.25764e+11,6.23037e+08,47177,1.96232e+07,1.98419e+10
2024-02-10,963958,9.37896e+11,5.70491e+08,47792.9,1.96242e+07,7.70358e+09
2024-02-11,840255,9.45942e+11,5.14193e+08,48200.8,1.9625e+07,9.60368e+09
2024-02-12,1.01356e+06,9.81107e+11,6.71829e+08,49989.8,1.96261e+07,1.73655e+10
2024-02-13,843469,9.7405e+11,5.06686e+08,49628.1,1.9627e+07,1.56914e+10
2024-02-14,803805,1.01759e+12,5.21699e+08,51844.3,1.96279e+07,1.69401e+10
2024-02-15,892019,1.01951e+12,6.06891e+08,51939.1,1.96288e+07,1.7451e+10
2024-02-16,836256,1.02383e+12,5.44387e+08,52157.3,1.96297e+07,1.30407e+10
2024-02-17,850883,1.01441e+12,6.09388e+08,51674.8,1.96306e+07,9.00543e+09
2024-02-18,748090,1.02374e+12,4.91573e+08,52148.1,1.96314e+07,7.5267e+09
2024-02-19,867774,1.01704e+12,5.52512e+08,51804.8,1.96322e+07,9.86369e+09
2024-02-20,866223,1.02697e+12,5.72825e+08,52308.1,1.96331e+07,1.58839e+10
2024-02-21,821320,1.01595e+12,5.60637e+08,51744.3,1.9634e+07,1.3514e+10
2024-02-22,855859,1.00711e+12,5.48449e+08,51292.3,1.96348e+07,1.20105e+10
2024-02-23,938307,9.97285e+11,6.45951e+08,50789.1,1.96358e+07,1.00991e+10
2024-02-24,819174,1.01282e+12,5.56574e+08,51578.2,1.96367e+07,5.4025e+09
2024-02-25,894568,1.01618e+12,6.66264e+08,51746.5,1.96377e+07,6.18882e+09
2024-02-26,887140,1.07132e+12,5.40324e+08,54551.8,1.96385e+07,1.62879e+10
2024-02-27,917983,1.12042e+12,5.24074e+08,57049.9,1.96393e+07,2.34601e+10
2024-02-28,1.05424e+06,1.22674e+12,6.05325e+08,62460.7,1.96402e+07,3.77482e+10
2024-02-29,989364,1.20586e+12,5.40324e+08,61394.8,1.96411e+07,2.9592e+10
2024-03-01,1.0585e+06,1.22811e+12,6.07464e+08,62524.4,1.9642e+07,1.77123e+10
2024-03-02,843207,1.21883e+12,5.00961e+08,62049.6,1.96428e+07,1.07845e+10
2024-03-03,868123,1.23739e+12,6.11408e+08,62991.4,1.96438e+07,1.22961e+10
2024-03-04,889591,1.33764e+12,5.0885e+08,68091.8,1.96446e+07,3.4124e+10
2024-03-05,1.16388e+06,1.25635e+12,6.58743e+08,63950.5,1.96457e+07,5.07647e+10
2024-03-06,922558,1.29871e+12,5.5224e+08,66103.7,1.96465e+07,3.50338e+10
2024-03-07,1.03478e+06,1.31778e+12,7.10023e+08,67070.4,1.96477e+07,2.23365e+10
2024-03-08,947450,1.34286e+12,6.07464e+08,68343.7,1.96486e+07,2.92225e+10
2024-03-09,915625,1.34605e+12,6.42965e+08,68502.5,1.96496e+07,9.19904e+09
2024-03-10,862638,1.35357e+12,5.64074e+08,68882.3,1.96505e+07,1.68099e+10
2024-03-11,1.15072e+06,1.41881e+12,6.70577e+08,72198.1,1.96516e+07,3.33311e+10
2024-03-12,1.01639e+06,1.40383e+12,5.56185e+08,71432.7,1.96525e+07,3.07059e+10
2024-03-13,1.0935e+06,1.43631e+12,6.31131e+08,73081.6,1.96535e+07,2.21605e+10
2024-03-14,1.00063e+06,1.40539e+12,5.80863e+08,71505.3,1.96544e+07,3.02405e+10
2024-03-15,963220,1.36456e+12,5.2998e+08,69424.9,1.96551e+07,4.03606e+10
2024-03-16,916345,1.28617e+12,6.00923e+08,65433.7,1.9656e+07,2.30044e+10
2024-03-17,861558,1.34228e+12,6.09269e+08,68285.1,1.9657e+07,2.12293e+10
2024-03-18,910571,1.33223e+12,6.00923e+08,67770.9,1.96579e+07,2.42656e+10
2024-03-19,974102,1.21824e+12,6.55173e+08,61969.3,1.96588e+07,3.8739e+10
2024-03-20,942142,1.33388e+12,6.21788e+08,67848.1,1.96598e+07,3.21236e+10
2024-03-21,819742,1.28687e+12,5.00769e+08,65454.7,1.96605e+07,2.14879e+10
2024-03-22,915500,1.24823e+12,5.63365e+08,63486.5,1.96614e+07,1.97214e+10
2024-03-23,908728,1.26549e+12,6.50999e+08,64361.2,1.96623e+07,1.17648e+10
2024-03-24,918817,1.32314e+12,7.09422e+08,67289.6,1.96634e+07,1.29119e+10
2024-03-25,918815,1.37732e+12,5.50846e+08,70042,1.96642e+07,2.13295e+10
2024-03-26,851577,1.37795e+12,5.59192e+08,70071,1.96651e+07,1.72847e+10
2024-03-27,865580,1.36222e+12,5.67538e+08,69267.9,1.96659e+07,2.04515e+10
2024-03-28,942681,1.39294e+12,6.30471e+08,70826.9,1.96669e+07,1.59761e+10
2024-03-29,847610,1.37511e+12,5.95046e+08,69917,1.96678e+07,1.19992e+10
2024-03-30,826192,1.37018e+12,6.40501e+08,69663,1.96687e+07,7.92655e+09
2024-03-31,691124,1.40101e+12,5.6612e+08,71227.5,1.96696e+07,9.2033e+09
2024-04-01,970510,1.37284e+12,6.1984e+08,69791.6,1.96705e+07,1.73977e+10
2024-04-02,953501,1.28914e+12,6.11575e+08,65533.8,1.96715e+07,2.55088e+10
2024-04-03,965290,1.30094e+12,5.86782e+08,66130.2,1.96723e+07,1.71288e+10
2024-04-04,978380,1.3464e+12,5.70253e+08,68438.1,1.96732e+07,1.6736e+10
2024-04-05,950040,1.33597e+12,6.11575e+08,67904.9,1.96741e+07,1.63473e+10
2024-04-06,907389,1.36026e+12,6.40501e+08,69136.1,1.96751e+07,8.8283e+09
2024-04-07,833045,1.36538e+12,7.02485e+08,69392.7,1.96762e+07,9.40677e+09
2024-04-08,896193,1.4111e+12,6.52898e+08,71712.8,1.96771e+07,1.76686e+10
2024-04-09,890535,1.35925e+12,6.03311e+08,69074.5,1.96781e+07,1.83766e+10
2024-04-10,846297,1.38893e+12,6.27215e+08,70579.4,1.9679e+07,1.88328e+10
2024-04-11,748021,1.3785e+12,5.66861e+08,70046.6,1.96798e+07,1.43748e+10
2024-04-12,832502,1.32054e+12,5.84038e+08,67098.1,1.96807e+07,2.20159e+10
2024-04-13,869723,1.27049e+12,7.04281e+08,64551.6,1.96817e+07,2.65727e+10
2024-04-14,839158,1.29214e+12,6.74221e+08,65648.8,1.96827e+07,2.27695e+10
2024-04-15,813736,1.24781e+12,6.0551e+08,63393.3,1.96836e+07,2.01229e+10
2024-04-16,941086,1.25558e+12,7.08576e+08,63784.8,1.96846e+07,1.98557e+10
2024-04-17,794595,1.2072e+12,5.88333e+08,61324.2,1.96855e+07,2.10326e+10
2024-04-18,823945,1.25028e+12,6.22688e+08,63510.1,1.96864e+07,1.67292e+10
2024-04-19,880733,1.25531e+12,6.48454e+08,63762.6,1.96873e+07,2.42901e+10
2024-04-20,509709,1.27789e+12,5.58272e+08,64908,1.96877e+07,1.02098e+10
2024-04-21,565959,1.2791e+12,6.01216e+08,64968.2,1.96881e+07,9.47464e+09
2024-04-22,659537,1.31805e+12,6.52749e+08,66944.6,1.96886e+07,1.3646e+10
2024-04-23,547174,1.30707e+12,7.21459e+08,66385.3,1.96891e+07,1.21944e+10
2024-04-24,835569,1.26388e+12,6.72199e+08,64190,1.96896e+07,1.58811e+10
2024-04-25,818807,1.27031e+12,6.26295e+08,64515.4,1.96901e+07,1.77314e+10
2024-04-26,847289,1.25581e+12,5.82498e+08,63777.5,1.96905e+07,1.14643e+10
2024-04-27,856864,1.24898e+12,6.13156e+08,63429.3,1.96909e+07,8.37351e+09
2024-04-28,707117,1.24013e+12,6.13156e+08,62978.6,1.96914e+07,7.49152e+09
2024-04-29,856192,1.25847e+12,5.73738e+08,63908.4,1.96918e+07,1.30563e+10
2024-04-30,827915,1.19406e+12,6.17535e+08,60636.3,1.96922e+07,1.87604e+10
2024-05-01,781183,1.14496e+12,5.78118e+08,58141.8,1.96926e+07,2.47375e+10
2024-05-02,744998,1.16524e+12,6.35054e+08,59170.1,1.96931e+07,1.58293e+10
2024-05-03,731936,1.24037e+12,5.64979e+08,62983.7,1.96935e+07,1.63272e+10
2024-05-04,613171,1.25807e+12,6.17535e+08,63881.1,1.96939e+07,9.02973e+09
2024-05-05,573428,1.26177e+12,6.08776e+08,64067.6,1.96944e+07,7.75375e+09
2024-05-06,670316,1.24526e+12,5.34321e+08,63228.1,1.96947e+07,1.40931e+10
2024-05-07,702887,1.22892e+12,5.34321e+08,62397,1.96951e+07,1.32208e+10
2024-05-08,697417,1.20299e+12,5.5622e+08,61079.3,1.96955e+07,1.34786e+10
2024-05-09,671205,1.24082e+12,6.12636e+08,62998.5,1.9696e+07,1.1741e+10
2024-05-10,606931,1.19945e+12,5.99332e+08,60896.6,1.96964e+07,1.29134e+10
2024-05-11,612137,1.19843e+12,6.57199e+08,60843.6,1.96969e+07,5.45505e+09
2024-05-12,573640,1.21003e+12,5.45599e+08,61431.3,1.96973e+07,5.50909e+09
2024-05-13,746125,1.23873e+12,6.07599e+08,62886.9,1.96978e+07,1.32113e+10
2024-05-14,686207,1.21253e+12,5.62132e+08,61555.6,1.96982e+07,1.21137e+10
2024-05-15,714393,1.30566e+12,5.82799e+08,66281.5,1.96987e+07,1.71729e+10
2024-05-16,689540,1.28575e+12,5.86932e+08,65269.3,1.96991e+07,1.29064e+10
2024-05-17,743911,1.31901e+12,6.40666e+08,66956.4,1.96996e+07,1.18116e+10
2024-05-18,650957,1.31946e+12,5.29066e+08,66977.6,1.97e+07,5.87835e+09
2024-05-19,637953,1.30534e+12,6.36532e+08,66259.5,1.97005e+07,7.04187e+09
2024-05-20,706063,1.40275e+12,6.44799e+08,71202.2,1.97009e+07,1.84901e+10
2024-05-21,746087,1.38338e+12,5.70399e+08,70217.3,1.97014e+07,1.88355e+10
2024-05-22,709347,1.3609e+12,6.32399e+08,69074.9,1.97019e+07,1.42986e+10
2024-05-23,728396,1.33501e+12,7.06501e+08,67758.7,1.97024e+07,1.84781e+10
2024-05-24,663534,1.3518e+12,6.7114e+08,68609,1.97029e+07,1.2172e+10
2024-05-25,591356,1.36511e+12,6.7114e+08,69282.8,1.97034e+07,5.64752e+09
2024-05-26,538911,1.34863e+12,7.04697e+08,68445,1.97039e+07,5.80595e+09
2024-05-27,612909,1.36645e+12,5.15939e+08,69347.8,1.97043e+07,1.05999e+10
2024-05-28,653177,1.34668e+12,5.6208e+08,68342.8,1.97047e+07,1.3217e+10
2024-05-29,559784,1.33176e+12,5.74664e+08,67584.3,1.97051e+07,1.13815e+10
2024-05-30,649063,1.34737e+12,5.15939e+08,68375.5,1.97055e+07,1.23998e+10
2024-05-31,656289,1.32775e+12,6.20805e+08,67377.8,1.9706e+07,1.12452e+10
2024-06-01,570980,1.33441e+12,5.91442e+08,67714.4,1.97064e+07,4.11859e+09
2024-06-02,536181,1.33623e+12,5.87248e+08,67805.5,1.97069e+07,6.19268e+09
2024-06-03,689745,1.35652e+12,6.58556e+08,68833.3,1.97074e+07,1.30694e+10
2024-06-04,637180,1.39046e+12,5.6208e+08,70554.1,1.97078e+07,1.37041e+10
2024-06-05,592424,1.401e+12,5.15939e+08,71087.4,1.97082e+07,1.36049e+10
2024-06-06,624088,1.39514e+12,5.54746e+08,70788.5,1.97086e+07,1.04375e+10
2024-06-07,583336,1.36659e+12,5.90944e+08,69338.2,1.9709e+07,1.58283e+10
2024-06-08,772154,1.36607e+12,7.15791e+08,69310.1,1.97096e+07,5.66324e+09
2024-06-09,609844,1.37269e+12,6.36721e+08,69644,1.971e+07,5.17231e+09
2024-06-10,684041,1.36921e+12,5.78459e+08,69465.9,1.97105e+07,8.75302e+09
2024-06-11,684207,1.32789e+12,5.11874e+08,67368.3,1.97109e+07,1.82961e+10
2024-06-12,677849,1.34458e+12,6.0759e+08,68213.8,1.97113e+07,1.6808e+10
2024-06-13,613255,1.31642e+12,6.03429e+08,66783.5,1.97118e+07,1.36134e+10
2024-06-14,606488,1.30065e+12,5.32682e+08,65982.2,1.97122e+07,1.2995e+10
2024-06-15,635369,1.30507e+12,5.57651e+08,66204.9,1.97126e+07,4.95802e+09
2024-06-16,735939,1.31334e+12,6.78337e+08,66622.6,1.97131e+07,4.64684e+09
2024-06-17,724644,1.31063e+12,5.82621e+08,66483.9,1.97135e+07,1.29467e+10
2024-06-18,733498,1.28362e+12,6.3256e+08,65112.1,1.9714e+07,1.71549e+10
2024-06-19,622245,1.27905e+12,5.70136e+08,64878.7,1.97144e+07,8.32052e+09
2024-06-20,661281,1.27945e+12,5.53313e+08,64897.7,1.97148e+07,1.04872e+10
2024-06-21,719280,1.26347e+12,5.82333e+08,64086,1.97153e+07,1.08235e+10
2024-06-22,639305,1.2669e+12,6.32247e+08,64258.1,1.97158e+07,2.93998e+09
2024-06-23,511478,1.24892e+12,4.65866e+08,63345,1.97161e+07,3.65469e+09
2024-06-24,756391,1.1881e+12,6.32247e+08,60259,1.97166e+07,1.93493e+10
2024-06-25,631668,1.21732e+12,5.1578e+08,61739.7,1.9717e+07,1.19616e+10
2024-06-26,659381,1.19871e+12,5.03302e+08,60794.5,1.97174e+07,8.93174e+09
2024-06-27,741302,1.21402e+12,5.40738e+08,61569.9,1.97178e+07,8.65707e+09
2024-06-28,752964,1.18907e+12,5.61535e+08,60303.3,1.97182e+07,1.02814e+10
2024-06-29,720705,1.20066e+12,6.53045e+08,60889.3,1.97187e+07,4.18853e+09
2024-06-30,653363,1.23763e+12,5.03302e+08,62763.3,1.9719e+07,6.27471e+09
2024-07-01,907181,1.23908e+12,5.86492e+08,62835.4,1.97195e+07,1.0282e+10
2024-07-02,750376,1.2232e+12,6.15609e+08,62028.6,1.972e+07,8.01215e+09
2024-07-03,769767,1.18749e+12,6.0313e+08,60216.4,1.97204e+07,1.18751e+10
2024-07-04,715636,1.13234e+12,5.82333e+08,57418.2,1.97208e+07,1.68687e+10
2024-07-05,694964,1.11861e+12,4.80653e+08,56721,1.97212e+07,2.18811e+10
2024-07-06,720587,1.14897e+12,6.52035e+08,58259.2,1.97217e+07,7.71468e+09
2024-07-07,594423,1.10666e+12,5.57194e+08,56112.6,1.97222e+07,7.56948e+09
2024-07-08,798942,1.11812e+12,6.28325e+08,56691.9,1.97227e+07,1.60275e+10
2024-07-09,762581,1.14358e+12,6.08566e+08,57981.4,1.97232e+07,1.09633e+10
2024-07-10,646708,1.13848e+12,5.37435e+08,57722,1.97236e+07,1.00089e+10
2024-07-11,646553,1.13034e+12,5.53242e+08,57307.7,1.9724e+07,1.13214e+10
2024-07-12,708446,1.14124e+12,5.92759e+08,57859.1,1.97245e+07,1.00576e+10
2024-07-13,601071,1.17026e+12,6.08566e+08,59329,1.9725e+07,6.04128e+09
2024-07-14,751254,1.20355e+12,6.59939e+08,61015,1.97255e+07,8.24256e+09
2024-07-15,787506,1.27696e+12,6.04614e+08,64734.8,1.9726e+07,1.47842e+10
2024-07-16,746639,1.28456e+12,5.80904e+08,65118.8,1.97264e+07,1.59558e+10
2024-07-17,729938,1.2665e+12,6.28325e+08,64201.4,1.97269e+07,1.23722e+10
2024-07-18,764574,1.26224e+12,5.15737e+08,63984.3,1.97273e+07,1.04447e+10
2024-07-19,755308,1.31694e+12,5.99556e+08,66755.8,1.97278e+07,1.43441e+10
2024-07-20,673407,1.32546e+12,6.72971e+08,67185.5,1.97283e+07,6.32751e+09
2024-07-21,607493,1.34268e+12,6.89286e+08,68056.6,1.97288e+07,9.87584e+09
2024-07-22,749350,1.33243e+12,7.30072e+08,67535.2,1.97294e+07,2.35967e+10
2024-07-23,671794,1.30053e+12,6.89286e+08,65916.4,1.97299e+07,1.39785e+10
2024-07-24,681137,1.28945e+12,5.71006e+08,65353.4,1.97304e+07,1.02052e+10
2024-07-25,713877,1.29675e+12,6.64814e+08,65722.1,1.97309e+07,1.43833e+10
2024-07-26,715636,1.34e+12,6.52578e+08,67912.2,1.97314e+07,1.13598e+10
2024-07-27,694649,1.34329e+12,6.28107e+08,68077.4,1.97318e+07,1.29413e+10
2024-07-28,578686,1.34516e+12,6.03635e+08,68170.7,1.97323e+07,6.29323e+09
2024-07-29,794379,1.31948e+12,7.25993e+08,66867.2,1.97329e+07,1.55658e+10
2024-07-30,673555,1.30609e+12,6.11792e+08,66186.9,1.97333e+07,1.13939e+10
2024-07-31,740485,1.27659e+12,6.15358e+08,64690.6,1.97338e+07,1.2081e+10
2024-08-01,772675,1.28624e+12,6.30988e+08,65178.1,1.97342e+07,1.70402e+10
2024-08-02,764749,1.21381e+12,5.63382e+08,61506.8,1.97346e+07,1.50387e+10
2024-08-03,692352,1.19768e+12,6.08453e+08,60688.2,1.9735e+07,1.30958e+10
2024-08-04,668340,1.1507e+12,6.44509e+08,58306.3,1.97355e+07,1.31291e+10
2024-08-05,817104,1.07252e+12,7.03101e+08,54343.6,1.9736e+07,4.88824e+10
2024-08-06,729981,1.10618e+12,6.30988e+08,56047.5,1.97364e+07,2.04012e+10
2024-08-07,714826,1.08808e+12,5.49861e+08,55129.7,1.97368e+07,1.77385e+10
2024-08-08,722252,1.2219e+12,5.8141e+08,61908.8,1.97372e+07,1.88378e+10
2024-08-09,705635,1.19848e+12,5.85917e+08,60720.9,1.97376e+07,1.41663e+10
2024-08-10,594175,1.20148e+12,5.8141e+08,60871.6,1.9738e+07,6.4901e+09
2024-08-11,630696,1.16134e+12,7.25636e+08,58836.1,1.97385e+07,9.55497e+09
2024-08-12,714520,1.17238e+12,6.17467e+08,59394.2,1.97389e+07,1.5257e+10
2024-08-13,706882,1.19495e+12,6.71551e+08,60536.2,1.97394e+07,1.24789e+10
2024-08-14,662757,1.1615e+12,5.938e+08,58840.6,1.97398e+07,1.31166e+10
2024-08-15,715632,1.13791e+12,6.90945e+08,57644.2,1.97403e+07,1.53862e+10
2024-08-16,700335,1.16327e+12,6.13213e+08,58927.3,1.97407e+07,1.2231e+10
2024-08-17,612305,1.17292e+12,6.43442e+08,59414.7,1.97412e+07,5.48327e+09
2024-08-18,588717,1.16068e+12,6.73671e+08,58793.2,1.97417e+07,7.07906e+09
2024-08-19,687027,1.17291e+12,5.61393e+08,59411.5,1.97421e+07,1.06459e+10
2024-08-20,696903,1.16725e+12,6.47761e+08,59123.3,1.97426e+07,1.2753e+10
2024-08-21,711700,1.20695e+12,6.34805e+08,61133,1.9743e+07,1.32475e+10
2024-08-22,719227,1.1924e+12,6.90945e+08,60394.5,1.97435e+07,1.17419e+10
2024-08-23,694990,1.26573e+12,7.08218e+08,64106.8,1.9744e+07,1.77353e+10
2024-08-24,611271,1.26411e+12,6.60716e+08,64023.2,1.97445e+07,8.33204e+09
2024-08-25,539499,1.27351e+12,5.74348e+08,64498,1.97449e+07,7.34425e+09
2024-08-26,656542,1.24363e+12,5.78666e+08,62983.4,1.97454e+07,1.17652e+10
2024-08-27,685194,1.17582e+12,6.13213e+08,59548,1.97458e+07,1.61962e+10
2024-08-28,740845,1.16702e+12,7.0444e+08,59100.8,1.97463e+07,1.62692e+10
2024-08-29,723280,1.17177e+12,5.87091e+08,59339.8,1.97467e+07,1.34907e+10
2024-08-30,826297,1.16791e+12,6.31568e+08,59142.9,1.97472e+07,1.32777e+10
2024-08-31,670825,1.16432e+12,6.53806e+08,58959.9,1.97476e+07,4.3457e+09
2024-09-01,660770,1.13253e+12,6.31568e+08,57349.1,1.97481e+07,9.81681e+09
2024-09-02,717673,1.16831e+12,7.42759e+08,59159,1.97486e+07,1.10479e+10
2024-09-03,699302,1.13829e+12,6.62701e+08,57637.8,1.9749e+07,1.10397e+10
2024-09-04,699461,1.14613e+12,6.71597e+08,58033.4,1.97495e+07,1.46481e+10
2024-09-05,734546,1.10823e+12,6.89387e+08,56113,1.975e+07,1.32168e+10
2024-09-06,726287,1.06334e+12,6.44911e+08,53839,1.97505e+07,2.12291e+10
2024-09-07,606660,1.06786e+12,7.0273e+08,54066.4,1.9751e+07,6.88654e+09
2024-09-08,596940,1.08355e+12,7.42759e+08,54859.3,1.97515e+07,6.82991e+09
2024-09-09,736827,1.12854e+12,6.44911e+08,57135.8,1.97519e+07,1.41703e+10
2024-09-10,733172,1.13901e+12,6.0933e+08,57664.5,1.97524e+07,1.21221e+10
2024-09-11,662704,1.13399e+12,4.96254e+08,57409.2,1.97527e+07,1.61864e+10
2024-09-12,775748,1.14815e+12,7.00223e+08,58124.6,1.97532e+07,1.36331e+10
2024-09-13,794367,1.19582e+12,5.66628e+08,60536.9,1.97536e+07,1.35831e+10
2024-09-14,688474,1.18538e+12,6.40335e+08,60007.2,1.9754e+07,5.89678e+09
2024-09-15,643849,1.16808e+12,6.95616e+08,59129.9,1.97545e+07,6.97891e+09
2024-09-16,746172,1.15027e+12,5.75841e+08,58227.5,1.97548e+07,1.30716e+10
2024-09-17,732953,1.19003e+12,6.91009e+08,60238.2,1.97553e+07,1.58411e+10
2024-09-18,720313,1.21115e+12,6.35729e+08,61306.2,1.97557e+07,1.76135e+10
2024-09-19,746741,1.24453e+12,5.62021e+08,62994.6,1.97561e+07,1.76597e+10
2024-09-20,822445,1.24771e+12,6.67976e+08,63154,1.97566e+07,1.46735e+10
2024-09-21,665209,1.25196e+12,6.21908e+08,63367.7,1.9757e+07,5.11997e+09
2024-09-22,595289,1.25602e+12,6.26515e+08,63572,1.97574e+07,7.72557e+09
2024-09-23,796781,1.25139e+12,6.72582e+08,63336,1.97579e+07,1.32152e+10
2024-09-24,749184,1.27131e+12,6.67976e+08,64342.8,1.97583e+07,1.27004e+10
2024-09-25,713234,1.24598e+12,6.55945e+08,63059.6,1.97588e+07,1.02912e+10
2024-09-26,721855,1.28549e+12,5.71299e+08,65057.8,1.97592e+07,1.58975e+10
2024-09-27,751618,1.29955e+12,6.02061e+08,65767.7,1.97596e+07,1.36172e+10
2024-09-28,649697,1.29963e+12,5.66904e+08,65770.5,1.976e+07,4.8808e+09
2024-09-29,680061,1.29664e+12,6.81164e+08,65617.8,1.97605e+07,4.85678e+09
2024-09-30,732082,1.25008e+12,6.02061e+08,63260,1.97609e+07,1.54467e+10
2024-10-01,863700,1.20265e+12,6.89953e+08,60858.2,1.97614e+07,2.32708e+10
2024-10-02,711643,1.19927e+12,6.81164e+08,60686.1,1.97619e+07,1.82448e+10
2024-10-03,737116,1.20087e+12,6.94348e+08,60765.2,1.97624e+07,1.67644e+10
2024-10-04,784413,1.22634e+12,7.42689e+08,62052.5,1.97629e+07,1.34421e+10
2024-10-05,608641,1.22593e+12,6.63586e+08,62030.5,1.97634e+07,4.75759e+09
2024-10-06,610738,1.24097e+12,6.6798e+08,62789.9,1.97639e+07,5.50121e+09
2024-10-07,719501,1.23362e+12,6.81164e+08,62416.5,1.97644e+07,1.51523e+10
2024-10-08,822783,1.22792e+12,7.33899e+08,62126.3,1.97649e+07,1.23277e+10
2024-10-09,668278,1.19808e+12,5.75873e+08,60615.3,1.97653e+07,1.18462e+10
2024-10-10,679738,1.19032e+12,7.09251e+08,60221.1,1.97658e+07,1.2477e+10
2024-10-11,718986,1.23465e+12,6.40613e+08,62462.5,1.97662e+07,1.22848e+10
2024-10-12,606243,1.24931e+12,6.54341e+08,63202.9,1.97667e+07,5.93101e+09
2024-10-13,609844,1.24057e+12,6.31462e+08,62759.4,1.97671e+07,6.61753e+09
2024-10-14,722649,1.30643e+12,6.36038e+08,66089.8,1.97675e+07,1.75411e+10
2024-10-15,787245,1.32315e+12,7.13826e+08,66934,1.9768e+07,1.94343e+10
2024-10-16,614677,1.33759e+12,6.45189e+08,67663,1.97684e+07,1.52955e+10
2024-10-17,765780,1.3312e+12,7.18402e+08,67337.9,1.97689e+07,1.2482e+10
2024-10-18,723986,1.35204e+12,6.2231e+08,68390.5,1.97694e+07,1.40488e+10
2024-10-19,685573,1.35143e+12,7.91615e+08,68357.9,1.97699e+07,4.14734e+09
2024-10-20,688498,1.36441e+12,7.91615e+08,69012.4,1.97704e+07,5.86674e+09
2024-10-21,717571,1.33336e+12,7.82464e+08,67440.5,1.9771e+07,1.4198e+10
2024-10-22,639877,1.3331e+12,6.39026e+08,67425.8,1.97714e+07,1.20998e+10
2024-10-23,740774,1.31774e+12,7.18143e+08,66647.3,1.97719e+07,1.31002e+10
2024-10-24,656927,1.34711e+12,6.9912e+08,68131,1.97723e+07,1.22059e+10
2024-10-25,859095,1.31018e+12,7.27655e+08,66261.5,1.97728e+07,1.68431e+10
2024-10-26,727063,1.32527e+12,6.94364e+08,67023.3,1.97733e+07,6.85846e+09
2024-10-27,654362,1.34462e+12,7.65702e+08,68000.1,1.97738e+07,5.91115e+09
2024-10-28,756668,1.38148e+12,7.98994e+08,69862.5,1.97743e+07,1.54721e+10
2024-10-29,831182,1.43721e+12,7.46679e+08,72678.8,1.97748e+07,2.22758e+10
2024-10-30,794409,1.43273e+12,8.0375e+08,72450.3,1.97753e+07,1.59184e+10
2024-10-31,789382,1.39157e+12,7.51435e+08,70367.1,1.97758e+07,1.51277e+10
2024-11-01,819093,1.37413e+12,7.27655e+08,69483.6,1.97763e+07,1.89175e+10
2024-11-02,690705,1.36937e+12,6.70584e+08,69241.7,1.97767e+07,5.74721e+09
2024-11-03,627617,1.35954e+12,6.27781e+08,68742.8,1.97771e+07,1.29524e+10
2024-11-04,811710,1.34051e+12,7.22004e+08,67779.1,1.97776e+07,1.6389e+10
2024-11-05,768957,1.37533e+12,7.02352e+08,69538,1.97781e+07,1.8346e+10
2024-11-06,894241,1.49716e+12,7.73092e+08,75696,1.97785e+07,4.63846e+10
2024-11-07,792482,1.50266e+12,7.88251e+08,75972.3,1.9779e+07,2.35087e+10
2024-11-08,848426,1.51328e+12,7.17511e+08,76507.4,1.97795e+07,1.9702e+10
2024-11-09,654475,1.51908e+12,7.02352e+08,76799.3,1.97799e+07,8.87419e+09
2024-11-10,793243,1.59052e+12,7.47828e+08,80409.3,1.97804e+07,2.87915e+10
2024-11-11,941403,1.75772e+12,6.87193e+08,88860,1.97808e+07,4.56521e+10
2024-11-12,1.00778e+06,1.74171e+12,7.37722e+08,88048.7,1.97812e+07,5.29899e+10
2024-11-13,859128,1.78766e+12,6.97299e+08,90369.4,1.97817e+07,4.97982e+10
2024-11-14,839766,1.72508e+12,6.41717e+08,87204.3,1.97821e+07,3.42673e+10
2024-11-15,886479,1.80296e+12,7.57934e+08,91139.1,1.97825e+07,2.82512e+10
2024-11-16,802492,1.7917e+12,7.93304e+08,90567.7,1.9783e+07,1.44101e+10
2024-11-17,717710,1.77523e+12,7.57934e+08,89733,1.97835e+07,1.61868e+10
2024-11-18,796834,1.79219e+12,7.89337e+08,90587.7,1.9784e+07,2.79105e+10
2024-11-19,757888,1.82521e+12,8.89846e+08,92254.1,1.97845e+07,2.79836e+10
2024-11-20,750264,1.86296e+12,7.47471e+08,94160,1.9785e+07,2.79778e+10
2024-11-21,977195,1.94977e+12,7.32216e+08,98545.6,1.97854e+07,3.94817e+10
2024-11-22,902930,1.95758e+12,7.27131e+08,98938.3,1.97859e+07,3.02877e+10
2024-11-23,877099,1.93326e+12,7.01707e+08,97707,1.97863e+07,1.57666e+10
2024-11-24,790852,1.93871e+12,6.81368e+08,97980.2,1.97867e+07,1.8458e+10
2024-11-25,956417,1.847e+12,8.59337e+08,93343,1.97873e+07,3.18514e+10
2024-11-26,790710,1.81801e+12,7.06792e+08,91875.6,1.97877e+07,3.40615e+10
2024-11-27,800136,1.89944e+12,6.76283e+08,95989.1,1.97881e+07,2.55593e+10
2024-11-28,754947,1.89452e+12,7.22046e+08,95737.9,1.97886e+07,1.72539e+10
2024-11-29,767132,1.92742e+12,6.15265e+08,97398.9,1.97889e+07,1.93925e+10
2024-11-30,828664,1.90896e+12,8.33913e+08,96463.6,1.97895e+07,1.01532e+10
2024-12-01,739652,1.92892e+12,8.03404e+08,97469.6,1.97899e+07,1.25928e+10
2024-12-02,925715,1.89446e+12,6.49988e+08,95726.4,1.97903e+07,2.82079e+10
2024-12-03,918415,1.90014e+12,8.11042e+08,96010.9,1.97908e+07,2.72851e+10
2024-12-04,887569,1.95776e+12,7.59383e+08,98920.3,1.97913e+07,2.95498e+10
2024-12-05,968792,1.91881e+12,8.0071e+08,96949.7,1.97918e+07,5.75696e+10
2024-12-06,872253,1.97829e+12,7.02559e+08,99953.1,1.97922e+07,3.09475e+10
2024-12-07,798958,1.97882e+12,7.33554e+08,99977.7,1.97926e+07,1.20512e+10
2024-12-08,851865,1.99512e+12,7.54217e+08,100799,1.97931e+07,1.14654e+10
2024-12-09,915304,1.9277e+12,8.62701e+08,97390.2,1.97936e+07,3.43265e+10
2024-12-10,985635,1.91677e+12,7.95544e+08,96835.5,1.97941e+07,3.43445e+10
2024-12-11,858578,2.00539e+12,7.33554e+08,101310,1.97945e+07,2.55487e+10
2024-12-12,883811,1.9813e+12,7.64549e+08,100091,1.9795e+07,2.46272e+10
2024-12-13,936834,2.00509e+12,8.78198e+08,101290,1.97955e+07,1.77567e+10
2024-12-14,774578,2.00666e+12,8.21374e+08,101367,1.9796e+07,1.21792e+10
2024-12-15,789756,2.06975e+12,7.07725e+08,104551,1.97965e+07,1.44008e+10
2024-12-16,952348,2.09562e+12,7.97499e+08,105856,1.97969e+07,2.85116e+10
2024-12-17,829977,2.10081e+12,7.33678e+08,106116,1.97974e+07,2.32422e+10
2024-12-18,890898,1.98908e+12,7.76835e+08,100470,1.97978e+07,3.58011e+10
2024-12-19,861604,1.93423e+12,7.8223e+08,97697,1.97983e+07,3.82368e+10
2024-12-20,882836,1.9327e+12,8.14598e+08,97617.4,1.97987e+07,3.97743e+10
2024-12-21,744752,1.92236e+12,7.8223e+08,97093,1.97992e+07,1.71599e+10
2024-12-22,758970,1.88392e+12,8.36177e+08,95149.1,1.97997e+07,1.47773e+10
2024-12-23,804969,1.87706e+12,7.49862e+08,94800.8,1.98001e+07,2.53404e+10
2024-12-24,763920,1.95308e+12,7.12099e+08,98637.7,1.98005e+07,1.9288e+10
2024-12-25,702219,1.96496e+12,8.14598e+08,99235.4,1.9801e+07,1.31102e+10
2024-12-26,739743,1.89357e+12,7.06704e+08,95628.3,1.98014e+07,1.78268e+10
2024-12-27,846364,1.86573e+12,8.52361e+08,94220,1.98019e+07,1.99939e+10
2024-12-28,704798,1.88367e+12,7.71441e+08,95123.6,1.98023e+07,8.0314e+09
2024-12-29,727603,1.85072e+12,8.53363e+08,93457.6,1.98028e+07,1.00528e+10
2024-12-30,812462,1.83227e+12,8.6771e+08,92523.2,1.98033e+07,2.31454e+10
2024-12-31,780332,1.84947e+12,7.03991e+08,93389.7,1.98037e+07,1.76591e+10
2025-01-01,661798,1.87062e+12,7.64022e+08,94455.8,1.98042e+07,9.10808e+09
2025-01-02,806065,1.91811e+12,9.11369e+08,96851.4,1.98047e+07,1.8328e+10
2025-01-03,774077,1.94329e+12,7.74936e+08,98120.7,1.98051e+07,1.41691e+10
2025-01-04,699568,1.9455e+12,8.13137e+08,98230,1.98056e+07,7.73863e+09
2025-01-05,672568,1.94921e+12,8.51338e+08,98414.8,1.98061e+07,6.60775e+09
2025-01-06,765227,2.02382e+12,7.2582e+08,102180,1.98065e+07,2.09214e+10
2025-01-07,780759,1.92078e+12,7.31278e+08,96975,1.98069e+07,2.44011e+10
2025-01-08,739012,1.88247e+12,6.82162e+08,95039.3,1.98073e+07,2.70495e+10
2025-01-09,742304,1.82917e+12,8.29509e+08,92346.2,1.98078e+07,2.45838e+10
2025-01-10,797315,1.87701e+12,7.74936e+08,94759.1,1.98082e+07,2.52015e+10
2025-01-11,680515,1.87403e+12,7.53107e+08,94606.5,1.98087e+07,6.30785e+09
2025-01-12,706797,1.86907e+12,9.3992e+08,94353.8,1.98092e+07,7.22757e+09
2025-01-13,730319,1.86955e+12,7.02796e+08,94375.7,1.98096e+07,3.10904e+10
2025-01-14,790420,1.91305e+12,8.45551e+08,96569.5,1.98101e+07,2.17158e+10
2025-01-15,804761,1.98447e+12,7.63193e+08,100172,1.98105e+07,2.21471e+10
2025-01-16,787871,1.98065e+12,7.02796e+08,99977.7,1.98109e+07,2.17665e+10
2025-01-17,844973,2.06626e+12,8.23589e+08,104297,1.98114e+07,2.86032e+10
2025-01-18,730835,2.06831e+12,7.13777e+08,104398,1.98118e+07,1.8953e+10
2025-01-19,777201,2.00014e+12,8.23589e+08,100955,1.98123e+07,3.17442e+10
2025-01-20,852334,2.03257e+12,8.3457e+08,102589,1.98127e+07,5.13176e+10
2025-01-21,864025,2.09995e+12,7.30249e+08,105988,1.98131e+07,3.94549e+10
2025-01-22,830610,2.05648e+12,8.23589e+08,103791,1.98136e+07,2.35012e+10
2025-01-23,797154,2.06432e+12,7.46721e+08,104185,1.9814e+07,4.59869e+10
2025-01-24,778133,2.0749e+12,7.68683e+08,104716,1.98145e+07,2.19805e+10
2025-01-25,674223,2.07791e+12,7.02796e+08,104866,1.98149e+07,8.26116e+09
2025-01-26,652111,2.03767e+12,7.52211e+08,102833,1.98153e+07,7.8372e+09
2025-01-27,800741,2.01938e+12,8.41019e+08,101907,1.98158e+07,4.15544e+10
2025-01-28,754559,2.00418e+12,7.95345e+08,101138,1.98163e+07,2.05563e+10
2025-01-29,732357,2.05933e+12,8.32962e+08,103919,1.98167e+07,2.09592e+10
2025-01-30,768553,2.08056e+12,7.79223e+08,104987,1.98172e+07,1.71574e+10
2025-01-31,767144,2.02661e+12,6.71744e+08,102263,1.98176e+07,1.90219e+10
2025-02-01,732561,1.99391e+12,9.88807e+08,100610,1.98182e+07,9.59907e+09
2025-02-02,762118,1.93083e+12,9.18945e+08,97424.8,1.98187e+07,2.65528e+10
2025-02-03,872269,2.01328e+12,8.22214e+08,101582,1.98192e+07,5.4468e+10
2025-02-04,807567,1.93931e+12,7.03987e+08,97848.1,1.98196e+07,3.25614e+10
2025-02-05,755489,1.91381e+12,7.73849e+08,96559.3,1.982e+07,2.07498e+10
2025-02-06,753978,1.9135e+12,7.79223e+08,96541.3,1.98205e+07,2.02224e+10
2025-02-07,753607,1.91043e+12,9.29693e+08,96384.1,1.9821e+07,2.41126e+10
2025-02-08,655694,1.91483e+12,8.59832e+08,96603.3,1.98215e+07,7.9735e+09
2025-02-09,630935,1.90905e+12,7.968e+08,96309.8,1.9822e+07,1.08811e+10
2025-02-10,784554,1.93021e+12,7.88865e+08,97375.2,1.98224e+07,1.58952e+10
2025-02-11,778968,1.89915e+12,7.03735e+08,95806.3,1.98228e+07,1.54797e+10
2025-02-12,713585,1.93785e+12,7.54813e+08,97756.5,1.98232e+07,2.10807e+10
2025-02-13,752473,1.91368e+12,8.96695e+08,96534.7,1.98237e+07,1.4625e+10
2025-02-14,734111,1.93116e+12,8.62643e+08,97414.4,1.98242e+07,1.37491e+10
2025-02-15,651702,1.93456e+12,9.08046e+08,97583.2,1.98247e+07,6.07474e+09
2025-02-16,607272,1.90683e+12,8.56968e+08,96182.3,1.98252e+07,5.61705e+09
2025-02-17,722465,1.8991e+12,7.77514e+08,95790.5,1.98256e+07,1.09401e+10
2025-02-18,752996,1.89227e+12,7.9454e+08,95444,1.9826e+07,1.59629e+10
2025-02-19,680832,1.91618e+12,7.15086e+08,96647.9,1.98264e+07,1.14592e+10
2025-02-20,692965,1.9508e+12,7.37787e+08,98392.2,1.98268e+07,1.33948e+10
2025-02-21,718521,1.90438e+12,7.32112e+08,96049,1.98272e+07,2.18973e+10
2025-02-22,629577,1.91546e+12,7.88865e+08,96605.7,1.98277e+07,6.65908e+09
2025-02-23,515136,1.90531e+12,7.27639e+08,96091.6,1.98281e+07,5.79245e+09
2025-02-24,713984,1.82163e+12,7.1453e+08,91869.7,1.98285e+07,1.84126e+10
2025-02-25,837361,1.76021e+12,8.07969e+08,88769.7,1.98289e+07,3.56331e+10
2025-02-26,827083,1.66543e+12,8.62933e+08,83987.9,1.98294e+07,2.6396e+10
2025-02-27,890859,1.67811e+12,8.24458e+08,84625.4,1.98299e+07,2.11396e+10
2025-02-28,915297,1.67059e+12,8.57436e+08,84243.8,1.98304e+07,3.48974e+10
2025-03-01,796043,1.70236e+12,7.9148e+08,85844.4,1.98308e+07,1.10799e+10
2025-03-02,691454,1.87064e+12,6.92545e+08,94328,1.98312e+07,2.51901e+10
2025-03-03,804674,1.71179e+12,8.24458e+08,86315.9,1.98317e+07,3.18017e+10
2025-03-04,752956,1.73182e+12,8.02472e+08,87323.7,1.98321e+07,3.02709e+10
2025-03-05,735786,1.79721e+12,7.36516e+08,90619.4,1.98326e+07,2.07276e+10
2025-03-06,825264,1.78938e+12,9.34386e+08,90222.1,1.98331e+07,2.1109e+10
2025-03-07,863520,1.71666e+12,7.80487e+08,86553.6,1.98335e+07,3.02904e+10
2025-03-08,673352,1.70912e+12,7.53005e+08,86171.3,1.9834e+07,6.91594e+09
2025-03-09,664954,1.59961e+12,8.78405e+08,80647.8,1.98345e+07,1.30933e+10
2025-03-10,800739,1.56708e+12,8.58547e+08,79006,1.98349e+07,2.49327e+10
2025-03-11,782819,1.64132e+12,7.69348e+08,82747.2,1.98354e+07,2.30511e+10
2025-03-12,745460,1.65888e+12,8.52972e+08,83630.2,1.98358e+07,1.7001e+10
2025-03-13,764889,1.60893e+12,8.86422e+08,81110.3,1.98363e+07,1.31871e+10
2025-03-14,779781,1.66839e+12,7.91647e+08,84105.8,1.98368e+07,1.27654e+10
2025-03-15,663845,1.67332e+12,7.35898e+08,84352.9,1.98372e+07,4.4884e+09
2025-03-16,682615,1.63645e+12,8.08372e+08,82492.1,1.98377e+07,8.08735e+09
2025-03-17,777796,1.66668e+12,7.80497e+08,84013.9,1.98381e+07,9.55369e+09
2025-03-18,728748,1.64027e+12,7.91647e+08,82680.8,1.98385e+07,1.01492e+10
2025-03-19,757656,1.72151e+12,8.47397e+08,86774.2,1.9839e+07,1.40451e+10
2025-03-20,813034,1.66899e+12,7.91647e+08,84125,1.98395e+07,1.19061e+10
2025-03-21,769088,1.66793e+12,8.08372e+08,84069.4,1.98399e+07,7.66303e+09
2025-03-22,644074,1.66304e+12,8.36247e+08,83821.2,1.98404e+07,2.96986e+09
2025-03-23,610837,1.70157e+12,8.76971e+08,85760.9,1.98409e+07,4.35099e+09
2025-03-24,809888,1.7326e+12,8.70857e+08,87322.6,1.98413e+07,1.34116e+10
2025-03-25,725387,1.73463e+12,8.42583e+08,87422.8,1.98418e+07,1.17391e+10
2025-03-26,759292,1.72304e+12,8.59547e+08,86836.7,1.98423e+07,1.0823e+10
2025-03-27,778898,1.73051e+12,8.36928e+08,87211.3,1.98427e+07,9.74447e+09
2025-03-28,830965,1.67296e+12,8.70857e+08,84309.1,1.98432e+07,1.3793e+10
2025-03-29,665765,1.63705e+12,7.97343e+08,82497.2,1.98437e+07,6.64784e+09
2025-03-30,611195,1.63151e+12,7.74724e+08,82216.5,1.98441e+07,5.85837e+09
2025-03-31,770064,1.63641e+12,8.36928e+08,82461.4,1.98446e+07,1.21885e+10
2025-04-01,807365,1.69132e+12,7.63414e+08,85226.7,1.9845e+07,1.17814e+10
2025-04-02,769838,1.63836e+12,9.72646e+08,82555.6,1.98455e+07,1.95696e+10
2025-04-03,792583,1.64586e+12,8.59547e+08,82931.7,1.9846e+07,1.32066e+10
2025-04-04,820433,1.66263e+12,1.01788e+09,83774.2,1.98466e+07,1.72782e+10
2025-04-05,736838,1.6533e+12,9.50908e+08,83302.2,1.98471e+07,4.90483e+09
2025-04-06,645459,1.5471e+12,8.75827e+08,77949.1,1.98475e+07,1.32183e+10
2025-04-07,791618,1.57636e+12,8.75827e+08,79421.8,1.9848e+07,3.2546e+10
2025-04-08,736263,1.51546e+12,9.24148e+08,76351.4,1.98485e+07,1.75291e+10
2025-04-09,743091,1.64191e+12,7.91264e+08,82720.6,1.98489e+07,2.91556e+10
2025-04-10,745006,1.57919e+12,8.69787e+08,79559,1.98493e+07,1.55334e+10
2025-04-11,762968,1.65468e+12,8.93947e+08,83359.9,1.98498e+07,1.46892e+10
2025-04-12,651244,1.69261e+12,8.69787e+08,85269.2,1.98502e+07,8.18617e+09
2025-04-13,599557,1.65891e+12,1.03891e+09,83569,1.98508e+07,1.03373e+10
2025-04-14,731158,1.6792e+12,8.99988e+08,84589,1.98512e+07,1.24834e+10
2025-04-15,764894,1.66102e+12,8.69787e+08,83671.3,1.98517e+07,1.04895e+10
2025-04-16,715957,1.67059e+12,8.93947e+08,84151.5,1.98521e+07,1.10031e+10
2025-04-17,734302,1.68629e+12,9.24148e+08,84940.6,1.98526e+07,7.81408e+09
2025-04-18,669757,1.67629e+12,8.21465e+08,84434.8,1.9853e+07,3.43418e+09
2025-04-19,618431,1.69002e+12,8.47825e+08,85124.7,1.98535e+07,4.12564e+09
2025-04-20,563502,1.6896e+12,7.535e+08,85101.7,1.98539e+07,4.65869e+09
2025-04-21,680575,1.73448e+12,7.71878e+08,87360.7,1.98543e+07,1.48958e+10
2025-04-22,792265,1.85633e+12,9.49532e+08,93495.6,1.98547e+07,2.01463e+10
2025-04-23,716670,1.86034e+12,6.98366e+08,93695.7,1.98551e+07,1.6741e+10
2025-04-24,771761,1.86344e+12,8.63768e+08,93849.9,1.98555e+07,1.18641e+10
2025-04-25,818112,1.88178e+12,8.82146e+08,94771.4,1.9856e+07,1.5299e+10
2025-04-26,636351,1.88029e+12,8.1476e+08,94694.5,1.98564e+07,5.64742e+09
2025-04-27,614897,1.86283e+12,8.27012e+08,93812.9,1.98568e+07,5.80816e+09
2025-04-28,801464,1.88775e+12,8.63768e+08,95066,1.98573e+07,1.24328e+10
2025-04-29,738376,1.86867e+12,8.94398e+08,94102.8,1.98577e+07,1.01715e+10
2025-04-30,797218,1.87137e+12,8.08634e+08,94236.7,1.98581e+07,1.10369e+10
2025-05-01,783416,1.9146e+12,8.27012e+08,96411.7,1.98586e+07,1.25084e+10
2025-05-02,931165,1.92319e+12,9.74036e+08,96842.1,1.98591e+07,9.85116e+09
2025-05-03,686500,1.9054e+12,9.98934e+08,95943.6,1.98596e+07,4.87955e+09
2025-05-04,613491,1.87434e+12,8.23061e+08,94377.8,1.986e+07,6.28001e+09
2025-05-05,758965,1.88385e+12,1.03623e+09,94853.7,1.98605e+07,9.71225e+09
2025-05-06,787857,1.92012e+12,8.1714e+08,96677.9,1.9861e+07,1.01653e+10
2025-05-07,846613,1.92929e+12,8.94116e+08,97137.4,1.98615e+07,4.85417e+10
2025-05-08,852697,2.04716e+12,9.41487e+08,103070,1.98619e+07,2.20207e+10
2025-05-09,863281,2.04465e+12,8.28982e+08,102941,1.98624e+07,1.59836e+10
2025-05-10,664831,2.07731e+12,8.88195e+08,104583,1.98629e+07,8.13162e+09
2025-05-11,615305,2.06531e+12,8.82274e+08,103976,1.98633e+07,1.00132e+10
2025-05-12,758453,2.04438e+12,8.58589e+08,102920,1.98638e+07,1.78301e+10
2025-05-13,808191,2.06877e+12,7.69769e+08,104146,1.98642e+07,1.34135e+10
2025-05-14,790244,2.05743e+12,8.52667e+08,103573,1.98646e+07,1.10078e+10
2025-05-15,754318,2.06033e+12,8.6451e+08,103716,1.98651e+07,1.23804e+10
2025-05-16,829195,2.0574e+12,8.05297e+08,103566,1.98655e+07,1.02152e+10
2025-05-17,740377,2.04997e+12,8.53949e+08,103190,1.9866e+07,6.75142e+09
2025-05-18,601421,2.10616e+12,9.79723e+08,106016,1.98665e+07,1.10539e+10
2025-05-19,718046,2.09826e+12,8.52722e+08,105616,1.98669e+07,1.68025e+10
2025-05-20,739140,2.12369e+12,8.95056e+08,106893,1.98674e+07,1.40101e+10
2025-05-21,796779,2.1796e+12,8.70865e+08,109705,1.98678e+07,2.42099e+10
2025-05-22,868642,2.21486e+12,9.07151e+08,111477,1.98683e+07,1.84751e+10
2025-05-23,809410,2.13176e+12,9.3739e+08,107292,1.98688e+07,1.84778e+10
2025-05-24,644711,2.14423e+12,8.52722e+08,107917,1.98692e+07,8.7309e+09
2025-05-25,625162,2.1641e+12,9.13199e+08,108915,1.98697e+07,9.84217e+09
2025-05-26,745729,2.17324e+12,9.25294e+08,109372,1.98702e+07,1.04705e+10
2025-05-27,706571,2.16721e+12,8.52722e+08,109066,1.98706e+07,1.50241e+10
2025-05-28,782052,2.144e+12,9.91819e+08,107895,1.98711e+07,1.14262e+10
2025-05-29,765279,2.10108e+12,9.6158e+08,105733,1.98716e+07,1.58133e+10
2025-05-30,834229,2.06633e+12,9.38713e+08,103981,1.98721e+07,1.56613e+10
2025-05-31,711975,2.08084e+12,1.01628e+09,104709,1.98726e+07,7.4611e+09
2025-06-01,689965,2.10157e+12,8.39539e+08,105750,1.9873e+07,6.34356e+09
2025-06-02,771787,2.10459e+12,8.39539e+08,105900,1.98734e+07,1.10072e+10
2025-06-03,864048,2.09638e+12,9.08975e+08,105484,1.98739e+07,1.0582e+10
2025-06-04,720304,2.08248e+12,7.95353e+08,104783,1.98743e+07,9.64507e+09
2025-06-05,781431,2.02064e+12,8.45851e+08,101669,1.98747e+07,1.64485e+10
2025-06-06,781673,2.07538e+12,8.45851e+08,104421,1.98751e+07,1.24086e+10
2025-06-07,653737,2.10055e+12,9.02662e+08,105685,1.98756e+07,5.98694e+09
2025-06-08,611460,2.10145e+12,9.65786e+08,105728,1.9876e+07,5.47334e+09
2025-06-09,744523,2.19035e+12,8.83725e+08,110198,1.98765e+07,1.35568e+10
2025-06-10,824315,2.18794e+12,1.06678e+09,110074,1.9877e+07,1.31452e+10
2025-06-11,755087,2.1596e+12,8.90038e+08,108646,1.98774e+07,1.16263e+10
2025-06-12,780705,2.10704e+12,9.34224e+08,105999,1.98779e+07,1.41131e+10
2025-06-13,811764,2.1076e+12,9.15287e+08,106025,1.98784e+07,1.91833e+10
2025-06-14,631338,2.09656e+12,9.49075e+08,105467,1.98788e+07,6.34567e+09
2025-06-15,599893,2.09752e+12,8.54617e+08,105513,1.98793e+07,6.24705e+09
2025-06-16,722329,2.13198e+12,9.17456e+08,107244,1.98797e+07,1.25975e+10
2025-06-17,712578,2.08002e+12,7.41506e+08,104628,1.98801e+07,1.50673e+10
2025-06-18,751671,2.08374e+12,8.79753e+08,104813,1.98805e+07,1.1868e+10
2025-06-19,716269,2.08172e+12,7.98061e+08,104710,1.98809e+07,6.72479e+09
2025-06-20,778947,2.05325e+12,9.48876e+08,103275,1.98814e+07,1.24608e+10
2025-06-21,658427,2.01896e+12,8.86036e+08,101548,1.98818e+07,7.93123e+09
2025-06-22,595271,2.00609e+12,6.72382e+08,100899,1.98822e+07,1.92577e+10
2025-06-23,691705,2.09754e+12,6.72382e+08,105497,1.98825e+07,1.97417e+10
2025-06-24,757208,2.10687e+12,7.35222e+08,105964,1.98829e+07,1.24643e+10
2025-06-25,748961,2.13358e+12,8.98604e+08,107305,1.98833e+07,1.22574e+10
2025-06-26,764181,2.12782e+12,9.8658e+08,107013,1.98838e+07,9.44346e+09
2025-06-27,731987,2.12941e+12,7.22654e+08,107091,1.98842e+07,9.61456e+09
2025-06-28,636115,2.13476e+12,9.11172e+08,107358,1.98846e+07,2.88854e+09
2025-06-29,545712,2.15477e+12,9.92911e+08,108361,1.98851e+07,4.83114e+09
2025-06-30,759866,2.1308e+12,8.43036e+08,107153,1.98856e+07,8.62919e+09
2025-07-01,796482,2.09929e+12,7.79081e+08,105566,1.9886e+07,9.76267e+09
2025-07-02,794995,2.16618e+12,8.89548e+08,108927,1.98865e+07,1.30979e+10
2025-07-03,798168,2.18025e+12,8.7792e+08,109632,1.9887e+07,1.13135e+10
2025-07-04,693948,2.14946e+12,9.24432e+08,108081,1.98875e+07,8.21367e+09
2025-07-05,561792,2.15277e+12,9.12804e+08,108245,1.98879e+07,2.97035e+09
2025-07-06,613042,2.17142e+12,9.30246e+08,109180,1.98884e+07,4.87435e+09
2025-07-07,686261,2.15296e+12,8.7792e+08,108249,1.98889e+07,9.14034e+09
2025-07-08,795709,2.16708e+12,8.25594e+08,108957,1.98894e+07,8.18644e+09
2025-07-09,779022,2.21607e+12,9.53502e+08,111417,1.98899e+07,1.31486e+10
2025-07-10,829216,2.30478e+12,9.94201e+08,115874,1.98904e+07,1.8917e+10
2025-07-11,845548,2.33954e+12,8.72106e+08,117619,1.98909e+07,2.06399e+10
2025-07-12,673470,2.33489e+12,9.20456e+08,117382,1.98913e+07,7.3118e+09
2025-07-13,655163,2.36513e+12,8.59946e+08,118900,1.98918e+07,8.45711e+09
2025-07-14,797345,2.3845e+12,9.10162e+08,119871,1.98922e+07,2.17321e+10
2025-07-15,753728,2.34159e+12,1.02942e+09,117711,1.98927e+07,2.60591e+10
2025-07-16,735726,2.36192e+12,8.22284e+08,118730,1.98931e+07,1.62643e+10
2025-07-17,811618,2.37732e+12,8.53669e+08,119502,1.98936e+07,1.65803e+10
2025-07-18,757713,2.34667e+12,9.03885e+08,117959,1.9894e+07,1.85514e+10
2025-07-19,655287,2.34573e+12,8.91331e+08,117909,1.98945e+07,5.92035e+09
2025-07-20,625098,2.33379e+12,9.3527e+08,117306,1.98949e+07,9.65459e+09
2025-07-21,733805,2.33637e+12,9.41547e+08,117432,1.98954e+07,1.47439e+10
2025-07-22,730808,2.38886e+12,9.41547e+08,120068,1.98959e+07,1.77793e+10
2025-07-23,738717,2.36071e+12,8.78777e+08,118651,1.98963e+07,1.38124e+10
2025-07-24,719805,2.35532e+12,9.22716e+08,118377,1.98968e+07,1.41653e+10
2025-07-25,749904,2.33833e+12,1.00432e+09,117520,1.98973e+07,2.61725e+10
2025-07-26,652309,2.3476e+12,9.70368e+08,117983,1.98977e+07,5.97491e+09
2025-07-27,615345,2.3766e+12,8.69132e+08,119438,1.98982e+07,7.47922e+09
2025-07-28,728095,2.34849e+12,9.19884e+08,118023,1.98986e+07,1.20914e+10
2025-07-29,715626,2.34552e+12,7.10531e+08,117871,1.9899e+07,1.22692e+10
2025-07-30,733090,2.34281e+12,8.69132e+08,117733,1.98994e+07,1.28262e+10
2025-07-31,752871,2.30537e+12,9.7698e+08,115848,1.98999e+07,1.36787e+10
2025-08-01,838177,2.25436e+12,9.57948e+08,113282,1.99004e+07,2.23809e+10
2025-08-02,693800,2.23975e+12,9.19884e+08,112546,1.99008e+07,9.00563e+09
2025-08-03,621756,2.274e+12,9.83324e+08,114264,1.99013e+07,6.13655e+09
2025-08-04,728238,2.29269e+12,1.08483e+09,115200,1.99018e+07,9.335e+09
2025-08-05,798131,2.27107e+12,8.75476e+08,114111,1.99023e+07,1.1081e+10
2025-08-06,838450,2.2895e+12,9.1354e+08,115035,1.99027e+07,9.20253e+09
2025-08-07,810557,2.33753e+12,1.02139e+09,117445,1.99032e+07,1.13717e+10
2025-08-08,960615,2.32356e+12,8.70937e+08,116741,1.99036e+07,1.02208e+10
2025-08-09,767705,2.31905e+12,7.46374e+08,116512,1.9904e+07,7.56766e+09
2025-08-10,651290,2.37239e+12,8.68625e+08,119189,1.99044e+07,1.07343e+10
2025-08-11,760684,2.36355e+12,9.45836e+08,118742,1.99049e+07,1.97997e+10
2025-08-12,721420,2.39171e+12,8.81494e+08,120154,1.99053e+07,1.43923e+10
2025-08-13,753168,2.45723e+12,1.00374e+09,123443,1.99058e+07,1.89667e+10
2025-08-14,803997,2.3591e+12,1.04235e+09,118510,1.99063e+07,2.59538e+10
2025-08-15,734665,2.33528e+12,8.62191e+08,117311,1.99067e+07,1.4257e+10
2025-08-16,642573,2.33835e+12,9.78008e+08,117462,1.99072e+07,5.88695e+09
2025-08-17,569807,2.34118e+12,9.78008e+08,117602,1.99077e+07,5.63882e+09
2025-08-18,701698,2.31558e+12,9.90876e+08,116313,1.99082e+07,1.62333e+10
2025-08-19,670399,2.2474e+12,8.62191e+08,112886,1.99086e+07,1.65012e+10
2025-08-20,726389,2.27515e+12,9.07231e+08,114277,1.9909e+07,1.44752e+10
2025-08-21,702511,2.23677e+12,9.58705e+08,112347,1.99095e+07,1.19566e+10
2025-08-22,767825,2.3255e+12,9.39651e+08,116801,1.99099e+07,1.89571e+10
2025-08-23,662164,2.29528e+12,9.80002e+08,115280,1.99104e+07,8.29106e+09
2025-08-24,610390,2.26021e+12,1.05737e+09,113516,1.99109e+07,1.40437e+10
2025-08-25,705894,2.19203e+12,9.09081e+08,110090,1.99114e+07,2.1453e+10
2025-08-26,710999,2.22804e+12,9.67107e+08,111895,1.99118e+07,1.6665e+10
2025-08-27,703023,2.21529e+12,9.67107e+08,111252,1.99123e+07,1.34974e+10
2025-08-28,696912,2.23981e+12,1.02513e+09,112481,1.99128e+07,1.19431e+10
2025-08-29,777455,2.16006e+12,1.06382e+09,108473,1.99133e+07,1.81457e+10
2025-08-30,633372,2.16555e+12,1.01869e+09,108746,1.99138e+07,8.11025e+09
2025-08-31,579281,2.15704e+12,8.51054e+08,108316,1.99142e+07,7.41575e+09
2025-09-01,724476,2.17055e+12,1.03803e+09,108992,1.99147e+07,1.43465e+10
2025-09-02,741440,2.2134e+12,1.05092e+09,111141,1.99152e+07,1.68373e+10
2025-09-03,757257,2.22619e+12,8.83291e+08,111781,1.99157e+07,1.15202e+10
2025-09-04,768977,2.20871e+12,9.02633e+08,110901,1.99161e+07,1.22595e+10
2025-09-05,811569,2.20498e+12,9.59169e+08,110711,1.99165e+07,1.78495e+10
2025-09-06,613246,2.19572e+12,9.46761e+08,110244,1.9917e+07,4.88595e+09
2025-09-07,594567,2.21697e+12,1.04144e+09,111308,1.99175e+07,5.50336e+09
2025-09-08,732824,2.23305e+12,1.08201e+09,112112,1.9918e+07,1.18816e+10
2025-09-09,725526,2.22064e+12,1.12935e+09,111486,1.99185e+07,1.38745e+10
2025-09-10,687721,2.26939e+12,1.14964e+09,113931,1.9919e+07,1.58422e+10
2025-09-11,722040,2.29962e+12,1.01439e+09,115446,1.99195e+07,1.31427e+10
2025-09-12,721666,2.31367e+12,8.11509e+08,116149,1.99199e+07,1.45482e+10
2025-09-13,684987,2.31007e+12,9.53524e+08,115966,1.99203e+07,7.32714e+09
2025-09-14,646063,2.29878e+12,1.03467e+09,115396,1.99208e+07,6.75166e+09
2025-09-15,773239,2.29933e+12,1.1023e+09,115421,1.99213e+07,1.35472e+10
2025-09-16,747555,2.32684e+12,1.08201e+09,116799,1.99218e+07,1.1803e+10
2025-09-17,698218,2.32244e+12,8.6561e+08,116576,1.99222e+07,1.67974e+10
2025-09-18,729042,2.33124e+12,1.08917e+09,117014,1.99227e+07,1.33376e+10
2025-09-19,759748,2.30337e+12,1.18875e+09,115612,1.99232e+07,1.05669e+10
2025-09-20,711626,2.30623e+12,1.08261e+09,115753,1.99237e+07,4.44295e+09
2025-09-21,660574,2.29767e+12,1.14629e+09,115321,1.99242e+07,4.64963e+09
2025-09-22,747221,2.24606e+12,1.06138e+09,112728,1.99247e+07,2.02514e+10
2025-09-23,674195,2.23266e+12,1.01893e+09,112052,1.99251e+07,1.30648e+10
2025-09-24,682109,2.25806e+12,1.08261e+09,113325,1.99256e+07,1.31254e+10
2025-09-25,741811,2.17525e+12,9.977e+08,109166,1.9926e+07,2.28125e+10
2025-09-26,728767,2.18531e+12,9.34017e+08,109669,1.99264e+07,1.71866e+10
2025-09-27,635310,2.18488e+12,1.09676e+09,109645,1.99269e+07,5.76467e+09
2025-09-28,652543,2.23526e+12,1.16752e+09,112170,1.99274e+07,8.41798e+09
2025-09-29,740289,2.27858e+12,9.90624e+08,114341,1.99279e+07,1.58859e+10
2025-09-30,745290,2.27127e+12,1.13922e+09,113972,1.99284e+07,1.70086e+10
2025-10-01,885196,2.35944e+12,1.07902e+09,118393,1.99288e+07,1.95756e+10
2025-10-02,804780,2.40265e+12,1.01976e+09,120559,1.99293e+07,1.96496e+10
2025-10-03,797887,2.43835e+12,8.84796e+08,122348,1.99296e+07,2.34812e+10
2025-10-04,743257,2.43904e+12,1.00477e+09,122380,1.99301e+07,9.40661e+09
2025-10-05,677933,2.46189e+12,1.11724e+09,123524,1.99305e+07,1.94727e+10
2025-10-06,768110,2.48787e+12,9.22287e+08,124824,1.99309e+07,2.03496e+10
2025-10-07,767705,2.42341e+12,1.03476e+09,121588,1.99313e+07,2.24914e+10
2025-10-08,759929,2.45939e+12,1.10974e+09,123390,1.99318e+07,1.86801e+10
2025-10-09,719972,2.42382e+12,8.99793e+08,121603,1.99322e+07,2.09843e+10
2025-10-10,745662,2.26743e+12,9.89772e+08,113755,1.99326e+07,4.79081e+10
2025-10-11,718136,2.21137e+12,1.10225e+09,110940,1.99331e+07,2.85428e+10
2025-10-12,695884,2.2954e+12,1.08725e+09,115153,1.99335e+07,2.65089e+10
2025-10-13,680803,2.29903e+12,1.13974e+09,115332,1.9934e+07,2.10839e+10
2025-10-14,706371,2.25912e+12,1.26721e+09,113327,1.99345e+07,2.7504e+10
2025-10-15,695775,2.21005e+12,1.07975e+09,110863,1.9935e+07,2.10554e+10
2025-10-16,740169,2.15572e+12,1.12325e+09,108135,1.99354e+07,2.76552e+10
2025-10-17,772447,2.12568e+12,1.15963e+09,106626,1.99359e+07,2.94176e+10
2025-10-18,608801,2.13607e+12,1.20339e+09,107144,1.99364e+07,9.10574e+09
2025-10-19,595209,2.16727e+12,1.01377e+09,108707,1.99369e+07,1.28082e+10
2025-10-20,679663,2.20587e+12,1.0867e+09,110640,1.99373e+07,1.82268e+10
2025-10-21,733522,2.16725e+12,1.09399e+09,108700,1.99378e+07,2.89527e+10
2025-10-22,695833,2.14671e+12,1.11587e+09,107668,1.99383e+07,2.31435e+10
2025-10-23,679681,2.19448e+12,1.03565e+09,110061,1.99387e+07,1.66338e+10
2025-10-24,734616,2.21376e+12,1.3055e+09,111025,1.99393e+07,1.46212e+10
2025-10-25,595504,2.22557e+12,1.16693e+09,111615,1.99398e+07,5.86524e+09
2025-10-26,584836,2.2843e+12,1.07211e+09,114557,1.99403e+07,1.11806e+10
2025-10-27,726782,2.27499e+12,1.07211e+09,114088,1.99407e+07,1.6241e+10
2025-10-28,693980,2.25297e+12,1.18151e+09,112981,1.99412e+07,2.96429e+10
2025-10-29,667087,2.19769e+12,9.32048e+08,110206,1.99416e+07,1.99321e+10
2025-10-30,708971,2.15414e+12,1.24055e+09,108020,1.99421e+07,2.08632e+10
2025-10-31,723709,2.18479e+12,1.08548e+09,109554,1.99425e+07,1.68316e+10
2025-11-01,683092,2.19383e+12,1.06998e+09,110005,1.9943e+07,5.65988e+09
2025-11-02,575622,2.20154e+12,1.20179e+09,110389,1.99435e+07,8.3667e+09
2025-11-03,772175,2.12394e+12,1.10099e+09,106496,1.99439e+07,2.13967e+10
2025-11-04,779122,2.02135e+12,1.0157e+09,101350,1.99443e+07,3.21589e+10
2025-11-05,747953,2.07258e+12,1.06998e+09,103916,1.99447e+07,2.14994e+10
2025-11-06,737224,2.01928e+12,1.08548e+09,101242,1.99452e+07,1.86185e+10
2025-11-07,752529,2.06295e+12,1.10099e+09,103428,1.99456e+07,2.09413e+10
2025-11-08,622449,2.04117e+12,9.30415e+08,102335,1.9946e+07,8.84148e+09
2025-11-09,607063,2.0881e+12,1.09324e+09,104686,1.99464e+07,1.10378e+10
2025-11-10,723219,2.11601e+12,1.08548e+09,106082,1.99469e+07,1.58482e+10
2025-11-11,717240,2.05407e+12,1.18628e+09,102974,1.99474e+07,1.71792e+10
2025-11-12,666761,2.02833e+12,1.08569e+09,101682,1.99478e+07,1.58946e+10
2025-11-13,715565,1.99553e+12,1.13542e+09,100035,1.99483e+07,2.52266e+10
2025-11-14,804891,1.8852e+12,1.09e+09,94502.5,1.99487e+07,3.0181e+10
2025-11-15,735457,1.90597e+12,1.08243e+09,95541.3,1.99492e+07,1.04813e+10
2025-11-16,599175,1.87891e+12,1.20354e+09,94182.3,1.99497e+07,1.46126e+10
2025-11-17,722706,1.83364e+12,9.38612e+08,91911.5,1.995e+07,2.32565e+10
2025-11-18,783873,1.85213e+12,1.00674e+09,92836.4,1.99505e+07,2.48728e+10
2025-11-19,740835,1.82193e+12,1.03702e+09,91320.5,1.99509e+07,2.12385e+10
2025-11-20,712914,1.73399e+12,9.91598e+08,86911.3,1.99513e+07,2.45048e+10
2025-11-21,798210,1.69486e+12,1.14299e+09,84948,1.99518e+07,3.68028e+10
2025-11-22,653472,1.69145e+12,1.08243e+09,84775,1.99522e+07,1.06019e+10
2025-11-23,587259,1.73334e+12,1.07486e+09,86872.5,1.99527e+07,1.29482e+10
2025-11-24,672046,1.76341e+12,1.08243e+09,88377.6,1.99531e+07,1.82821e+10
2025-11-25,673473,1.74462e+12,8.70487e+08,87434.6,1.99535e+07,1.45518e+10
2025-11-26,719513,1.80482e+12,1.2408e+09,90449.3,1.9954e+07,1.49208e+10
2025-11-27,675201,1.82256e+12,1.06132e+09,91336.2,1.99544e+07,1.21501e+10
2025-11-28,703533,1.8157e+12,1.11327e+09,90990.1,1.99549e+07,1.40662e+10
2025-11-29,630159,1.81278e+12,1.01679e+09,90842.1,1.99553e+07,5.7557e+09
2025-11-30,601718,1.80815e+12,1.23944e+09,90607.7,1.99558e+07,6.57452e+09
2025-12-01,737081,1.72631e+12,9.871e+08,86504.6,1.99563e+07,2.27241e+10
2025-12-02,743961,1.82659e+12,9.42569e+08,91528,1.99567e+07,1.85314e+10
2025-12-03,716757,1.86816e+12,9.79678e+08,93609.1,1.99571e+07,1.86938e+10
2025-12-04,693069,1.84019e+12,9.79678e+08,92205.6,1.99575e+07,1.42721e+10
2025-12-05,712886,1.78183e+12,8.83195e+08,89279.8,1.99579e+07,1.48467e+10
2025-12-06,615281,1.77968e+12,1.20975e+09,89169.6,1.99584e+07,6.14098e+09
2025-12-07,545020,1.79765e+12,1.18749e+09,90067.8,1.99589e+07,9.0719e+09
2025-12-08,666566,1.80978e+12,1.09843e+09,90673.1,1.99593e+07,1.32073e+10
2025-12-09,668386,1.85244e+12,9.57413e+08,92808.9,1.99597e+07,1.58026e+10
2025-12-10,689654,1.83839e+12,1.15038e+09,92102.9,1.99602e+07,1.54425e+10
2025-12-11,656012,1.84884e+12,1.17963e+09,92623.7,1.99607e+07,1.60635e+10
2025-12-12,761375,1.80312e+12,1.06819e+09,90331.6,1.99612e+07,1.28841e+10
2025-12-13,601306,1.80144e+12,1.05346e+09,90245.3,1.99616e+07,4.1685e+09
2025-12-14,564048,1.75858e+12,9.42954e+08,88096.4,1.9962e+07,7.61048e+09
2025-12-15,663223,1.72381e+12,9.87155e+08,86352.6,1.99624e+07,1.52913e+10
2025-12-16,696716,1.75179e+12,1.08292e+09,87752.4,1.99629e+07,1.38078e+10
2025-12-17,675987,1.71803e+12,1.01662e+09,86059.6,1.99633e+07,1.56907e+10
2025-12-18,725880,1.70559e+12,1.06082e+09,85434.2,1.99638e+07,1.82904e+10
2025-12-19,735738,1.76021e+12,1.06819e+09,88168.1,1.99642e+07,1.54311e+10
2025-12-20,613352,1.76273e+12,1.08292e+09,88292.5,1.99647e+07,3.88779e+09
2025-12-21,565021,1.76758e+12,1.01662e+09,88533.4,1.99651e+07,5.53957e+09
2025-12-22,667969,1.76644e+12,1.02399e+09,88474.5,1.99656e+07,1.31942e+10
2025-12-23,672116,1.74435e+12,1.06819e+09,87366,1.9966e+07,1.12504e+10
2025-12-24,667297,1.74958e+12,1.17133e+09,87625.7,1.99665e+07,8.12424e+09
2025-12-25,562104,1.74174e+12,1.01699e+09,87231.3,1.99669e+07,5.71089e+09
2025-12-26,613757,1.74385e+12,1.14971e+09,87334.8,1.99674e+07,1.25377e+10
2025-12-27,569638,1.75109e+12,1.00232e+09,87695.4,1.99678e+07,3.2606e+09
2025-12-28,572908,1.75217e+12,1.14234e+09,87747.6,1.99683e+07,4.02968e+09
2025-12-29,693511,1.73995e+12,1.13497e+09,87133.5,1.99688e+07,1.58626e+10
2025-12-30,749500,1.76584e+12,8.77026e+08,88428.5,1.99692e+07,1.19559e+10
2025-12-31,697063,1.74768e+12,9.80206e+08,87517,1.99696e+07,1.11321e+10
2026-01-01,570904,1.77103e+12,1.11286e+09,88684.2,1.99701e+07,5.09405e+09
2026-01-02,702623,1.79615e+12,1.06128e+09,89940.2,1.99705e+07,1.51379e+10
2026-01-03,618923,1.80934e+12,1.14234e+09,90598.1,1.9971e+07,5.50898e+09
2026-01-04,629824,1.82459e+12,1.06865e+09,91359.8,1.99715e+07,7.45412e+09
2026-01-05,687169,1.87633e+12,9.72836e+08,93948.6,1.99719e+07,1.69073e+10
2026-01-06,698247,1.86889e+12,9.58096e+08,93574.3,1.99723e+07,1.70883e+10
2026-01-07,644966,1.82169e+12,1.08339e+09,91209,1.99727e+07,1.48175e+10
2026-01-08,631893,1.81949e+12,9.64846e+08,91096.9,1.99732e+07,1.36898e+10
2026-01-09,664665,1.8084e+12,1.03393e+09,90539.6,1.99736e+07,1.26676e+10
2026-01-10,608784,1.80578e+12,1.17955e+09,90406.1,1.99741e+07,2.99847e+09
2026-01-11,536405,1.81203e+12,8.88305e+08,90717.2,1.99745e+07,4.39975e+09
2026-01-12,638422,1.82054e+12,1.03393e+09,91141.1,1.99749e+07,1.3448e+10
2026-01-13,701272,1.90374e+12,9.82961e+08,95304.5,1.99753e+07,1.80528e+10
2026-01-14,707589,1.93853e+12,9.02868e+08,97044,1.99757e+07,1.95733e+10
2026-01-15,717904,1.90865e+12,1.01209e+09,95546.1,1.99762e+07,1.55131e+10
2026-01-16,692686,1.90755e+12,9.46555e+08,95489.1,1.99766e+07,9.95036e+09
2026-01-17,572689,1.89996e+12,1.0849e+09,95107,1.9977e+07,3.77197e+09
2026-01-18,567075,1.8831e+12,1.01937e+09,94261.3,1.99775e+07,5.17221e+09
2026-01-19,623139,1.84848e+12,1.09218e+09,92526.2,1.99779e+07,1.07679e+10
2026-01-20,640908,1.76282e+12,9.68398e+08,88236.6,1.99784e+07,1.68701e+10
2026-01-21,698736,1.79009e+12,9.97523e+08,89599.4,1.99788e+07,1.86187e+10
2026-01-22,612517,1.78606e+12,1.16272e+09,89395.7,1.99793e+07,1.12385e+10
2026-01-23,664123,1.78698e+12,9.8593e+08,89439.8,1.99797e+07,1.21954e+10
2026-01-24,562317,1.78192e+12,6.90151e+08,89185,1.998e+07,3.38282e+09
2026-01-25,555249,1.72722e+12,7.60575e+08,86445.7,1.99804e+07,1.04793e+10
2026-01-26,635513,1.76505e+12,8.73253e+08,88337.5,1.99808e+07,1.39725e+10
2026-01-27,624246,1.78352e+12,8.59168e+08,89260.4,1.99811e+07,1.21857e+10
2026-01-28,631786,1.7819e+12,7.7466e+08,89177.8,1.99815e+07,1.27641e+10
2026-01-29,681624,1.68888e+12,9.01422e+08,84520.4,1.99819e+07,2.03109e+10
2026-01-30,733411,1.67885e+12,9.22549e+08,84017,1.99823e+07,2.19081e+10
2026-01-31,702918,1.57269e+12,9.71846e+08,78702.4,1.99827e+07,2.25899e+10
2026-02-01,613261,1.53692e+12,8.38041e+08,76911.1,1.99831e+07,1.76778e+10
2026-02-02,734473,1.57303e+12,8.30998e+08,78716.6,1.99835e+07,2.44373e+10
2026-02-03,741467,1.51248e+12,9.29591e+08,75684.8,1.99839e+07,2.21883e+10
2026-02-04,704812,1.46076e+12,1.00002e+09,73095.2,1.99843e+07,2.22487e+10
2026-02-05,865167,1.26892e+12,8.9438e+08,63494.7,1.99847e+07,4.46304e+10
2026-02-06,856992,1.41191e+12,1.02114e+09,70647.7,1.99852e+07,3.7324e+10
2026-02-07,645574,1.38234e+12,1.11247e+09,69166.3,1.99857e+07,1.84035e+10
2026-02-08,555675,1.40948e+12,1.06365e+09,70522.6,1.99862e+07,1.03481e+10
2026-02-09,682068,1.40395e+12,1.01985e+09,70244.1,1.99867e+07,1.5365e+10
2026-02-10,624916,1.3729e+12,9.00974e+08,68688.8,1.99872e+07,1.24917e+10
2026-02-11,659141,1.33897e+12,9.82312e+08,66989.7,1.99877e+07,1.62886e+10
2026-02-12,653355,1.32365e+12,1.10745e+09,66221.5,1.99882e+07,1.35008e+10
2026-02-13,684978,1.37644e+12,9.44771e+08,68860.8,1.99887e+07,1.21661e+10
2026-02-14,583422,1.39521e+12,1.03862e+09,69798.1,1.99892e+07,7.93148e+09
2026-02-15,532309,1.3719e+12,1.23258e+09,68630,1.99898e+07,9.80572e+09
2026-02-16,592609,1.37429e+12,1.09493e+09,68747.4,1.99904e+07,8.99632e+09
2026-02-17,595445,1.34881e+12,1.03237e+09,67471.1,1.99909e+07,1.02374e+10
2026-02-18,595919,1.32704e+12,9.57285e+08,66380.7,1.99914e+07,9.77352e+09
2026-02-19,616639,1.3381e+12,1.02523e+09,66932.4,1.99919e+07,9.0775e+09
2026-02-20,662947,1.35902e+12,9.83397e+08,67977.3,1.99923e+07,1.3693e+10
2026-02-21,579813,1.35991e+12,8.54192e+08,68020.7,1.99927e+07,5.00239e+09
2026-02-22,525709,1.35054e+12,1.17721e+09,67550,1.99932e+07,4.75298e+09
2026-02-23,684644,1.29339e+12,1.06236e+09,64689.9,1.99936e+07,1.53138e+10
2026-02-24,661423,1.2821e+12,1.18438e+09,64123.8,1.99942e+07,1.37957e+10
2026-02-25,650235,1.36041e+12,1.11978e+09,68038.5,1.99947e+07,1.88215e+10
2026-02-26,693519,1.35005e+12,1.00493e+09,67519.3,1.99951e+07,1.40167e+10
2026-02-27,704075,1.31699e+12,1.01211e+09,65864.1,1.99955e+07,1.24047e+10
2026-02-28,640533,1.33904e+12,1.02647e+09,66965.6,1.9996e+07,1.29126e+10
2026-03-01,602506,1.31444e+12,1.06953e+09,65733.5,1.99964e+07,1.20989e+10
2026-03-02,690831,1.37824e+12,9.76219e+08,68922.6,1.99969e+07,1.65754e+10
2026-03-03,652464,1.36844e+12,9.61863e+08,68431.2,1.99973e+07,2.20362e+10
2026-03-04,697294,1.45318e+12,9.33151e+08,72667.5,1.99977e+07,2.13957e+10
2026-03-05,686708,1.41962e+12,1.193e+09,70987.4,1.99982e+07,1.44646e+10
2026-03-06,672019,1.36444e+12,1.05267e+09,68226.7,1.99987e+07,1.27031e+10
2026-03-07,592224,1.34625e+12,9.51731e+08,67315.6,1.99991e+07,5.39009e+09
2026-03-08,523172,1.32402e+12,9.66151e+08,66202.7,1.99995e+07,8.74351e+09
2026-03-09,627803,1.37057e+12,9.94992e+08,68528.5,1.99999e+07,1.37329e+10
2026-03-10,649875,1.39786e+12,9.94992e+08,69891.8,2.00004e+07,1.4926e+10
2026-03-11,629140,1.40603e+12,1.0022e+09,70298.6,2.00008e+07,1.18061e+10
2026-03-12,640192,1.41085e+12,9.30101e+08,70538.1,2.00012e+07,1.07572e+10
2026-03-13,676568,1.41871e+12,8.7242e+08,70930,2.00016e+07,1.55032e+10
2026-03-14,557544,1.42286e+12,9.22891e+08,71136.2,2.0002e+07,4.91292e+09
2026-03-15,534462,1.45442e+12,9.01261e+08,72712.1,2.00024e+07,6.68509e+09
2026-03-16,701802,1.49469e+12,9.01261e+08,74724,2.00028e+07,1.40742e+10
2026-03-17,679525,1.48195e+12,9.15681e+08,74086,2.00032e+07,1.29758e+10
2026-03-18,625137,1.42533e+12,1.0022e+09,71254,2.00036e+07,1.14411e+10
2026-03-19,603884,1.39926e+12,9.66151e+08,69948.9,2.0004e+07,1.11568e+10
2026-03-20,656663,1.41052e+12,9.56086e+08,70510.4,2.00044e+07,9.58577e+09
2026-03-21,586709,1.39448e+12,9.17823e+08,69707.3,2.00049e+07,4.61414e+09
2026-03-22,545348,1.36073e+12,1.07744e+09,68018.2,2.00054e+07,7.24684e+09
2026-03-23,640101,1.41494e+12,1.06414e+09,70726.2,2.00059e+07,1.32519e+10
2026-03-24,587472,1.41264e+12,8.31362e+08,70610,2.00063e+07,1.01401e+10
2026-03-25,657017,1.42611e+12,1.01759e+09,71281.3,2.00067e+07,8.73145e+09
2026-03-26,623105,1.37496e+12,1.0974e+09,68723,2.00072e+07,9.94361e+09
2026-03-27,640242,1.32479e+12,1.01094e+09,66214.2,2.00077e+07,1.16583e+10
2026-03-28,555352,1.32757e+12,1.15726e+09,66351.1,2.00083e+07,4.91434e+09
2026-03-29,513446,1.31991e+12,9.57729e+08,65966.8,2.00087e+07,5.34529e+09
2026-03-30,631420,1.33363e+12,9.04522e+08,66651.2,2.00091e+07,9.8243e+09
2026-03-31,630351,1.36495e+12,9.04522e+08,68214.9,2.00096e+07,1.12306e+10
2026-04-01,697142,1.36302e+12,1.07744e+09,68116.8,2.00101e+07,8.54186e+09
2026-04-02,653581,1.33887e+12,9.6438e+08,66908.3,2.00105e+07,8.94097e+09
2026-04-03,647348,1.33857e+12,9.00036e+08,66891.7,2.00109e+07,4.53751e+09
2026-04-04,546885,1.34666e+12,8.2897e+08,67295.1,2.00113e+07,2.71385e+09
2026-04-05,496633,1.37925e+12,1.09838e+09,68921.8,2.00118e+07,4.43151e+09
2026-04-06,608673,1.3757e+12,8.84234e+08,68742.9,2.00122e+07,9.17759e+09
2026-04-07,640745,1.44205e+12,9.53315e+08,72057.1,2.00126e+07,1.15643e+10
2026-04-08,632101,1.42263e+12,1.0224e+09,71085.1,2.00131e+07,1.04727e+10
2026-04-09,627910,1.43675e+12,9.94764e+08,71788.7,2.00136e+07,9.62916e+09
2026-04-10,655019,1.45992e+12,8.6351e+08,72945.1,2.00139e+07,9.05523e+09
2026-04-11,567547,1.46343e+12,8.49694e+08,73119.1,2.00143e+07,4.48198e+09
2026-04-12,523902,1.41475e+12,1.07075e+09,70685.4,2.00148e+07,7.0147e+09
2026-04-13,631173,1.4938e+12,1.0224e+09,74632.7,2.00153e+07,1.3131e+10
2026-04-14,648935,1.48464e+12,1.13293e+09,74173.5,2.00158e+07,1.35507e+10
2026-04-15,648996,1.49645e+12,8.6351e+08,74762,2.00162e+07,1.10707e+10
2026-04-16,642428,1.50317e+12,1.05003e+09,75095.7,2.00167e+07,1.00394e+10
2026-04-17,666008,1.54361e+12,9.67334e+08,77114.5,2.00171e+07,1.32332e+10
2026-04-18,571160,1.51717e+12,1.03129e+09,75792.1,2.00176e+07,5.33219e+09
2026-04-19,510705,1.47944e+12,1.06499e+09,73905.2,2.00181e+07,6.91765e+09
2026-04-20,630657,1.51768e+12,8.7626e+08,75814.1,2.00185e+07,9.73018e+09
2026-04-21,627674,1.52359e+12,9.09962e+08,76107.4,2.00189e+07,9.14167e+09
2026-04-22,658718,1.56787e+12,8.83e+08,78317.7,2.00193e+07,1.12295e+10
2026-04-23,624801,1.56621e+12,8.15595e+08,78233.7,2.00197e+07,9.99257e+09
2026-04-24,669638,1.55045e+12,1.00433e+09,77444.3,2.00201e+07,8.03928e+09
2026-04-25,548575,1.55409e+12,9.43664e+08,77624.7,2.00206e+07,2.95091e+09
2026-04-26,527244,1.57243e+12,1.00433e+09,78538.8,2.00211e+07,4.74057e+09
2026-04-27,639267,1.54679e+12,9.30183e+08,77256.3,2.00215e+07,9.16864e+09
2026-04-28,624691,1.52758e+12,9.36924e+08,76295.5,2.00219e+07,7.09522e+09
2026-04-29,631076,1.51759e+12,8.56038e+08,75795,2.00223e+07,9.3327e+09
2026-04-30,685346,1.52773e+12,9.43664e+08,76299.6,2.00228e+07,6.75468e+09
2026-05-01,751425,1.56447e+12,1.06499e+09,78132.6,2.00232e+07,8.89961e+09
2026-05-02,620486,1.57611e+12,8.96832e+08,78712.5,2.00237e+07,3.14251e+09
2026-05-03,583469,1.57488e+12,1.00095e+09,78649.2,2.00241e+07,3.8843e+09
2026-05-04,722079,1.59849e+12,9.81198e+08,79826.1,2.00246e+07,1.26683e+10
2026-05-05,721256,1.62076e+12,9.87783e+08,80936.8,2.00251e+07,8.76377e+09
2026-05-06,727700,1.62937e+12,9.28516e+08,81364.6,2.00255e+07,9.24037e+09
2026-05-07,759390,1.60186e+12,9.35101e+08,79989,2.0026e+07,8.2784e+09
2026-05-08,677277,1.60571e+12,9.68027e+08,80179.7,2.00264e+07,7.13137e+09
2026-05-09,818423,1.61545e+12,1.12607e+09,80663.6,2.0027e+07,3.31569e+09
2026-05-10,525874,1.64739e+12,9.87783e+08,82256.8,2.00274e+07,5.55856e+09
2026-05-11,615823,1.63658e+12,1.08656e+09,81714.7,2.00279e+07,7.77947e+09
2026-05-12,612683,1.6128e+12,8.82419e+08,80525.6,2.00284e+07,7.46557e+09
2026-05-13,643577,1.58812e+12,9.15345e+08,79291.9,2.00288e+07,7.7386e+09
2026-05-14,633568,1.62589e+12,9.94368e+08,81175.8,2.00293e+07,1.06041e+10
2026-05-15,669184,1.58362e+12,9.64723e+08,79063.4,2.00297e+07,8.87978e+09
2026-05-16,572496,1.56565e+12,1.02541e+09,78164.5,2.00302e+07,4.90084e+09
2026-05-17,564015,1.55233e+12,9.50708e+08,77497.7,2.00306e+07,4.49934e+09
2026-05-18,639384,1.54191e+12,9.50708e+08,76975.9,2.00311e+07,1.08485e+10
2026-05-19,631608,1.53857e+12,9.6429e+08,76807.5,2.00315e+07,6.77247e+09
2026-05-20,648310,1.55064e+12,1.0322e+09,77408.2,2.0032e+07,6.80567e+09
2026-05-21,630942,1.55442e+12,8.62428e+08,77595.4,2.00324e+07,6.81204e+09
2026-05-22,671333,1.51383e+12,1.05936e+09,75567.5,2.00329e+07,7.35214e+09
2026-05-23,573855,1.53496e+12,1.11369e+09,76619.9,2.00334e+07,7.54138e+09
